DATE STAMP, SENSOR NAME, DEBIT l/30min, TOTAL LITERS FOR THE DAY,TOTAL LITERS FROM THE START
02-03-2021 00:00, NC64 Kolichestvo [liters/30min], 3110, 3110, 191405600
02-03-2021 00:30, NC64 Kolichestvo [liters/30min], 3100, 6210, 191408700
02-03-2021 01:00, NC64 Kolichestvo [liters/30min], 3110, 9320, 191411810
02-03-2021 01:30, NC64 Kolichestvo [liters/30min], 3120, 12440, 191414930
02-03-2021 02:00, NC64 Kolichestvo [liters/30min], 3110, 15550, 191418040
02-03-2021 02:30, NC64 Kolichestvo [liters/30min], 3100, 18650, 191421140
02-03-2021 03:00, NC64 Kolichestvo [liters/30min], 3090, 21740, 191424230
02-03-2021 03:30, NC64 Kolichestvo [liters/30min], 3110, 24850, 191427340
02-03-2021 04:00, NC64 Kolichestvo [liters/30min], 3100, 27950, 191430440
02-03-2021 04:30, NC64 Kolichestvo [liters/30min], 3090, 31040, 191433530
02-03-2021 05:00, NC64 Kolichestvo [liters/30min], 3070, 34110, 191436600
02-03-2021 05:30, NC64 Kolichestvo [liters/30min], 3100, 37210, 191439700
02-03-2021 06:00, NC64 Kolichestvo [liters/30min], 3110, 40320, 191442810
02-03-2021 06:30, NC64 Kolichestvo [liters/30min], 3100, 43420, 191445910
02-03-2021 07:00, NC64 Kolichestvo [liters/30min], 3090, 46510, 191449000
02-03-2021 07:30, NC64 Kolichestvo [liters/30min], 3090, 49600, 191452090
02-03-2021 08:00, NC64 Kolichestvo [liters/30min], 3100, 52700, 191455190
02-03-2021 08:30, NC64 Kolichestvo [liters/30min], 3100, 55800, 191458290
02-03-2021 09:00, NC64 Kolichestvo [liters/30min], 3100, 58900, 191461390
02-03-2021 09:30, NC64 Kolichestvo [liters/30min], 3110, 62010, 191464500
02-03-2021 10:00, NC64 Kolichestvo [liters/30min], 3100, 65110, 191467600
02-03-2021 10:30, NC64 Kolichestvo [liters/30min], 3120, 68230, 191470720
02-03-2021 11:00, NC64 Kolichestvo [liters/30min], 1880, 70110, 191472600
02-03-2021 11:30, NC64 Kolichestvo [liters/30min], 0, 70110, 191472600
02-03-2021 12:00, NC64 Kolichestvo [liters/30min], 0, 70110, 191472600
02-03-2021 12:30, NC64 Kolichestvo [liters/30min], 0, 70110, 191472600
02-03-2021 13:00, NC64 Kolichestvo [liters/30min], 0, 70110, 191472600
02-03-2021 13:30, NC64 Kolichestvo [liters/30min], 0, 70110, 191472600
02-03-2021 16:30, NC64 Kolichestvo [liters/30min], 10, 70120, 191472610
02-03-2021 17:00, NC64 Kolichestvo [liters/30min], 2670, 72790, 191475280
02-03-2021 17:30, NC64 Kolichestvo [liters/30min], 3100, 75890, 191478380
02-03-2021 18:00, NC64 Kolichestvo [liters/30min], 3110, 79000, 191481490
02-03-2021 00:00, NC65 Kolichestvo [liters/30min], 760, 760, 74157990
02-03-2021 00:30, NC65 Kolichestvo [liters/30min], 740, 1500, 74158730
02-03-2021 01:00, NC65 Kolichestvo [liters/30min], 740, 2240, 74159470
02-03-2021 01:30, NC65 Kolichestvo [liters/30min], 760, 3000, 74160230
02-03-2021 02:00, NC65 Kolichestvo [liters/30min], 740, 3740, 74160970
02-03-2021 02:30, NC65 Kolichestvo [liters/30min], 770, 4510, 74161740
02-03-2021 03:00, NC65 Kolichestvo [liters/30min], 770, 5280, 74162510
02-03-2021 03:30, NC65 Kolichestvo [liters/30min], 760, 6040, 74163270
02-03-2021 04:00, NC65 Kolichestvo [liters/30min], 780, 6820, 74164050
02-03-2021 04:30, NC65 Kolichestvo [liters/30min], 770, 7590, 74164820
02-03-2021 05:00, NC65 Kolichestvo [liters/30min], 760, 8350, 74165580
02-03-2021 05:30, NC65 Kolichestvo [liters/30min], 780, 9130, 74166360
02-03-2021 06:00, NC65 Kolichestvo [liters/30min], 770, 9900, 74167130
02-03-2021 06:30, NC65 Kolichestvo [liters/30min], 780, 10680, 74167910
02-03-2021 07:00, NC65 Kolichestvo [liters/30min], 770, 11450, 74168680
02-03-2021 07:30, NC65 Kolichestvo [liters/30min], 760, 12210, 74169440
02-03-2021 08:00, NC65 Kolichestvo [liters/30min], 780, 12990, 74170220
02-03-2021 08:30, NC65 Kolichestvo [liters/30min], 780, 13770, 74171000
02-03-2021 09:00, NC65 Kolichestvo [liters/30min], 760, 14530, 74171760
02-03-2021 09:30, NC65 Kolichestvo [liters/30min], 770, 15300, 74172530
02-03-2021 10:00, NC65 Kolichestvo [liters/30min], 750, 16050, 74173280
02-03-2021 10:30, NC65 Kolichestvo [liters/30min], 770, 16820, 74174050
02-03-2021 11:00, NC65 Kolichestvo [liters/30min], 470, 17290, 74174520
02-03-2021 11:30, NC65 Kolichestvo [liters/30min], 0, 17290, 74174520
02-03-2021 12:00, NC65 Kolichestvo [liters/30min], 0, 17290, 74174520
02-03-2021 12:30, NC65 Kolichestvo [liters/30min], 0, 17290, 74174520
02-03-2021 13:00, NC65 Kolichestvo [liters/30min], 0, 17290, 74174520
02-03-2021 13:30, NC65 Kolichestvo [liters/30min], 0, 17290, 74174520
02-03-2021 14:00, NC65 Kolichestvo [liters/30min], 0, 17290, 74174520
02-03-2021 14:30, NC65 Kolichestvo [liters/30min], 520, 17810, 74175040
02-03-2021 15:00, NC65 Kolichestvo [liters/30min], 790, 18600, 74175830
02-03-2021 15:30, NC65 Kolichestvo [liters/30min], 740, 19340, 74176570
02-03-2021 16:00, NC65 Kolichestvo [liters/30min], 760, 20100, 74177330
02-03-2021 16:30, NC65 Kolichestvo [liters/30min], 750, 20850, 74178080
02-03-2021 17:00, NC65 Kolichestvo [liters/30min], 750, 21600, 74178830
02-03-2021 17:30, NC65 Kolichestvo [liters/30min], 720, 22320, 74179550
02-03-2021 18:00, NC65 Kolichestvo [liters/30min], 750, 23070, 74180300
02-03-2021 00:00, SK16 Kolichestvo [liters/30min], 1191.334, 1191.334, 169194562.394064
02-03-2021 00:30, SK16 Kolichestvo [liters/30min], 1149.133, 2340.467, 169195711.527064
02-03-2021 01:00, SK16 Kolichestvo [liters/30min], 1168.585, 3509.052, 169196880.112064
02-03-2021 01:30, SK16 Kolichestvo [liters/30min], 1205.51, 4714.562, 169198085.622064
02-03-2021 02:00, SK16 Kolichestvo [liters/30min], 1145.544, 5860.106, 169199231.166064
02-03-2021 02:30, SK16 Kolichestvo [liters/30min], 1120.716, 6980.822, 169200351.882064
02-03-2021 03:00, SK16 Kolichestvo [liters/30min], 1173.318, 8154.14, 169201525.200064
02-03-2021 03:30, SK16 Kolichestvo [liters/30min], 1185.694, 9339.834, 169202710.894064
02-03-2021 04:00, SK16 Kolichestvo [liters/30min], 1158.272, 10498.106, 169203869.166064
02-03-2021 04:30, SK16 Kolichestvo [liters/30min], 1178.053, 11676.159, 169205047.219064
02-03-2021 05:00, SK16 Kolichestvo [liters/30min], 1108.124, 12784.283, 169206155.343064
02-03-2021 05:30, SK16 Kolichestvo [liters/30min], 1234.135, 14018.418, 169207389.478064
02-03-2021 06:00, SK16 Kolichestvo [liters/30min], 1150.175, 15168.593, 169208539.653064
02-03-2021 06:30, SK16 Kolichestvo [liters/30min], 2333.758, 17502.351, 169210873.411064
02-03-2021 07:00, SK16 Kolichestvo [liters/30min], 2606.283, 20108.634, 169213479.694064
02-03-2021 07:30, SK16 Kolichestvo [liters/30min], 2624.751, 22733.385, 169216104.445064
02-03-2021 08:00, SK16 Kolichestvo [liters/30min], 2631.124, 25364.509, 169218735.569064
02-03-2021 08:30, SK16 Kolichestvo [liters/30min], 2640.668, 28005.177, 169221376.237064
02-03-2021 09:00, SK16 Kolichestvo [liters/30min], 2621.276, 30626.453, 169223997.513064
02-03-2021 09:30, SK16 Kolichestvo [liters/30min], 2633.686, 33260.139, 169226631.199064
02-03-2021 10:00, SK16 Kolichestvo [liters/30min], 2619.891, 35880.03, 169229251.090064
02-03-2021 10:30, SK16 Kolichestvo [liters/30min], 2624.351, 38504.381, 169231875.441064
02-03-2021 11:00, SK16 Kolichestvo [liters/30min], 2638.721, 41143.102, 169234514.162064
02-03-2021 11:30, SK16 Kolichestvo [liters/30min], 2620.431, 43763.533, 169237134.593064
02-03-2021 12:00, SK16 Kolichestvo [liters/30min], 2634.009, 46397.542, 169239768.602064
02-03-2021 12:30, SK16 Kolichestvo [liters/30min], 2627.188, 49024.73, 169242395.790064
02-03-2021 13:00, SK16 Kolichestvo [liters/30min], 2641.233, 51665.963, 169245037.023064
02-03-2021 13:30, SK16 Kolichestvo [liters/30min], 2633.86, 54299.823, 169247670.883064
02-03-2021 14:00, SK16 Kolichestvo [liters/30min], 2614.385, 56914.208, 169250285.268064
02-03-2021 14:30, SK16 Kolichestvo [liters/30min], 2626.571, 59540.779, 169252911.839064
02-03-2021 15:00, SK16 Kolichestvo [liters/30min], 2608.938, 62149.717, 169255520.777064
02-03-2021 15:30, SK16 Kolichestvo [liters/30min], 2613.035, 64762.752, 169258133.812064
02-03-2021 16:00, SK16 Kolichestvo [liters/30min], 2408.699, 67171.451, 169260542.511064
02-03-2021 16:30, SK16 Kolichestvo [liters/30min], 1134.36, 68305.811, 169261676.871064
02-03-2021 17:00, SK16 Kolichestvo [liters/30min], 1098.942, 69404.753, 169262775.813064
02-03-2021 17:30, SK16 Kolichestvo [liters/30min], 1054.146, 70458.899, 169263829.959064
02-03-2021 18:00, SK16 Kolichestvo [liters/30min], 1392.684, 71851.583, 169265222.643064
02-03-2021 00:00, SK22 Kolichestvo [liters/30min], 2866.802, 2866.802, 282548962.733161
02-03-2021 00:30, SK22 Kolichestvo [liters/30min], 2873.846, 5740.648, 282551836.579161
02-03-2021 01:00, SK22 Kolichestvo [liters/30min], 2889.443, 8630.091, 282554726.022161
02-03-2021 01:30, SK22 Kolichestvo [liters/30min], 2859.776, 11489.867, 282557585.798161
02-03-2021 02:00, SK22 Kolichestvo [liters/30min], 2868.924, 14358.791, 282560454.722161
02-03-2021 02:30, SK22 Kolichestvo [liters/30min], 2867.591, 17226.382, 282563322.313161
02-03-2021 03:00, SK22 Kolichestvo [liters/30min], 2871.575, 20097.957, 282566193.888161
02-03-2021 03:30, SK22 Kolichestvo [liters/30min], 2867.396, 22965.353, 282569061.284161
02-03-2021 04:00, SK22 Kolichestvo [liters/30min], 2885.822, 25851.175, 282571947.106161
02-03-2021 04:30, SK22 Kolichestvo [liters/30min], 2872.104, 28723.279, 282574819.210161
02-03-2021 05:00, SK22 Kolichestvo [liters/30min], 2863.235, 31586.514, 282577682.445161
02-03-2021 05:30, SK22 Kolichestvo [liters/30min], 2858.448, 34444.962, 282580540.893161
02-03-2021 06:00, SK22 Kolichestvo [liters/30min], 2884.091, 37329.053, 282583424.984161
02-03-2021 06:30, SK22 Kolichestvo [liters/30min], 2889.686, 40218.739, 282586314.670161
02-03-2021 07:00, SK22 Kolichestvo [liters/30min], 2886.246, 43104.985, 282589200.916161
02-03-2021 07:30, SK22 Kolichestvo [liters/30min], 2870.301, 45975.286, 282592071.217161
02-03-2021 08:00, SK22 Kolichestvo [liters/30min], 2880.897, 48856.183, 282594952.114161
02-03-2021 08:30, SK22 Kolichestvo [liters/30min], 2885.894, 51742.077, 282597838.008161
02-03-2021 09:00, SK22 Kolichestvo [liters/30min], 2895.926, 54638.003, 282600733.934161
02-03-2021 09:30, SK22 Kolichestvo [liters/30min], 2865.6, 57503.603, 282603599.534161
02-03-2021 10:00, SK22 Kolichestvo [liters/30min], 2897.624, 60401.227, 282606497.158161
02-03-2021 10:30, SK22 Kolichestvo [liters/30min], 2899.931, 63301.158, 282609397.089161
02-03-2021 11:00, SK22 Kolichestvo [liters/30min], 2893.481, 66194.639, 282612290.570161
02-03-2021 11:30, SK22 Kolichestvo [liters/30min], 2899.257, 69093.896, 282615189.827161
02-03-2021 12:00, SK22 Kolichestvo [liters/30min], 2891.649, 71985.545, 282618081.476161
02-03-2021 12:30, SK22 Kolichestvo [liters/30min], 2900.51, 74886.055, 282620981.986161
02-03-2021 13:00, SK22 Kolichestvo [liters/30min], 2899.37, 77785.425, 282623881.356161
02-03-2021 13:30, SK22 Kolichestvo [liters/30min], 2898.704, 80684.129, 282626780.060161
02-03-2021 14:00, SK22 Kolichestvo [liters/30min], 2872.285, 83556.414, 282629652.345161
02-03-2021 14:30, SK22 Kolichestvo [liters/30min], 2876.443, 86432.857, 282632528.788161
02-03-2021 15:00, SK22 Kolichestvo [liters/30min], 2859.947, 89292.804, 282635388.735161
02-03-2021 15:30, SK22 Kolichestvo [liters/30min], 2865.741, 92158.545, 282638254.476161
02-03-2021 16:00, SK22 Kolichestvo [liters/30min], 2871.575, 95030.12, 282641126.051161
02-03-2021 16:30, SK22 Kolichestvo [liters/30min], 2892.562, 97922.682, 282644018.613161
02-03-2021 17:00, SK22 Kolichestvo [liters/30min], 2877.714, 100800.396, 282646896.327161
02-03-2021 17:30, SK22 Kolichestvo [liters/30min], 2903.184, 103703.58, 282649799.511161
02-03-2021 18:00, SK22 Kolichestvo [liters/30min], 2911.853, 106615.433, 282652711.364161
02-03-2021 00:00, EG53 LOT, 53.86168, 53.86168, 994189.036205002
02-03-2021 01:00, EG53 LOT, 53.86154, 107.72322, 994242.897745002
02-03-2021 02:00, EG53 LOT, 53.86014, 161.58336, 994296.757885002
02-03-2021 03:00, EG53 LOT, 53.85452, 215.43788, 994350.612405002
02-03-2021 04:00, EG53 LOT, 53.84698, 269.28486, 994404.459385002
02-03-2021 05:00, EG53 LOT, 53.84354, 323.1284, 994458.302925002
02-03-2021 06:00, EG53 LOT, 53.83785, 376.96625, 994512.140775002
02-03-2021 07:00, EG53 LOT, 53.83524, 430.80149, 994565.976015002
02-03-2021 08:00, EG53 LOT, 53.83286, 484.63435, 994619.808875002
02-03-2021 09:00, EG53 LOT, 53.83497, 538.46932, 994673.643845002
02-03-2021 10:00, EG53 LOT, 53.83426, 592.30358, 994727.478105002
02-03-2021 11:00, EG53 LOT, 53.83265, 646.13623, 994781.310755002
02-03-2021 12:00, EG53 LOT, 53.82498, 699.96121, 994835.135735002
02-03-2021 13:00, EG53 LOT, 53.81915, 753.78036, 994888.954885002
02-03-2021 14:00, EG53 LOT, 53.80874, 807.5891, 994942.763625002
02-03-2021 15:00, EG53 LOT, 53.80452, 861.39362, 994996.568145002
02-03-2021 16:00, EG53 LOT, 53.80213, 915.19575, 995050.370275002
02-03-2021 17:00, EG53 LOT, 53.79447, 968.99022, 995104.164745002
02-03-2021 18:00, EG53 LOT, 53.79243, 1022.78265, 995157.957175002
02-03-2021 00:00, EG56 LOT, 40.91125, 40.91125, 546650.079858999
02-03-2021 01:00, EG56 LOT, 40.92229, 81.83354, 546691.002148999
02-03-2021 02:00, EG56 LOT, 40.92776, 122.7613, 546731.929908999
02-03-2021 03:00, EG56 LOT, 40.92474, 163.68604, 546772.854648999
02-03-2021 04:00, EG56 LOT, 40.91048, 204.59652, 546813.765128999
02-03-2021 05:00, EG56 LOT, 40.89451, 245.49103, 546854.659638999
02-03-2021 06:00, EG56 LOT, 40.88551, 286.37654, 546895.545148999
02-03-2021 07:00, EG56 LOT, 40.87279, 327.24933, 546936.417938999
02-03-2021 08:00, EG56 LOT, 40.87384, 368.12317, 546977.291779
02-03-2021 09:00, EG56 LOT, 40.88235, 409.00552, 547018.174128999
02-03-2021 10:00, EG56 LOT, 40.89184, 449.89736, 547059.065969
02-03-2021 11:00, EG56 LOT, 40.86871, 490.76607, 547099.934678999
02-03-2021 12:00, EG56 LOT, 40.43407, 531.20014, 547140.368748999
02-03-2021 13:00, EG56 LOT, 40.07698, 571.27712, 547180.445728999
02-03-2021 14:00, EG56 LOT, 39.85755, 611.13467, 547220.303278999
02-03-2021 15:00, EG56 LOT, 39.90417, 651.03884, 547260.207448999
02-03-2021 16:00, EG56 LOT, 40.0793, 691.11814, 547300.286748999
02-03-2021 17:00, EG56 LOT, 40.19615, 731.31429, 547340.482898999
02-03-2021 18:00, EG56 LOT, 40.29022, 771.60451, 547380.773118999
02-03-2021 00:00, SK22 LOT, 51.79387, 51.79387, 1757673.17477
02-03-2021 00:30, SK22 LOT, 51.76028, 103.55415, 1757724.93505
02-03-2021 01:00, SK22 LOT, 51.74136, 155.29551, 1757776.67641
02-03-2021 01:30, SK22 LOT, 51.7653, 207.06081, 1757828.44171001
02-03-2021 02:00, SK22 LOT, 51.72443, 258.78524, 1757880.16614
02-03-2021 02:30, SK22 LOT, 51.71822, 310.50346, 1757931.88436
02-03-2021 03:00, SK22 LOT, 51.75138, 362.25484, 1757983.63574
02-03-2021 03:30, SK22 LOT, 51.72623, 413.98107, 1758035.36197
02-03-2021 04:00, SK22 LOT, 51.7029, 465.68397, 1758087.06487
02-03-2021 04:30, SK22 LOT, 51.69879, 517.38276, 1758138.76366
02-03-2021 05:00, SK22 LOT, 51.7114, 569.09416, 1758190.47506
02-03-2021 05:30, SK22 LOT, 51.69324, 620.7874, 1758242.1683
02-03-2021 06:00, SK22 LOT, 51.76559, 672.55299, 1758293.93389
02-03-2021 06:30, SK22 LOT, 51.72984, 724.28283, 1758345.66373
02-03-2021 07:00, SK22 LOT, 51.67852, 775.96135, 1758397.34225
02-03-2021 07:30, SK22 LOT, 51.67889, 827.64024, 1758449.02114
02-03-2021 08:00, SK22 LOT, 51.81851, 879.45875, 1758500.83965
02-03-2021 08:30, SK22 LOT, 51.69969, 931.15844, 1758552.53934
02-03-2021 09:00, SK22 LOT, 51.73828, 982.89672, 1758604.27762
02-03-2021 09:30, SK22 LOT, 51.7334, 1034.63012, 1758656.01102
02-03-2021 10:00, SK22 LOT, 51.71175, 1086.34187, 1758707.72277
02-03-2021 10:30, SK22 LOT, 51.73882, 1138.08069, 1758759.46159
02-03-2021 11:00, SK22 LOT, 51.71585, 1189.79654, 1758811.17744
02-03-2021 11:30, SK22 LOT, 51.68606, 1241.4826, 1758862.8635
02-03-2021 12:00, SK22 LOT, 51.73605, 1293.21865, 1758914.59955
02-03-2021 12:30, SK22 LOT, 51.73147, 1344.95012, 1758966.33102
02-03-2021 13:00, SK22 LOT, 51.72242, 1396.67254, 1759018.05344
02-03-2021 13:30, SK22 LOT, 51.7709, 1448.44344, 1759069.82434
02-03-2021 14:00, SK22 LOT, 51.72862, 1500.17206, 1759121.55296
02-03-2021 14:30, SK22 LOT, 51.67561, 1551.84767, 1759173.22857
02-03-2021 15:00, SK22 LOT, 51.67919, 1603.52686, 1759224.90776
02-03-2021 15:30, SK22 LOT, 51.71187, 1655.23873, 1759276.61963
02-03-2021 16:00, SK22 LOT, 51.73029, 1706.96902, 1759328.34992
02-03-2021 16:30, SK22 LOT, 51.71053, 1758.67955, 1759380.06045
02-03-2021 17:00, SK22 LOT, 51.66583, 1810.34538, 1759431.72628
02-03-2021 17:30, SK22 LOT, 51.7255, 1862.07088, 1759483.45178
02-03-2021 18:00, SK22 LOT, 51.7082, 1913.77908, 1759535.15998
02-03-2021 00:00, EG46, 91.21117, 91.21117, 1449198.17635
02-03-2021 01:00, EG46, 91.21088, 182.42205, 1449289.38723
02-03-2021 02:00, EG46, 91.21497, 273.63702, 1449380.6022
02-03-2021 03:00, EG46, 91.23219, 364.86921, 1449471.83439
02-03-2021 04:00, EG46, 91.23325, 456.10246, 1449563.06764
02-03-2021 05:00, EG46, 91.2466, 547.34906, 1449654.31424
02-03-2021 06:00, EG46, 91.25034, 638.5994, 1449745.56458
02-03-2021 07:00, EG46, 91.26846, 729.86786, 1449836.83304
02-03-2021 08:00, EG46, 91.26896, 821.13682, 1449928.102
02-03-2021 09:00, EG46, 91.25932, 912.39614, 1450019.36132
02-03-2021 10:00, EG46, 91.25722, 1003.65336, 1450110.61854
02-03-2021 11:00, EG46, 91.26735, 1094.92071, 1450201.88589
02-03-2021 12:00, EG46, 91.27149, 1186.1922, 1450293.15738
02-03-2021 13:00, EG46, 91.27578, 1277.46798, 1450384.43316
02-03-2021 14:00, EG46, 91.29996, 1368.76794, 1450475.73312
02-03-2021 15:00, EG46, 91.32682, 1460.09476, 1450567.05994
02-03-2021 16:00, EG46, 91.3231, 1551.41786, 1450658.38304
02-03-2021 17:00, EG46, 91.33175, 1642.74961, 1450749.71479
02-03-2021 18:00, EG46, 91.32964, 1734.07925, 1450841.04443
02-03-2021 00:00, EG48, 89.54349, 89.54349, 1324494.90052001
02-03-2021 01:00, EG48, 89.53455, 179.07804, 1324584.43507001
02-03-2021 02:00, EG48, 89.52788, 268.60592, 1324673.96295
02-03-2021 03:00, EG48, 89.52134, 358.12726, 1324763.48429
02-03-2021 04:00, EG48, 89.51585, 447.64311, 1324853.00014001
02-03-2021 05:00, EG48, 89.50826, 537.15137, 1324942.50840001
02-03-2021 06:00, EG48, 89.50073, 626.6521, 1325032.00913001
02-03-2021 07:00, EG48, 89.49279, 716.14489, 1325121.50192001
02-03-2021 08:00, EG48, 89.47649, 805.62138, 1325210.97841001
02-03-2021 09:00, EG48, 89.46917, 895.09055, 1325300.44758001
02-03-2021 10:00, EG48, 89.46938, 984.55993, 1325389.91696
02-03-2021 11:00, EG48, 89.46425, 1074.02418, 1325479.38121
02-03-2021 12:00, EG48, 89.45293, 1163.47711, 1325568.83414
02-03-2021 13:00, EG48, 89.44949, 1252.9266, 1325658.28363
02-03-2021 14:00, EG48, 89.44323, 1342.36983, 1325747.72686
02-03-2021 15:00, EG48, 89.43592, 1431.80575, 1325837.16278001
02-03-2021 16:00, EG48, 89.43388, 1521.23963, 1325926.59666
02-03-2021 17:00, EG48, 89.42776, 1610.66739, 1326016.02442001
02-03-2021 18:00, EG48, 89.4189, 1700.08629, 1326105.44332
02-03-2021 00:00, EG49, 65.21394, 65.21394, 1232668.39181
02-03-2021 01:00, EG49, 65.21188, 130.42582, 1232733.60369
02-03-2021 02:00, EG49, 65.21544, 195.64126, 1232798.81913
02-03-2021 03:00, EG49, 65.21608, 260.85734, 1232864.03521
02-03-2021 04:00, EG49, 65.22807, 326.08541, 1232929.26328
02-03-2021 05:00, EG49, 65.22818, 391.31359, 1232994.49146
02-03-2021 06:00, EG49, 65.23325, 456.54684, 1233059.72471
02-03-2021 07:00, EG49, 65.22637, 521.77321, 1233124.95108
02-03-2021 08:00, EG49, 65.22126, 586.99447, 1233190.17234
02-03-2021 09:00, EG49, 65.21725, 652.21172, 1233255.38959
02-03-2021 10:00, EG49, 65.21712, 717.42884, 1233320.60671
02-03-2021 11:00, EG49, 65.21919, 782.64803, 1233385.8259
02-03-2021 12:00, EG49, 65.22916, 847.87719, 1233451.05506
02-03-2021 13:00, EG49, 65.23782, 913.11501, 1233516.29288
02-03-2021 14:00, EG49, 65.25903, 978.37404, 1233581.55191
02-03-2021 15:00, EG49, 65.26675, 1043.64079, 1233646.81866
02-03-2021 16:00, EG49, 65.27591, 1108.9167, 1233712.09457
02-03-2021 17:00, EG49, 65.27823, 1174.19493, 1233777.3728
02-03-2021 18:00, EG49, 65.27611, 1239.47104, 1233842.64891
02-03-2021 00:00, EG59, 132.9198, 132.9198, 1955675.4775
02-03-2021 01:00, EG59, 132.9209, 265.8407, 1955808.3984
02-03-2021 02:00, EG59, 132.9208, 398.7615, 1955941.3192
02-03-2021 03:00, EG59, 132.9249, 531.6864, 1956074.2441
02-03-2021 04:00, EG59, 132.9294, 664.6158, 1956207.1735
02-03-2021 05:00, EG59, 132.934, 797.5498, 1956340.1075
02-03-2021 06:00, EG59, 132.9354, 930.4852, 1956473.0429
02-03-2021 07:00, EG59, 132.9372, 1063.4224, 1956605.9801
02-03-2021 08:00, EG59, 132.9323, 1196.3547, 1956738.9124
02-03-2021 09:00, EG59, 132.9307, 1329.2854, 1956871.8431
02-03-2021 10:00, EG59, 132.9285, 1462.2139, 1957004.7716
02-03-2021 11:00, EG59, 132.9235, 1595.1374, 1957137.6951
02-03-2021 12:00, EG59, 132.9211, 1728.0585, 1957270.6162
02-03-2021 13:00, EG59, 132.9197, 1860.9782, 1957403.5359
02-03-2021 14:00, EG59, 132.8729, 1993.8511, 1957536.4088
02-03-2021 15:00, EG59, 132.8688, 2126.7199, 1957669.2776
02-03-2021 16:00, EG59, 132.8714, 2259.5913, 1957802.149
02-03-2021 17:00, EG59, 132.8724, 2392.4637, 1957935.0214
02-03-2021 18:00, EG59, 132.8733, 2525.337, 1958067.8947
02-03-2021 00:00, EG60, 64.94656, 64.94656, 5669183.83514002
02-03-2021 01:00, EG60, 64.94212, 129.88868, 5669248.77726002
02-03-2021 02:00, EG60, 64.93875, 194.82743, 5669313.71601002
02-03-2021 03:00, EG60, 64.93774, 259.76517, 5669378.65375002
02-03-2021 04:00, EG60, 64.93954, 324.70471, 5669443.59329002
02-03-2021 05:00, EG60, 64.93694, 389.64165, 5669508.53023002
02-03-2021 06:00, EG60, 64.93498, 454.57663, 5669573.46521002
02-03-2021 07:00, EG60, 64.93267, 519.5093, 5669638.39788002
02-03-2021 08:00, EG60, 64.9253, 584.4346, 5669703.32318002
02-03-2021 09:00, EG60, 64.91579, 649.35039, 5669768.23897002
02-03-2021 10:00, EG60, 64.9119, 714.26229, 5669833.15087002
02-03-2021 11:00, EG60, 64.91006, 779.17235, 5669898.06093002
02-03-2021 12:00, EG60, 64.91698, 844.08933, 5669962.97791002
02-03-2021 13:00, EG60, 64.91696, 909.00629, 5670027.89487002
02-03-2021 14:00, EG60, 64.92519, 973.93148, 5670092.82006002
02-03-2021 15:00, EG60, 64.92265, 1038.85413, 5670157.74271002
02-03-2021 16:00, EG60, 64.92461, 1103.77874, 5670222.66732002
02-03-2021 17:00, EG60, 64.91887, 1168.69761, 5670287.58619002
02-03-2021 18:00, EG60, 64.90016, 1233.59777, 5670352.48635002
02-03-2021 00:00, NC83 Kolichestvo [liters/30min], 19.17415, 19.17415, 434546.839754722
02-03-2021 00:30, NC83 Kolichestvo [liters/30min], 18.05234, 37.22649, 434564.892094722
02-03-2021 01:00, NC83 Kolichestvo [liters/30min], 17.50903, 54.73552, 434582.401124722
02-03-2021 01:30, NC83 Kolichestvo [liters/30min], 17.90385, 72.63937, 434600.304974722
02-03-2021 02:00, NC83 Kolichestvo [liters/30min], 19.01836, 91.65773, 434619.323334722
02-03-2021 02:30, NC83 Kolichestvo [liters/30min], 18.16435, 109.82208, 434637.487684722
02-03-2021 03:00, NC83 Kolichestvo [liters/30min], 18.80507, 128.62715, 434656.292754722
02-03-2021 03:30, NC83 Kolichestvo [liters/30min], 17.98711, 146.61426, 434674.279864722
02-03-2021 04:00, NC83 Kolichestvo [liters/30min], 17.17987, 163.79413, 434691.459734722
02-03-2021 04:30, NC83 Kolichestvo [liters/30min], 20.02473, 183.81886, 434711.484464722
02-03-2021 05:00, NC83 Kolichestvo [liters/30min], 17.10391, 200.92277, 434728.588374722
02-03-2021 05:30, NC83 Kolichestvo [liters/30min], 19.06214, 219.98491, 434747.650514722
02-03-2021 06:00, NC83 Kolichestvo [liters/30min], 19.15612, 239.14103, 434766.806634722
02-03-2021 06:30, NC83 Kolichestvo [liters/30min], 17.45496, 256.59599, 434784.261594722
02-03-2021 07:00, NC83 Kolichestvo [liters/30min], 17.53092, 274.12691, 434801.792514722
02-03-2021 07:30, NC83 Kolichestvo [liters/30min], 18.38493, 292.51184, 434820.177444722
02-03-2021 08:00, NC83 Kolichestvo [liters/30min], 18.92824, 311.44008, 434839.105684722
02-03-2021 08:30, NC83 Kolichestvo [liters/30min], 17.03525, 328.47533, 434856.140934722
02-03-2021 09:00, NC83 Kolichestvo [liters/30min], 17.40432, 345.87965, 434873.545254722
02-03-2021 09:30, NC83 Kolichestvo [liters/30min], 18.41755, 364.2972, 434891.962804722
02-03-2021 10:00, NC83 Kolichestvo [liters/30min], 18.08839, 382.38559, 434910.051194722
02-03-2021 10:30, NC83 Kolichestvo [liters/30min], 17.65409, 400.03968, 434927.705284722
02-03-2021 11:00, NC83 Kolichestvo [liters/30min], 16.55374, 416.59342, 434944.259024722
02-03-2021 11:30, NC83 Kolichestvo [liters/30min], 17.76609, 434.35951, 434962.025114722
02-03-2021 12:00, NC83 Kolichestvo [liters/30min], 18.62741, 452.98692, 434980.652524722
02-03-2021 12:30, NC83 Kolichestvo [liters/30min], 17.54894, 470.53586, 434998.201464722
02-03-2021 13:00, NC83 Kolichestvo [liters/30min], 15.85121, 486.38707, 435014.052674722
02-03-2021 13:30, NC83 Kolichestvo [liters/30min], 15.71388, 502.10095, 435029.766554722
02-03-2021 14:00, NC83 Kolichestvo [liters/30min], 16.47048, 518.57143, 435046.237034722
02-03-2021 14:30, NC83 Kolichestvo [liters/30min], 18.52269, 537.09412, 435064.759724722
02-03-2021 15:00, NC83 Kolichestvo [liters/30min], 17.1979, 554.29202, 435081.957624722
02-03-2021 15:30, NC83 Kolichestvo [liters/30min], 16.60051, 570.89253, 435098.558134722
02-03-2021 16:00, NC83 Kolichestvo [liters/30min], 15.93833, 586.83086, 435114.496464722
02-03-2021 16:30, NC83 Kolichestvo [liters/30min], 17.04211, 603.87297, 435131.538574722
02-03-2021 17:00, NC83 Kolichestvo [liters/30min], 17.31763, 621.1906, 435148.856204722
02-03-2021 17:30, NC83 Kolichestvo [liters/30min], 17.23781, 638.42841, 435166.094014722
02-03-2021 18:00, NC83 Kolichestvo [liters/30min], 17.27772, 655.70613, 435183.371734722
02-03-2021 00:00, NC84 Kolichestvo [liters/30min], 0, 0, 254504.09942648
02-03-2021 00:30, NC84 Kolichestvo [liters/30min], 0, 0, 254504.09942648
02-03-2021 01:00, NC84 Kolichestvo [liters/30min], 0, 0, 254504.09942648
02-03-2021 01:30, NC84 Kolichestvo [liters/30min], 0, 0, 254504.09942648
02-03-2021 02:00, NC84 Kolichestvo [liters/30min], 0, 0, 254504.09942648
02-03-2021 02:30, NC84 Kolichestvo [liters/30min], 0.2626419, 0.2626419, 254504.36206838
02-03-2021 03:00, NC84 Kolichestvo [liters/30min], 0, 0.2626419, 254504.36206838
02-03-2021 03:30, NC84 Kolichestvo [liters/30min], 0.2845287, 0.5471706, 254504.64659708
02-03-2021 04:00, NC84 Kolichestvo [liters/30min], 0, 0.5471706, 254504.64659708
02-03-2021 04:30, NC84 Kolichestvo [liters/30min], 0, 0.5471706, 254504.64659708
02-03-2021 05:00, NC84 Kolichestvo [liters/30min], 0, 0.5471706, 254504.64659708
02-03-2021 05:30, NC84 Kolichestvo [liters/30min], 0.001716614, 0.548887214, 254504.648313694
02-03-2021 06:00, NC84 Kolichestvo [liters/30min], 0.4802227, 1.029109914, 254505.128536394
02-03-2021 06:30, NC84 Kolichestvo [liters/30min], 0.6862164, 1.715326314, 254505.814752794
02-03-2021 07:00, NC84 Kolichestvo [liters/30min], 0.3604889, 2.075815214, 254506.175241694
02-03-2021 07:30, NC84 Kolichestvo [liters/30min], 0, 2.075815214, 254506.175241694
02-03-2021 08:00, NC84 Kolichestvo [liters/30min], 0, 2.075815214, 254506.175241694
02-03-2021 08:30, NC84 Kolichestvo [liters/30min], 0, 2.075815214, 254506.175241694
02-03-2021 09:00, NC84 Kolichestvo [liters/30min], 0, 2.075815214, 254506.175241694
02-03-2021 09:30, NC84 Kolichestvo [liters/30min], 0, 2.075815214, 254506.175241694
02-03-2021 10:00, NC84 Kolichestvo [liters/30min], 0, 2.075815214, 254506.175241694
02-03-2021 10:30, NC84 Kolichestvo [liters/30min], 0, 2.075815214, 254506.175241694
02-03-2021 11:00, NC84 Kolichestvo [liters/30min], 0, 2.075815214, 254506.175241694
02-03-2021 11:30, NC84 Kolichestvo [liters/30min], 0, 2.075815214, 254506.175241694
02-03-2021 12:00, NC84 Kolichestvo [liters/30min], 0, 2.075815214, 254506.175241694
02-03-2021 12:30, NC84 Kolichestvo [liters/30min], 0, 2.075815214, 254506.175241694
02-03-2021 13:00, NC84 Kolichestvo [liters/30min], 0, 2.075815214, 254506.175241694
02-03-2021 13:30, NC84 Kolichestvo [liters/30min], 0, 2.075815214, 254506.175241694
02-03-2021 14:00, NC84 Kolichestvo [liters/30min], 0, 2.075815214, 254506.175241694
02-03-2021 14:30, NC84 Kolichestvo [liters/30min], 0, 2.075815214, 254506.175241694
02-03-2021 15:00, NC84 Kolichestvo [liters/30min], 0, 2.075815214, 254506.175241694
02-03-2021 15:30, NC84 Kolichestvo [liters/30min], 0, 2.075815214, 254506.175241694
02-03-2021 16:00, NC84 Kolichestvo [liters/30min], 0, 2.075815214, 254506.175241694
02-03-2021 16:30, NC84 Kolichestvo [liters/30min], 0, 2.075815214, 254506.175241694
02-03-2021 17:00, NC84 Kolichestvo [liters/30min], 0, 2.075815214, 254506.175241694
02-03-2021 17:30, NC84 Kolichestvo [liters/30min], 0, 2.075815214, 254506.175241694
02-03-2021 18:00, NC84 Kolichestvo [liters/30min], 0, 2.075815214, 254506.175241694
02-03-2021 00:00, EG47 LOT, 127.6864, 127.6864, 1276143.90407
02-03-2021 01:00, EG47 LOT, 127.4653, 255.1517, 1276271.36937
02-03-2021 02:00, EG47 LOT, 127.4572, 382.6089, 1276398.82657
02-03-2021 03:00, EG47 LOT, 127.3155, 509.9244, 1276526.14207
02-03-2021 04:00, EG47 LOT, 127.4696, 637.394, 1276653.61167
02-03-2021 05:00, EG47 LOT, 127.5602, 764.9542, 1276781.17187
02-03-2021 06:00, EG47 LOT, 127.4667, 892.4209, 1276908.63857
02-03-2021 07:00, EG47 LOT, 127.5184, 1019.9393, 1277036.15697
02-03-2021 08:00, EG47 LOT, 127.8419, 1147.7812, 1277163.99887
02-03-2021 09:00, EG47 LOT, 127.8183, 1275.5995, 1277291.81717
02-03-2021 10:00, EG47 LOT, 127.8339, 1403.4334, 1277419.65107
02-03-2021 11:00, EG47 LOT, 127.7779, 1531.2113, 1277547.42897
02-03-2021 12:00, EG47 LOT, 127.825, 1659.0363, 1277675.25397
02-03-2021 13:00, EG47 LOT, 127.7507, 1786.787, 1277803.00467
02-03-2021 14:00, EG47 LOT, 127.9527, 1914.7397, 1277930.95737
02-03-2021 15:00, EG47 LOT, 127.9068, 2042.6465, 1278058.86417
02-03-2021 16:00, EG47 LOT, 127.9625, 2170.609, 1278186.82667
02-03-2021 17:00, EG47 LOT, 127.8771, 2298.4861, 1278314.70377
02-03-2021 18:00, EG47 LOT, 127.825, 2426.3111, 1278442.52877
02-03-2021 00:00, EG50 LOT, 68.60771, 68.60771, 767708.46027
02-03-2021 01:00, EG50 LOT, 68.63091, 137.23862, 767777.09118
02-03-2021 02:00, EG50 LOT, 68.6333, 205.87192, 767845.72448
02-03-2021 03:00, EG50 LOT, 68.64919, 274.52111, 767914.37367
02-03-2021 04:00, EG50 LOT, 68.66122, 343.18233, 767983.03489
02-03-2021 05:00, EG50 LOT, 68.67049, 411.85282, 768051.70538
02-03-2021 06:00, EG50 LOT, 68.6771, 480.52992, 768120.38248
02-03-2021 07:00, EG50 LOT, 68.68322, 549.21314, 768189.0657
02-03-2021 08:00, EG50 LOT, 68.70444, 617.91758, 768257.77014
02-03-2021 09:00, EG50 LOT, 68.71957, 686.63715, 768326.48971
02-03-2021 10:00, EG50 LOT, 68.72105, 755.3582, 768395.21076
02-03-2021 11:00, EG50 LOT, 68.74445, 824.10265, 768463.95521
02-03-2021 12:00, EG50 LOT, 68.70058, 892.80323, 768532.65579
02-03-2021 13:00, EG50 LOT, 68.63668, 961.43991, 768601.29247
02-03-2021 14:00, EG50 LOT, 68.59357, 1030.03348, 768669.88604
02-03-2021 15:00, EG50 LOT, 68.64855, 1098.68203, 768738.53459
02-03-2021 16:00, EG50 LOT, 68.65686, 1167.33889, 768807.19145
02-03-2021 17:00, EG50 LOT, 68.66262, 1236.00151, 768875.85407
02-03-2021 18:00, EG50 LOT, 68.68808, 1304.68959, 768944.54215
02-03-2021 00:00, EG58 LOT, 59.09622, 59.09622, 783203.958460001
02-03-2021 01:00, EG58 LOT, 59.09734, 118.19356, 783263.055800001
02-03-2021 02:00, EG58 LOT, 59.09284, 177.2864, 783322.148640001
02-03-2021 03:00, EG58 LOT, 59.08405, 236.37045, 783381.232690001
02-03-2021 04:00, EG58 LOT, 59.07084, 295.44129, 783440.303530001
02-03-2021 05:00, EG58 LOT, 59.06226, 354.50355, 783499.365790001
02-03-2021 06:00, EG58 LOT, 59.05418, 413.55773, 783558.419970001
02-03-2021 07:00, EG58 LOT, 59.04778, 472.60551, 783617.467750001
02-03-2021 08:00, EG58 LOT, 59.05164, 531.65715, 783676.519390001
02-03-2021 09:00, EG58 LOT, 59.0546, 590.71175, 783735.573990001
02-03-2021 10:00, EG58 LOT, 59.0574, 649.76915, 783794.631390001
02-03-2021 11:00, EG58 LOT, 59.06086, 708.83001, 783853.692250001
02-03-2021 12:00, EG58 LOT, 59.06149, 767.8915, 783912.753740001
02-03-2021 13:00, EG58 LOT, 59.06001, 826.95151, 783971.813750001
02-03-2021 14:00, EG58 LOT, 59.0778, 886.02931, 784030.891550001
02-03-2021 15:00, EG58 LOT, 59.05994, 945.08925, 784089.951490001
02-03-2021 16:00, EG58 LOT, 59.04813, 1004.13738, 784148.999620001
02-03-2021 17:00, EG58 LOT, 59.03934, 1063.17672, 784208.038960001
02-03-2021 18:00, EG58 LOT, 59.03175, 1122.20847, 784267.070710001
02-03-2021 00:00, SK33 Kolichestvo [liters/30min], 257.7762, 257.7762, 10891290.5620898
02-03-2021 00:30, SK33 Kolichestvo [liters/30min], 253.7975, 511.5737, 10891544.3595898
02-03-2021 01:00, SK33 Kolichestvo [liters/30min], 253.7464, 765.3201, 10891798.1059898
02-03-2021 01:30, SK33 Kolichestvo [liters/30min], 254.5575, 1019.8776, 10892052.6634898
02-03-2021 02:00, SK33 Kolichestvo [liters/30min], 258.0367, 1277.9143, 10892310.7001898
02-03-2021 02:30, SK33 Kolichestvo [liters/30min], 253.0623, 1530.9766, 10892563.7624898
02-03-2021 03:00, SK33 Kolichestvo [liters/30min], 254.0254, 1785.002, 10892817.7878898
02-03-2021 03:30, SK33 Kolichestvo [liters/30min], 258.0367, 2043.0387, 10893075.8245898
02-03-2021 04:00, SK33 Kolichestvo [liters/30min], 252.0414, 2295.0801, 10893327.8659898
02-03-2021 04:30, SK33 Kolichestvo [liters/30min], 249.8475, 2544.9276, 10893577.7134898
02-03-2021 05:00, SK33 Kolichestvo [liters/30min], 244.6668, 2789.5944, 10893822.3802898
02-03-2021 05:30, SK33 Kolichestvo [liters/30min], 249.1051, 3038.6995, 10894071.4853898
02-03-2021 06:00, SK33 Kolichestvo [liters/30min], 252.2585, 3290.958, 10894323.7438898
02-03-2021 06:30, SK33 Kolichestvo [liters/30min], 251.3753, 3542.3333, 10894575.1191898
02-03-2021 07:00, SK33 Kolichestvo [liters/30min], 248.0301, 3790.3634, 10894823.1492898
02-03-2021 07:30, SK33 Kolichestvo [liters/30min], 245.8903, 4036.2537, 10895069.0395898
02-03-2021 08:00, SK33 Kolichestvo [liters/30min], 247.9249, 4284.1786, 10895316.9644898
02-03-2021 08:30, SK33 Kolichestvo [liters/30min], 245.1191, 4529.2977, 10895562.0835898
02-03-2021 09:00, SK33 Kolichestvo [liters/30min], 240.3221, 4769.6198, 10895802.4056898
02-03-2021 09:30, SK33 Kolichestvo [liters/30min], 241.3469, 5010.9667, 10896043.7525898
02-03-2021 10:00, SK33 Kolichestvo [liters/30min], 245.2457, 5256.2124, 10896288.9982898
02-03-2021 10:30, SK33 Kolichestvo [liters/30min], 253.464, 5509.6764, 10896542.4622898
02-03-2021 11:00, SK33 Kolichestvo [liters/30min], 1.051426, 5510.727826, 10896543.5137158
02-03-2021 11:30, SK33 Kolichestvo [liters/30min], 0.6312847, 5511.3591107, 10896544.1450005
02-03-2021 12:00, SK33 Kolichestvo [liters/30min], 0.7038116, 5512.0629223, 10896544.8488121
02-03-2021 12:30, SK33 Kolichestvo [liters/30min], 0.7111073, 5512.7740296, 10896545.5599194
02-03-2021 13:00, SK33 Kolichestvo [liters/30min], 0.4321575, 5513.2061871, 10896545.9920769
02-03-2021 13:30, SK33 Kolichestvo [liters/30min], 0.4252911, 5513.6314782, 10896546.417368
02-03-2021 14:00, SK33 Kolichestvo [liters/30min], 0.3016949, 5513.9331731, 10896546.7190629
02-03-2021 14:30, SK33 Kolichestvo [liters/30min], 333.1016, 5847.0347731, 10896879.8206629
02-03-2021 15:00, SK33 Kolichestvo [liters/30min], 323.1384, 6170.1731731, 10897202.9590629
02-03-2021 15:30, SK33 Kolichestvo [liters/30min], 309.3119, 6479.4850731, 10897512.2709629
02-03-2021 16:00, SK33 Kolichestvo [liters/30min], 294.2224, 6773.7074731, 10897806.4933629
02-03-2021 16:30, SK33 Kolichestvo [liters/30min], 276.8156, 7050.5230731, 10898083.3089629
02-03-2021 17:00, SK33 Kolichestvo [liters/30min], 275.7839, 7326.3069731, 10898359.0928629
02-03-2021 17:30, SK33 Kolichestvo [liters/30min], 255.115, 7581.4219731, 10898614.2078629
02-03-2021 18:00, SK33 Kolichestvo [liters/30min], 251.129, 7832.5509731, 10898865.3368629
02-03-2021 00:00, SK33 LOT, 93.84723, 93.84723, 3211155.90260404
02-03-2021 00:30, SK33 LOT, 93.63273, 187.47996, 3211249.53533404
02-03-2021 01:00, SK33 LOT, 93.34763, 280.82759, 3211342.88296404
02-03-2021 01:30, SK33 LOT, 92.99031, 373.8179, 3211435.87327404
02-03-2021 02:00, SK33 LOT, 92.80984, 466.62774, 3211528.68311404
02-03-2021 02:30, SK33 LOT, 92.65491, 559.28265, 3211621.33802404
02-03-2021 03:00, SK33 LOT, 92.4782, 651.76085, 3211713.81622404
02-03-2021 03:30, SK33 LOT, 92.29379, 744.05464, 3211806.11001404
02-03-2021 04:00, SK33 LOT, 92.17591, 836.23055, 3211898.28592404
02-03-2021 04:30, SK33 LOT, 91.90292, 928.13347, 3211990.18884404
02-03-2021 05:00, SK33 LOT, 91.60951, 1019.74298, 3212081.79835404
02-03-2021 05:30, SK33 LOT, 91.27304, 1111.01602, 3212173.07139404
02-03-2021 06:00, SK33 LOT, 91.06918, 1202.0852, 3212264.14057404
02-03-2021 06:30, SK33 LOT, 91.01415, 1293.09935, 3212355.15472404
02-03-2021 07:00, SK33 LOT, 90.88911, 1383.98846, 3212446.04383404
02-03-2021 07:30, SK33 LOT, 90.58526, 1474.57372, 3212536.62909404
02-03-2021 08:00, SK33 LOT, 90.37125, 1564.94497, 3212627.00034404
02-03-2021 08:30, SK33 LOT, 90.10332, 1655.04829, 3212717.10366404
02-03-2021 09:00, SK33 LOT, 89.82155, 1744.86984, 3212806.92521404
02-03-2021 09:30, SK33 LOT, 89.61496, 1834.4848, 3212896.54017404
02-03-2021 10:00, SK33 LOT, 89.46423, 1923.94903, 3212986.00440404
02-03-2021 10:30, SK33 LOT, 89.36652, 2013.31555, 3213075.37092404
02-03-2021 11:00, SK33 LOT, 77.11427, 2090.42982, 3213152.48519404
02-03-2021 11:30, SK33 LOT, 73.36349, 2163.79331, 3213225.84868404
02-03-2021 12:00, SK33 LOT, 69.96274, 2233.75605, 3213295.81142404
02-03-2021 12:30, SK33 LOT, 67.0078, 2300.76385, 3213362.81922404
02-03-2021 13:00, SK33 LOT, 64.40246, 2365.16631, 3213427.22168404
02-03-2021 13:30, SK33 LOT, 61.95702, 2427.12333, 3213489.17870404
02-03-2021 14:00, SK33 LOT, 59.74674, 2486.87007, 3213548.92544404
02-03-2021 14:30, SK33 LOT, 70.21279, 2557.08286, 3213619.13823404
02-03-2021 15:00, SK33 LOT, 74.94022, 2632.02308, 3213694.07845404
02-03-2021 15:30, SK33 LOT, 78.30591, 2710.32899, 3213772.38436404
02-03-2021 16:00, SK33 LOT, 80.68879, 2791.01778, 3213853.07315404
02-03-2021 16:30, SK33 LOT, 82.33482, 2873.3526, 3213935.40797404
02-03-2021 17:00, SK33 LOT, 83.44794, 2956.80054, 3214018.85591404
02-03-2021 17:30, SK33 LOT, 84.11732, 3040.91786, 3214102.97323404
02-03-2021 18:00, SK33 LOT, 84.15828, 3125.07614, 3214187.13151404
02-03-2021 00:00, EG-61, 142.411, 142.411, 69352.706
02-03-2021 02:00, EG-61, 142.411, 284.822, 69495.117
02-03-2021 04:00, EG-61, 142.457, 427.279, 69637.574
02-03-2021 06:00, EG-61, 142.485, 569.764, 69780.059
02-03-2021 08:00, EG-61, 142.44, 712.204, 69922.499
02-03-2021 10:00, EG-61, 142.451, 854.655, 70064.95
02-03-2021 12:00, EG-61, 142.497, 997.152, 70207.447
02-03-2021 14:00, EG-61, 142.477, 1139.629, 70349.924
02-03-2021 16:00, EG-61, 142.486, 1282.115, 70492.41
02-03-2021 18:00, EG-61, 142.513, 1424.628, 70634.923
02-03-2021 00:00, EG-67, 62.571, 62.571, 47305.009
02-03-2021 02:00, EG-67, 62.563, 125.134, 47367.572
02-03-2021 04:00, EG-67, 62.521, 187.655, 47430.093
02-03-2021 06:00, EG-67, 62.449, 250.104, 47492.542
02-03-2021 08:00, EG-67, 62.392, 312.496, 47554.934
02-03-2021 10:00, EG-67, 62.433, 374.929, 47617.367
02-03-2021 12:00, EG-67, 62.429, 437.358, 47679.796
02-03-2021 14:00, EG-67, 67.742, 505.1, 47747.538
02-03-2021 16:00, EG-67, 67.74, 572.84, 47815.278
02-03-2021 18:00, EG-67, 67.712, 640.552, 47882.99
02-03-2021 00:00, SK 40 LOT, 126.034, 126.034, 1321604.119
02-03-2021 01:00, SK 40 LOT, 126.058, 252.092, 1321730.177
02-03-2021 02:00, SK 40 LOT, 126.075, 378.167, 1321856.252
02-03-2021 03:00, SK 40 LOT, 126.089, 504.256, 1321982.341
02-03-2021 04:00, SK 40 LOT, 126.125, 630.381, 1322108.466
02-03-2021 05:00, SK 40 LOT, 126.13, 756.511, 1322234.596
02-03-2021 06:00, SK 40 LOT, 126.188, 882.699, 1322360.784
02-03-2021 07:00, SK 40 LOT, 126.195, 1008.894, 1322486.979
02-03-2021 08:00, SK 40 LOT, 126.197, 1135.091, 1322613.176
02-03-2021 09:00, SK 40 LOT, 126.181, 1261.272, 1322739.357
02-03-2021 10:00, SK 40 LOT, 126.184, 1387.456, 1322865.541
02-03-2021 11:00, SK 40 LOT, 119.04, 1506.496, 1322984.581
02-03-2021 12:00, SK 40 LOT, 125.816, 1632.312, 1323110.397
02-03-2021 13:00, SK 40 LOT, 125.92, 1758.232, 1323236.317
02-03-2021 14:00, SK 40 LOT, 126.014, 1884.246, 1323362.331
02-03-2021 15:00, SK 40 LOT, 126.062, 2010.308, 1323488.393
02-03-2021 16:00, SK 40 LOT, 126.071, 2136.379, 1323614.464
02-03-2021 17:00, SK 40 LOT, 126.137, 2262.516, 1323740.601
02-03-2021 18:00, SK 40 LOT, 126.16, 2388.676, 1323866.761
02-03-2021 00:00, EG-68, 37.404, 37.404, 19384.649
02-03-2021 02:00, EG-68, 37.395, 74.799, 19422.044
02-03-2021 04:00, EG-68, 37.401, 112.2, 19459.445
02-03-2021 06:00, EG-68, 37.383, 149.583, 19496.828
02-03-2021 08:00, EG-68, 37.364, 186.947, 19534.192
02-03-2021 10:00, EG-68, 37.36, 224.307, 19571.552
02-03-2021 12:00, EG-68, 37.393, 261.7, 19608.945
02-03-2021 14:00, EG-68, 37.452, 299.152, 19646.397
02-03-2021 16:00, EG-68, 37.426, 336.578, 19683.823
02-03-2021 18:00, EG-68, 37.406, 373.984, 19721.229
02-03-2021 00:00, SK 39 LOT, 57.963, 57.963, 79198.8929999999
02-03-2021 01:00, SK 39 LOT, 57.842, 115.805, 79256.7349999999
02-03-2021 03:00, SK 39 LOT, 57.561, 173.366, 79314.2959999999
02-03-2021 04:00, SK 39 LOT, 57.446, 230.812, 79371.7419999999
02-03-2021 05:00, SK 39 LOT, 57.325, 288.137, 79429.0669999999
02-03-2021 06:00, SK 39 LOT, 57.203, 345.34, 79486.2699999998
02-03-2021 07:00, SK 39 LOT, 57.124, 402.464, 79543.3939999998
02-03-2021 08:00, SK 39 LOT, 69.844, 472.308, 79613.2379999998
02-03-2021 09:00, SK 39 LOT, 56.799, 529.107, 79670.0369999998
02-03-2021 10:00, SK 39 LOT, 57.082, 586.189, 79727.1189999998
02-03-2021 11:00, SK 39 LOT, 56.964, 643.153, 79784.0829999998
02-03-2021 12:00, SK 39 LOT, 56.887, 700.04, 79840.9699999998
02-03-2021 13:00, SK 39 LOT, 56.772, 756.812, 79897.7419999998
02-03-2021 14:00, SK 39 LOT, 56.701, 813.513, 79954.4429999998
02-03-2021 15:00, SK 39 LOT, 56.587, 870.1, 80011.0299999998
02-03-2021 16:00, SK 39 LOT, 56.549, 926.649, 80067.5789999998
02-03-2021 17:00, SK 39 LOT, 96.019, 1022.668, 80163.5979999998
02-03-2021 18:00, SK 39 LOT, 114.119, 1136.787, 80277.7169999998
02-03-2021 00:00, SK 38 LOT, 75.845, 75.845, 54627.417
02-03-2021 01:00, SK 38 LOT, 76.261, 152.106, 54703.678
02-03-2021 02:00, SK 38 LOT, 76.457, 228.563, 54780.135
02-03-2021 03:00, SK 38 LOT, 76.789, 305.352, 54856.924
02-03-2021 04:00, SK 38 LOT, 76.878, 382.23, 54933.802
02-03-2021 05:00, SK 38 LOT, 77.198, 459.428, 55010.9999999999
02-03-2021 06:00, SK 38 LOT, 77.691, 537.119, 55088.6909999999
02-03-2021 07:00, SK 38 LOT, 77.759, 614.878, 55166.4499999999
02-03-2021 08:00, SK 38 LOT, 77.345, 692.223, 55243.7949999999
02-03-2021 09:00, SK 38 LOT, 77.417, 769.64, 55321.2119999999
02-03-2021 10:00, SK 38 LOT, 77.972, 847.612, 55399.184
02-03-2021 11:00, SK 38 LOT, 51.201, 898.813, 55450.385
02-03-2021 12:00, SK 38 LOT, 7.487, 906.3, 55457.872
02-03-2021 13:00, SK 38 LOT, 2.656, 908.956, 55460.528
02-03-2021 14:00, SK 38 LOT, 62.206, 971.162, 55522.734
02-03-2021 15:00, SK 38 LOT, 69.57, 1040.732, 55592.304
02-03-2021 16:00, SK 38 LOT, 72.117, 1112.849, 55664.421
02-03-2021 17:00, SK 38 LOT, 73.53, 1186.379, 55737.951
02-03-2021 18:00, SK 38 LOT, 74.822, 1261.201, 55812.773
02-03-2021 00:00, EG-66, 37.699, 37.699, 188.593
02-03-2021 02:00, EG-66, 37.693, 75.392, 226.286
02-03-2021 04:00, EG-66, 37.664, 113.056, 263.95
02-03-2021 06:00, EG-66, 37.649, 150.705, 301.599
02-03-2021 08:00, EG-66, 37.662, 188.367, 339.261
02-03-2021 10:00, EG-66, 37.683, 226.05, 376.944
02-03-2021 12:00, EG-66, 37.703, 263.753, 414.647
02-03-2021 14:00, EG-66, 37.836, 301.589, 452.483
02-03-2021 16:00, EG-66, 37.896, 339.485, 490.379
02-03-2021 18:00, EG-66, 37.907, 377.392, 528.286
