DATE STAMP, SENSOR NAME, DEBIT l/30min, TOTAL LITERS FOR THE DAY,TOTAL LITERS FROM THE START
07-03-2021 00:00, NC64 Kolichestvo [liters/30min], 3110, 3110, 191992760
07-03-2021 00:30, NC64 Kolichestvo [liters/30min], 3140, 6250, 191995900
07-03-2021 01:00, NC64 Kolichestvo [liters/30min], 3100, 9350, 191999000
07-03-2021 01:30, NC64 Kolichestvo [liters/30min], 3080, 12430, 192002080
07-03-2021 02:00, NC64 Kolichestvo [liters/30min], 3070, 15500, 192005150
07-03-2021 02:30, NC64 Kolichestvo [liters/30min], 3090, 18590, 192008240
07-03-2021 03:00, NC64 Kolichestvo [liters/30min], 3130, 21720, 192011370
07-03-2021 03:30, NC64 Kolichestvo [liters/30min], 3110, 24830, 192014480
07-03-2021 04:00, NC64 Kolichestvo [liters/30min], 3100, 27930, 192017580
07-03-2021 04:30, NC64 Kolichestvo [liters/30min], 3080, 31010, 192020660
07-03-2021 05:00, NC64 Kolichestvo [liters/30min], 3080, 34090, 192023740
07-03-2021 05:30, NC64 Kolichestvo [liters/30min], 3080, 37170, 192026820
07-03-2021 06:00, NC64 Kolichestvo [liters/30min], 3090, 40260, 192029910
07-03-2021 06:30, NC64 Kolichestvo [liters/30min], 3070, 43330, 192032980
07-03-2021 07:00, NC64 Kolichestvo [liters/30min], 3080, 46410, 192036060
07-03-2021 07:30, NC64 Kolichestvo [liters/30min], 3070, 49480, 192039130
07-03-2021 08:00, NC64 Kolichestvo [liters/30min], 3080, 52560, 192042210
07-03-2021 08:30, NC64 Kolichestvo [liters/30min], 3070, 55630, 192045280
07-03-2021 09:00, NC64 Kolichestvo [liters/30min], 3080, 58710, 192048360
07-03-2021 09:30, NC64 Kolichestvo [liters/30min], 3070, 61780, 192051430
07-03-2021 10:00, NC64 Kolichestvo [liters/30min], 3100, 64880, 192054530
07-03-2021 10:30, NC64 Kolichestvo [liters/30min], 3090, 67970, 192057620
07-03-2021 11:00, NC64 Kolichestvo [liters/30min], 3100, 71070, 192060720
07-03-2021 11:30, NC64 Kolichestvo [liters/30min], 3080, 74150, 192063800
07-03-2021 12:00, NC64 Kolichestvo [liters/30min], 3100, 77250, 192066900
07-03-2021 12:30, NC64 Kolichestvo [liters/30min], 3120, 80370, 192070020
07-03-2021 13:00, NC64 Kolichestvo [liters/30min], 3110, 83480, 192073130
07-03-2021 13:30, NC64 Kolichestvo [liters/30min], 3120, 86600, 192076250
07-03-2021 14:00, NC64 Kolichestvo [liters/30min], 590, 87190, 192076840
07-03-2021 15:00, NC64 Kolichestvo [liters/30min], 10, 87200, 192076850
07-03-2021 16:30, NC64 Kolichestvo [liters/30min], 20, 87220, 192076870
07-03-2021 17:00, NC64 Kolichestvo [liters/30min], 3090, 90310, 192079960
07-03-2021 17:30, NC64 Kolichestvo [liters/30min], 3120, 93430, 192083080
07-03-2021 18:00, NC64 Kolichestvo [liters/30min], 3140, 96570, 192086220
07-03-2021 18:30, NC64 Kolichestvo [liters/30min], 3100, 99670, 192089320
07-03-2021 19:00, NC64 Kolichestvo [liters/30min], 3100, 102770, 192092420
07-03-2021 19:30, NC64 Kolichestvo [liters/30min], 3080, 105850, 192095500
07-03-2021 20:00, NC64 Kolichestvo [liters/30min], 3080, 108930, 192098580
07-03-2021 20:30, NC64 Kolichestvo [liters/30min], 3070, 112000, 192101650
07-03-2021 21:00, NC64 Kolichestvo [liters/30min], 3080, 115080, 192104730
07-03-2021 21:30, NC64 Kolichestvo [liters/30min], 3080, 118160, 192107810
07-03-2021 22:00, NC64 Kolichestvo [liters/30min], 3090, 121250, 192110900
07-03-2021 22:30, NC64 Kolichestvo [liters/30min], 3090, 124340, 192113990
07-03-2021 23:00, NC64 Kolichestvo [liters/30min], 3100, 127440, 192117090
07-03-2021 00:00, NC65 Kolichestvo [liters/30min], 750, 750, 74299200
07-03-2021 00:30, NC65 Kolichestvo [liters/30min], 740, 1490, 74299940
07-03-2021 01:00, NC65 Kolichestvo [liters/30min], 750, 2240, 74300690
07-03-2021 01:30, NC65 Kolichestvo [liters/30min], 740, 2980, 74301430
07-03-2021 02:00, NC65 Kolichestvo [liters/30min], 740, 3720, 74302170
07-03-2021 02:30, NC65 Kolichestvo [liters/30min], 740, 4460, 74302910
07-03-2021 03:00, NC65 Kolichestvo [liters/30min], 740, 5200, 74303650
07-03-2021 03:30, NC65 Kolichestvo [liters/30min], 740, 5940, 74304390
07-03-2021 04:00, NC65 Kolichestvo [liters/30min], 750, 6690, 74305140
07-03-2021 04:30, NC65 Kolichestvo [liters/30min], 740, 7430, 74305880
07-03-2021 05:00, NC65 Kolichestvo [liters/30min], 740, 8170, 74306620
07-03-2021 05:30, NC65 Kolichestvo [liters/30min], 740, 8910, 74307360
07-03-2021 06:00, NC65 Kolichestvo [liters/30min], 740, 9650, 74308100
07-03-2021 06:30, NC65 Kolichestvo [liters/30min], 750, 10400, 74308850
07-03-2021 07:00, NC65 Kolichestvo [liters/30min], 740, 11140, 74309590
07-03-2021 07:30, NC65 Kolichestvo [liters/30min], 740, 11880, 74310330
07-03-2021 08:00, NC65 Kolichestvo [liters/30min], 740, 12620, 74311070
07-03-2021 08:30, NC65 Kolichestvo [liters/30min], 750, 13370, 74311820
07-03-2021 09:00, NC65 Kolichestvo [liters/30min], 740, 14110, 74312560
07-03-2021 09:30, NC65 Kolichestvo [liters/30min], 740, 14850, 74313300
07-03-2021 10:00, NC65 Kolichestvo [liters/30min], 740, 15590, 74314040
07-03-2021 10:30, NC65 Kolichestvo [liters/30min], 750, 16340, 74314790
07-03-2021 11:00, NC65 Kolichestvo [liters/30min], 750, 17090, 74315540
07-03-2021 11:30, NC65 Kolichestvo [liters/30min], 680, 17770, 74316220
07-03-2021 12:00, NC65 Kolichestvo [liters/30min], 710, 18480, 74316930
07-03-2021 12:30, NC65 Kolichestvo [liters/30min], 690, 19170, 74317620
07-03-2021 13:00, NC65 Kolichestvo [liters/30min], 690, 19860, 74318310
07-03-2021 13:30, NC65 Kolichestvo [liters/30min], 680, 20540, 74318990
07-03-2021 14:00, NC65 Kolichestvo [liters/30min], 720, 21260, 74319710
07-03-2021 14:30, NC65 Kolichestvo [liters/30min], 730, 21990, 74320440
07-03-2021 15:00, NC65 Kolichestvo [liters/30min], 730, 22720, 74321170
07-03-2021 15:30, NC65 Kolichestvo [liters/30min], 720, 23440, 74321890
07-03-2021 16:00, NC65 Kolichestvo [liters/30min], 730, 24170, 74322620
07-03-2021 16:30, NC65 Kolichestvo [liters/30min], 730, 24900, 74323350
07-03-2021 17:00, NC65 Kolichestvo [liters/30min], 730, 25630, 74324080
07-03-2021 17:30, NC65 Kolichestvo [liters/30min], 720, 26350, 74324800
07-03-2021 18:00, NC65 Kolichestvo [liters/30min], 740, 27090, 74325540
07-03-2021 18:30, NC65 Kolichestvo [liters/30min], 690, 27780, 74326230
07-03-2021 19:00, NC65 Kolichestvo [liters/30min], 740, 28520, 74326970
07-03-2021 19:30, NC65 Kolichestvo [liters/30min], 750, 29270, 74327720
07-03-2021 20:00, NC65 Kolichestvo [liters/30min], 740, 30010, 74328460
07-03-2021 20:30, NC65 Kolichestvo [liters/30min], 750, 30760, 74329210
07-03-2021 21:00, NC65 Kolichestvo [liters/30min], 740, 31500, 74329950
07-03-2021 21:30, NC65 Kolichestvo [liters/30min], 740, 32240, 74330690
07-03-2021 22:00, NC65 Kolichestvo [liters/30min], 750, 32990, 74331440
07-03-2021 22:30, NC65 Kolichestvo [liters/30min], 740, 33730, 74332180
07-03-2021 23:00, NC65 Kolichestvo [liters/30min], 740, 34470, 74332920
07-03-2021 00:00, SK16 Kolichestvo [liters/30min], 2699.087, 2699.087, 169703526.850063
07-03-2021 00:30, SK16 Kolichestvo [liters/30min], 2348.705, 5047.792, 169705875.555063
07-03-2021 01:00, SK16 Kolichestvo [liters/30min], 2047.572, 7095.364, 169707923.127063
07-03-2021 01:30, SK16 Kolichestvo [liters/30min], 2243.579, 9338.943, 169710166.706063
07-03-2021 02:00, SK16 Kolichestvo [liters/30min], 2537.603, 11876.546, 169712704.309063
07-03-2021 02:30, SK16 Kolichestvo [liters/30min], 2261.805, 14138.351, 169714966.114063
07-03-2021 03:00, SK16 Kolichestvo [liters/30min], 1830.658, 15969.009, 169716796.772063
07-03-2021 03:30, SK16 Kolichestvo [liters/30min], 2246.648, 18215.657, 169719043.420063
07-03-2021 04:00, SK16 Kolichestvo [liters/30min], 3233.383, 21449.04, 169722276.803063
07-03-2021 04:30, SK16 Kolichestvo [liters/30min], 2636.866, 24085.906, 169724913.669063
07-03-2021 05:00, SK16 Kolichestvo [liters/30min], 2614.364, 26700.27, 169727528.033063
07-03-2021 05:30, SK16 Kolichestvo [liters/30min], 2462.636, 29162.906, 169729990.669063
07-03-2021 06:00, SK16 Kolichestvo [liters/30min], 2465.082, 31627.988, 169732455.751063
07-03-2021 06:30, SK16 Kolichestvo [liters/30min], 2466.923, 34094.911, 169734922.674063
07-03-2021 07:00, SK16 Kolichestvo [liters/30min], 2378.081, 36472.992, 169737300.755063
07-03-2021 07:30, SK16 Kolichestvo [liters/30min], 2470.853, 38943.845, 169739771.608063
07-03-2021 08:00, SK16 Kolichestvo [liters/30min], 2448.791, 41392.636, 169742220.399063
07-03-2021 08:30, SK16 Kolichestvo [liters/30min], 2476.666, 43869.302, 169744697.065063
07-03-2021 09:00, SK16 Kolichestvo [liters/30min], 2487.471, 46356.773, 169747184.536063
07-03-2021 09:30, SK16 Kolichestvo [liters/30min], 2475.926, 48832.699, 169749660.462063
07-03-2021 10:00, SK16 Kolichestvo [liters/30min], 2472.826, 51305.525, 169752133.288063
07-03-2021 10:30, SK16 Kolichestvo [liters/30min], 2450.152, 53755.677, 169754583.440063
07-03-2021 11:00, SK16 Kolichestvo [liters/30min], 2468.506, 56224.183, 169757051.946063
07-03-2021 11:30, SK16 Kolichestvo [liters/30min], 2472.919, 58697.102, 169759524.865063
07-03-2021 12:00, SK16 Kolichestvo [liters/30min], 2465.364, 61162.466, 169761990.229063
07-03-2021 12:30, SK16 Kolichestvo [liters/30min], 2461.531, 63623.997, 169764451.760063
07-03-2021 13:00, SK16 Kolichestvo [liters/30min], 2450.864, 66074.861, 169766902.624063
07-03-2021 13:30, SK16 Kolichestvo [liters/30min], 2455.731, 68530.592, 169769358.355063
07-03-2021 14:00, SK16 Kolichestvo [liters/30min], 2444.687, 70975.279, 169771803.042063
07-03-2021 14:30, SK16 Kolichestvo [liters/30min], 2480.19, 73455.469, 169774283.232063
07-03-2021 15:00, SK16 Kolichestvo [liters/30min], 2449.44, 75904.909, 169776732.672063
07-03-2021 15:30, SK16 Kolichestvo [liters/30min], 2458.717, 78363.626, 169779191.389063
07-03-2021 16:00, SK16 Kolichestvo [liters/30min], 2450.764, 80814.39, 169781642.153063
07-03-2021 16:30, SK16 Kolichestvo [liters/30min], 2464.02, 83278.41, 169784106.173063
07-03-2021 17:00, SK16 Kolichestvo [liters/30min], 2467.743, 85746.153, 169786573.916063
07-03-2021 17:30, SK16 Kolichestvo [liters/30min], 2456.845, 88202.998, 169789030.761063
07-03-2021 18:00, SK16 Kolichestvo [liters/30min], 2454.836, 90657.834, 169791485.597063
07-03-2021 18:30, SK16 Kolichestvo [liters/30min], 2453.643, 93111.477, 169793939.240063
07-03-2021 19:00, SK16 Kolichestvo [liters/30min], 2457.084, 95568.561, 169796396.324063
07-03-2021 19:30, SK16 Kolichestvo [liters/30min], 2451.742, 98020.303, 169798848.066063
07-03-2021 20:00, SK16 Kolichestvo [liters/30min], 2458.59, 100478.893, 169801306.656063
07-03-2021 20:30, SK16 Kolichestvo [liters/30min], 2468.113, 102947.006, 169803774.769063
07-03-2021 21:00, SK16 Kolichestvo [liters/30min], 2454.247, 105401.253, 169806229.016063
07-03-2021 21:30, SK16 Kolichestvo [liters/30min], 2460.993, 107862.246, 169808690.009063
07-03-2021 22:00, SK16 Kolichestvo [liters/30min], 2462.155, 110324.401, 169811152.164063
07-03-2021 22:30, SK16 Kolichestvo [liters/30min], 2460.901, 112785.302, 169813613.065063
07-03-2021 23:00, SK16 Kolichestvo [liters/30min], 2452.181, 115237.483, 169816065.246063
07-03-2021 00:00, EG53 LOT, 53.34541, 53.34541, 999908.477085002
07-03-2021 01:00, EG53 LOT, 53.34528, 106.69069, 999961.822365002
07-03-2021 02:00, EG53 LOT, 53.33986, 160.03055, 1000015.162225
07-03-2021 03:00, EG53 LOT, 53.34205, 213.3726, 1000068.504275
07-03-2021 04:00, EG53 LOT, 53.34148, 266.71408, 1000121.845755
07-03-2021 05:00, EG53 LOT, 53.33875, 320.05283, 1000175.184505
07-03-2021 06:00, EG53 LOT, 53.33382, 373.38665, 1000228.518325
07-03-2021 07:00, EG53 LOT, 53.33093, 426.71758, 1000281.849255
07-03-2021 08:00, EG53 LOT, 53.33157, 480.04915, 1000335.180825
07-03-2021 09:00, EG53 LOT, 53.32995, 533.3791, 1000388.510775
07-03-2021 10:00, EG53 LOT, 53.32173, 586.70083, 1000441.832505
07-03-2021 11:00, EG53 LOT, 53.31772, 640.01855, 1000495.150225
07-03-2021 12:00, EG53 LOT, 53.30943, 693.32798, 1000548.459655
07-03-2021 13:00, EG53 LOT, 53.29789, 746.62587, 1000601.757545
07-03-2021 14:00, EG53 LOT, 53.28446, 799.91033, 1000655.042005
07-03-2021 15:00, EG53 LOT, 53.27729, 853.18762, 1000708.319295
07-03-2021 16:00, EG53 LOT, 53.27124, 906.45886, 1000761.590535
07-03-2021 17:00, EG53 LOT, 53.26386, 959.72272, 1000814.854395
07-03-2021 18:00, EG53 LOT, 53.26218, 1012.9849, 1000868.116575
07-03-2021 19:00, EG53 LOT, 53.25704, 1066.24194, 1000921.373615
07-03-2021 20:00, EG53 LOT, 53.25184, 1119.49378, 1000974.625455
07-03-2021 21:00, EG53 LOT, 53.24867, 1172.74245, 1001027.874125
07-03-2021 22:00, EG53 LOT, 53.24445, 1225.9869, 1001081.118575
07-03-2021 23:00, EG53 LOT, 53.23504, 1279.22194, 1001134.353615
07-03-2021 00:00, EG56 LOT, 40.92376, 40.92376, 551004.172428999
07-03-2021 01:00, EG56 LOT, 40.92573, 81.84949, 551045.098158999
07-03-2021 02:00, EG56 LOT, 40.92686, 122.77635, 551086.025018999
07-03-2021 03:00, EG56 LOT, 40.92882, 163.70517, 551126.953838999
07-03-2021 04:00, EG56 LOT, 40.93275, 204.63792, 551167.886588999
07-03-2021 05:00, EG56 LOT, 40.94049, 245.57841, 551208.827078999
07-03-2021 06:00, EG56 LOT, 40.94738, 286.52579, 551249.774458999
07-03-2021 07:00, EG56 LOT, 40.9566, 327.48239, 551290.731058999
07-03-2021 08:00, EG56 LOT, 40.96896, 368.45135, 551331.700018999
07-03-2021 09:00, EG56 LOT, 40.97551, 409.42686, 551372.675528999
07-03-2021 10:00, EG56 LOT, 40.9779, 450.40476, 551413.653428999
07-03-2021 11:00, EG56 LOT, 40.9838, 491.38856, 551454.637228999
07-03-2021 12:00, EG56 LOT, 40.98605, 532.37461, 551495.623278999
07-03-2021 13:00, EG56 LOT, 40.98816, 573.36277, 551536.611438999
07-03-2021 14:00, EG56 LOT, 40.98697, 614.34974, 551577.598408999
07-03-2021 15:00, EG56 LOT, 40.99245, 655.34219, 551618.590858999
07-03-2021 16:00, EG56 LOT, 41.0004, 696.34259, 551659.591258999
07-03-2021 17:00, EG56 LOT, 41.01051, 737.3531, 551700.601768999
07-03-2021 18:00, EG56 LOT, 41.02359, 778.37669, 551741.625358999
07-03-2021 19:00, EG56 LOT, 41.03498, 819.41167, 551782.660338999
07-03-2021 20:00, EG56 LOT, 41.03941, 860.45108, 551823.699748999
07-03-2021 21:00, EG56 LOT, 41.04054, 901.49162, 551864.740288999
07-03-2021 22:00, EG56 LOT, 41.03646, 942.52808, 551905.776748999
07-03-2021 23:00, EG56 LOT, 41.02647, 983.55455, 551946.803218999
07-03-2021 00:00, EG46, 91.04925, 91.04925, 1458965.35461
07-03-2021 01:00, EG46, 91.05896, 182.10821, 1459056.41357
07-03-2021 02:00, EG46, 91.05263, 273.16084, 1459147.4662
07-03-2021 03:00, EG46, 91.06246, 364.2233, 1459238.52866
07-03-2021 04:00, EG46, 91.07281, 455.29611, 1459329.60147
07-03-2021 05:00, EG46, 91.09326, 546.38937, 1459420.69473
07-03-2021 06:00, EG46, 91.10403, 637.4934, 1459511.79876
07-03-2021 07:00, EG46, 91.12427, 728.61767, 1459602.92303
07-03-2021 08:00, EG46, 91.13256, 819.75023, 1459694.05559
07-03-2021 09:00, EG46, 91.13235, 910.88258, 1459785.18794
07-03-2021 10:00, EG46, 91.13826, 1002.02084, 1459876.3262
07-03-2021 11:00, EG46, 91.15414, 1093.17498, 1459967.48034
07-03-2021 12:00, EG46, 91.18121, 1184.35619, 1460058.66155
07-03-2021 13:00, EG46, 91.20097, 1275.55716, 1460149.86252
07-03-2021 14:00, EG46, 91.22636, 1366.78352, 1460241.08888
07-03-2021 15:00, EG46, 91.24294, 1458.02646, 1460332.33182
07-03-2021 16:00, EG46, 91.26587, 1549.29233, 1460423.59769
07-03-2021 17:00, EG46, 91.27416, 1640.56649, 1460514.87185
07-03-2021 18:00, EG46, 91.27213, 1731.83862, 1460606.14398
07-03-2021 19:00, EG46, 91.27275, 1823.11137, 1460697.41673
07-03-2021 20:00, EG46, 91.27473, 1914.3861, 1460788.69146
07-03-2021 21:00, EG46, 91.27586, 2005.66196, 1460879.96732
07-03-2021 22:00, EG46, 91.27564, 2096.9376, 1460971.24296
07-03-2021 23:00, EG46, 91.31986, 2188.25746, 1461062.56282
07-03-2021 00:00, EG48, 89.27154, 89.27154, 1334054.44964
07-03-2021 01:00, EG48, 89.27252, 178.54406, 1334143.72216001
07-03-2021 02:00, EG48, 89.2721, 267.81616, 1334232.99426
07-03-2021 03:00, EG48, 89.27393, 357.09009, 1334322.26819
07-03-2021 04:00, EG48, 89.27252, 446.36261, 1334411.54071
07-03-2021 05:00, EG48, 89.27428, 535.63689, 1334500.81499
07-03-2021 06:00, EG48, 89.27104, 624.90793, 1334590.08603001
07-03-2021 07:00, EG48, 89.27147, 714.1794, 1334679.35750001
07-03-2021 08:00, EG48, 89.26957, 803.44897, 1334768.62707001
07-03-2021 09:00, EG48, 89.26943, 892.7184, 1334857.89650001
07-03-2021 10:00, EG48, 89.27379, 981.99219, 1334947.17029001
07-03-2021 11:00, EG48, 89.27597, 1071.26816, 1335036.44626001
07-03-2021 12:00, EG48, 89.27154, 1160.5397, 1335125.71780001
07-03-2021 13:00, EG48, 89.28068, 1249.82038, 1335214.99848001
07-03-2021 14:00, EG48, 89.28876, 1339.10914, 1335304.28724001
07-03-2021 15:00, EG48, 89.29002, 1428.39916, 1335393.57726001
07-03-2021 16:00, EG48, 89.29389, 1517.69305, 1335482.87115001
07-03-2021 17:00, EG48, 89.29292, 1606.98597, 1335572.16407001
07-03-2021 18:00, EG48, 89.29165, 1696.27762, 1335661.45572001
07-03-2021 19:00, EG48, 89.29305, 1785.57067, 1335750.74877001
07-03-2021 20:00, EG48, 89.29312, 1874.86379, 1335840.04189001
07-03-2021 21:00, EG48, 89.29382, 1964.15761, 1335929.33571001
07-03-2021 22:00, EG48, 89.29382, 2053.45143, 1336018.62953001
07-03-2021 23:00, EG48, 89.29629, 2142.74772, 1336107.92582001
07-03-2021 00:00, EG49, 65.04059, 65.04059, 1239652.63247
07-03-2021 01:00, EG49, 65.05164, 130.09223, 1239717.68411
07-03-2021 02:00, EG49, 65.04871, 195.14094, 1239782.73282
07-03-2021 03:00, EG49, 65.02108, 260.16202, 1239847.7539
07-03-2021 04:00, EG49, 65.02705, 325.18907, 1239912.78095
07-03-2021 05:00, EG49, 65.02178, 390.21085, 1239977.80273
07-03-2021 06:00, EG49, 65.01775, 455.2286, 1240042.82048
07-03-2021 07:00, EG49, 65.03035, 520.25895, 1240107.85083
07-03-2021 08:00, EG49, 65.0303, 585.28925, 1240172.88113
07-03-2021 09:00, EG49, 65.03551, 650.32476, 1240237.91664
07-03-2021 10:00, EG49, 65.08372, 715.40848, 1240303.00036
07-03-2021 11:00, EG49, 65.08945, 780.49793, 1240368.08981
07-03-2021 12:00, EG49, 65.11249, 845.61042, 1240433.2023
07-03-2021 13:00, EG49, 65.13638, 910.7468, 1240498.33868
07-03-2021 14:00, EG49, 65.14478, 975.89158, 1240563.48346
07-03-2021 15:00, EG49, 65.16363, 1041.05521, 1240628.64709
07-03-2021 16:00, EG49, 65.16989, 1106.2251, 1240693.81698
07-03-2021 17:00, EG49, 65.1753, 1171.4004, 1240758.99228
07-03-2021 18:00, EG49, 65.17933, 1236.57973, 1240824.17161
07-03-2021 19:00, EG49, 65.18275, 1301.76248, 1240889.35436
07-03-2021 20:00, EG49, 65.18431, 1366.94679, 1240954.53867
07-03-2021 21:00, EG49, 65.19582, 1432.14261, 1241019.73449
07-03-2021 22:00, EG49, 65.20195, 1497.34456, 1241084.93644
07-03-2021 23:00, EG49, 65.20919, 1562.55375, 1241150.14563
07-03-2021 00:00, EG59, 132.7334, 132.7334, 1969890.4346
07-03-2021 01:00, EG59, 132.7316, 265.465, 1970023.1662
07-03-2021 02:00, EG59, 132.7283, 398.1933, 1970155.8945
07-03-2021 03:00, EG59, 132.7282, 530.9215, 1970288.6227
07-03-2021 04:00, EG59, 132.7273, 663.6488, 1970421.35
07-03-2021 05:00, EG59, 132.7228, 796.3716, 1970554.0728
07-03-2021 06:00, EG59, 132.7226, 929.0942, 1970686.7954
07-03-2021 07:00, EG59, 132.7173, 1061.8115, 1970819.5127
07-03-2021 08:00, EG59, 132.7147, 1194.5262, 1970952.2274
07-03-2021 09:00, EG59, 132.7144, 1327.2406, 1971084.9418
07-03-2021 10:00, EG59, 132.7128, 1459.9534, 1971217.6546
07-03-2021 11:00, EG59, 132.7123, 1592.6657, 1971350.3669
07-03-2021 12:00, EG59, 132.7163, 1725.382, 1971483.0832
07-03-2021 13:00, EG59, 132.7146, 1858.0966, 1971615.7978
07-03-2021 14:00, EG59, 132.7165, 1990.8131, 1971748.5143
07-03-2021 15:00, EG59, 132.7157, 2123.5288, 1971881.23
07-03-2021 16:00, EG59, 132.7132, 2256.242, 1972013.9432
07-03-2021 17:00, EG59, 132.7106, 2388.9526, 1972146.6538
07-03-2021 18:00, EG59, 132.7042, 2521.6568, 1972279.358
07-03-2021 19:00, EG59, 132.7016, 2654.3584, 1972412.0596
07-03-2021 20:00, EG59, 132.6988, 2787.0572, 1972544.7584
07-03-2021 21:00, EG59, 132.6968, 2919.754, 1972677.4552
07-03-2021 22:00, EG59, 132.6975, 3052.4515, 1972810.1527
07-03-2021 23:00, EG59, 132.6976, 3185.1491, 1972942.8503
07-03-2021 00:00, EG60, 64.26926, 64.26926, 5676099.65708001
07-03-2021 01:00, EG60, 64.26336, 128.53262, 5676163.92044001
07-03-2021 02:00, EG60, 64.2588, 192.79142, 5676228.17924001
07-03-2021 03:00, EG60, 64.25517, 257.04659, 5676292.43441001
07-03-2021 04:00, EG60, 64.25227, 321.29886, 5676356.68668001
07-03-2021 05:00, EG60, 64.2476, 385.54646, 5676420.93428001
07-03-2021 06:00, EG60, 64.24112, 449.78758, 5676485.17540001
07-03-2021 07:00, EG60, 64.23832, 514.0259, 5676549.41372001
07-03-2021 08:00, EG60, 64.2336, 578.2595, 5676613.64732001
07-03-2021 09:00, EG60, 64.22994, 642.48944, 5676677.87726001
07-03-2021 10:00, EG60, 64.22354, 706.71298, 5676742.10080001
07-03-2021 11:00, EG60, 64.22007, 770.93305, 5676806.32087001
07-03-2021 12:00, EG60, 64.22184, 835.15489, 5676870.54271001
07-03-2021 13:00, EG60, 64.22037, 899.37526, 5676934.76308001
07-03-2021 14:00, EG60, 64.2233, 963.59856, 5676998.98638001
07-03-2021 15:00, EG60, 64.22381, 1027.82237, 5677063.21019001
07-03-2021 16:00, EG60, 64.21735, 1092.03972, 5677127.42754001
07-03-2021 17:00, EG60, 64.21411, 1156.25383, 5677191.64165001
07-03-2021 18:00, EG60, 64.20754, 1220.46137, 5677255.84919001
07-03-2021 19:00, EG60, 64.20042, 1284.66179, 5677320.04961001
07-03-2021 20:00, EG60, 64.19398, 1348.85577, 5677384.24359001
07-03-2021 21:00, EG60, 64.18764, 1413.04341, 5677448.43123001
07-03-2021 22:00, EG60, 64.18603, 1477.22944, 5677512.61726001
07-03-2021 23:00, EG60, 64.18208, 1541.41152, 5677576.79934001
07-03-2021 00:00, NC83 Kolichestvo [liters/30min], 0.3673553, 0.3673553, 435829.551489331
07-03-2021 00:30, NC83 Kolichestvo [liters/30min], 0.5445957, 0.911951, 435830.096085031
07-03-2021 01:00, NC83 Kolichestvo [liters/30min], 0.5699158, 1.4818668, 435830.666000831
07-03-2021 01:30, NC83 Kolichestvo [liters/30min], 0.01974106, 1.50160786, 435830.685741891
07-03-2021 02:00, NC83 Kolichestvo [liters/30min], 0.6458759, 2.14748376, 435831.331617791
07-03-2021 02:30, NC83 Kolichestvo [liters/30min], 0.2261639, 2.37364766, 435831.557781691
07-03-2021 03:00, NC83 Kolichestvo [liters/30min], 0.3420353, 2.71568296, 435831.899816991
07-03-2021 03:30, NC83 Kolichestvo [liters/30min], 0.3308773, 3.04656026, 435832.230694291
07-03-2021 04:00, NC83 Kolichestvo [liters/30min], 0.48666, 3.53322026, 435832.717354291
07-03-2021 04:30, NC83 Kolichestvo [liters/30min], 0.3240108, 3.85723106, 435833.041365091
07-03-2021 05:00, NC83 Kolichestvo [liters/30min], 0.4321575, 4.28938856, 435833.473522591
07-03-2021 05:30, NC83 Kolichestvo [liters/30min], 0.3274441, 4.61683266, 435833.800966691
07-03-2021 06:00, NC83 Kolichestvo [liters/30min], 0.1750946, 4.79192726, 435833.976061291
07-03-2021 06:30, NC83 Kolichestvo [liters/30min], 0.4360199, 5.22794716, 435834.412081191
07-03-2021 07:00, NC83 Kolichestvo [liters/30min], 0.1536369, 5.38158406, 435834.565718091
07-03-2021 07:30, NC83 Kolichestvo [liters/30min], 0.4175663, 5.79915036, 435834.983284391
07-03-2021 08:00, NC83 Kolichestvo [liters/30min], 0.2150059, 6.01415626, 435835.198290291
07-03-2021 08:30, NC83 Kolichestvo [liters/30min], 0.5918026, 6.60595886, 435835.790092891
07-03-2021 09:00, NC83 Kolichestvo [liters/30min], 0.3128529, 6.91881176, 435836.102945791
07-03-2021 09:30, NC83 Kolichestvo [liters/30min], 0.2407551, 7.15956686, 435836.343700891
07-03-2021 10:00, NC83 Kolichestvo [liters/30min], 0.1390457, 7.29861256, 435836.482746591
07-03-2021 10:30, NC83 Kolichestvo [liters/30min], 0.0562191, 7.35483166, 435836.538965691
07-03-2021 11:00, NC83 Kolichestvo [liters/30min], 0, 7.35483166, 435836.538965691
07-03-2021 11:30, NC83 Kolichestvo [liters/30min], 0, 7.35483166, 435836.538965691
07-03-2021 12:00, NC83 Kolichestvo [liters/30min], 0, 7.35483166, 435836.538965691
07-03-2021 12:30, NC83 Kolichestvo [liters/30min], 0, 7.35483166, 435836.538965691
07-03-2021 13:00, NC83 Kolichestvo [liters/30min], 0.02703667, 7.38186833, 435836.566002361
07-03-2021 13:30, NC83 Kolichestvo [liters/30min], 0, 7.38186833, 435836.566002361
07-03-2021 14:00, NC83 Kolichestvo [liters/30min], 0, 7.38186833, 435836.566002361
07-03-2021 14:30, NC83 Kolichestvo [liters/30min], 0, 7.38186833, 435836.566002361
07-03-2021 15:00, NC83 Kolichestvo [liters/30min], 0, 7.38186833, 435836.566002361
07-03-2021 15:30, NC83 Kolichestvo [liters/30min], 0, 7.38186833, 435836.566002361
07-03-2021 16:00, NC83 Kolichestvo [liters/30min], 0, 7.38186833, 435836.566002361
07-03-2021 16:30, NC83 Kolichestvo [liters/30min], 0, 7.38186833, 435836.566002361
07-03-2021 17:00, NC83 Kolichestvo [liters/30min], 0, 7.38186833, 435836.566002361
07-03-2021 17:30, NC83 Kolichestvo [liters/30min], 0, 7.38186833, 435836.566002361
07-03-2021 18:00, NC83 Kolichestvo [liters/30min], 0, 7.38186833, 435836.566002361
07-03-2021 18:30, NC83 Kolichestvo [liters/30min], 0, 7.38186833, 435836.566002361
07-03-2021 19:00, NC83 Kolichestvo [liters/30min], 0.08840561, 7.47027394, 435836.654407971
07-03-2021 19:30, NC83 Kolichestvo [liters/30min], 0, 7.47027394, 435836.654407971
07-03-2021 20:00, NC83 Kolichestvo [liters/30min], 0.1064301, 7.57670404, 435836.760838071
07-03-2021 20:30, NC83 Kolichestvo [liters/30min], 0.3780842, 7.95478824, 435837.138922271
07-03-2021 21:00, NC83 Kolichestvo [liters/30min], 0.302124, 8.25691224, 435837.441046271
07-03-2021 21:30, NC83 Kolichestvo [liters/30min], 0.3347397, 8.59165194, 435837.775785971
07-03-2021 22:00, NC83 Kolichestvo [liters/30min], 0.2261639, 8.81781584, 435838.001949871
07-03-2021 22:30, NC83 Kolichestvo [liters/30min], 0.3201485, 9.13796434, 435838.322098371
07-03-2021 23:00, NC83 Kolichestvo [liters/30min], 0.363493, 9.50145734, 435838.685591371
07-03-2021 00:00, NC84 Kolichestvo [liters/30min], 0, 0, 254508.287534494
07-03-2021 00:30, NC84 Kolichestvo [liters/30min], 0, 0, 254508.287534494
07-03-2021 01:00, NC84 Kolichestvo [liters/30min], 0.001716614, 0.001716614, 254508.289251108
07-03-2021 01:30, NC84 Kolichestvo [liters/30min], 0, 0.001716614, 254508.289251108
07-03-2021 02:00, NC84 Kolichestvo [liters/30min], 0.2407551, 0.242471714, 254508.530006208
07-03-2021 02:30, NC84 Kolichestvo [liters/30min], 0.2085686, 0.451040314, 254508.738574808
07-03-2021 03:00, NC84 Kolichestvo [liters/30min], 0, 0.451040314, 254508.738574808
07-03-2021 03:30, NC84 Kolichestvo [liters/30min], 0, 0.451040314, 254508.738574808
07-03-2021 04:00, NC84 Kolichestvo [liters/30min], 0, 0.451040314, 254508.738574808
07-03-2021 04:30, NC84 Kolichestvo [liters/30min], 0, 0.451040314, 254508.738574808
07-03-2021 05:00, NC84 Kolichestvo [liters/30min], 0, 0.451040314, 254508.738574808
07-03-2021 05:30, NC84 Kolichestvo [liters/30min], 0, 0.451040314, 254508.738574808
07-03-2021 06:00, NC84 Kolichestvo [liters/30min], 0, 0.451040314, 254508.738574808
07-03-2021 06:30, NC84 Kolichestvo [liters/30min], 0.3025532, 0.753593514, 254509.041128008
07-03-2021 07:00, NC84 Kolichestvo [liters/30min], 0, 0.753593514, 254509.041128008
07-03-2021 07:30, NC84 Kolichestvo [liters/30min], 0, 0.753593514, 254509.041128008
07-03-2021 08:00, NC84 Kolichestvo [liters/30min], 0, 0.753593514, 254509.041128008
07-03-2021 08:30, NC84 Kolichestvo [liters/30min], 0, 0.753593514, 254509.041128008
07-03-2021 09:00, NC84 Kolichestvo [liters/30min], 0, 0.753593514, 254509.041128008
07-03-2021 09:30, NC84 Kolichestvo [liters/30min], 0, 0.753593514, 254509.041128008
07-03-2021 10:00, NC84 Kolichestvo [liters/30min], 0.2986908, 1.052284314, 254509.339818808
07-03-2021 10:30, NC84 Kolichestvo [liters/30min], 0, 1.052284314, 254509.339818808
07-03-2021 11:00, NC84 Kolichestvo [liters/30min], 0, 1.052284314, 254509.339818808
07-03-2021 11:30, NC84 Kolichestvo [liters/30min], 95.41755, 96.469834314, 254604.757368808
07-03-2021 12:00, NC84 Kolichestvo [liters/30min], 0, 96.469834314, 254604.757368808
07-03-2021 12:30, NC84 Kolichestvo [liters/30min], 0, 96.469834314, 254604.757368808
07-03-2021 13:00, NC84 Kolichestvo [liters/30min], 0, 96.469834314, 254604.757368808
07-03-2021 13:30, NC84 Kolichestvo [liters/30min], 0, 96.469834314, 254604.757368808
07-03-2021 14:00, NC84 Kolichestvo [liters/30min], 0, 96.469834314, 254604.757368808
07-03-2021 14:30, NC84 Kolichestvo [liters/30min], 0, 96.469834314, 254604.757368808
07-03-2021 15:00, NC84 Kolichestvo [liters/30min], 0, 96.469834314, 254604.757368808
07-03-2021 15:30, NC84 Kolichestvo [liters/30min], 0, 96.469834314, 254604.757368808
07-03-2021 16:00, NC84 Kolichestvo [liters/30min], 0, 96.469834314, 254604.757368808
07-03-2021 16:30, NC84 Kolichestvo [liters/30min], 0, 96.469834314, 254604.757368808
07-03-2021 17:00, NC84 Kolichestvo [liters/30min], 0, 96.469834314, 254604.757368808
07-03-2021 17:30, NC84 Kolichestvo [liters/30min], 0, 96.469834314, 254604.757368808
07-03-2021 18:00, NC84 Kolichestvo [liters/30min], 0, 96.469834314, 254604.757368808
07-03-2021 18:30, NC84 Kolichestvo [liters/30min], 0.520134, 96.989968314, 254605.277502808
07-03-2021 19:00, NC84 Kolichestvo [liters/30min], 0.447607, 97.437575314, 254605.725109808
07-03-2021 19:30, NC84 Kolichestvo [liters/30min], 0.4943848, 97.931960114, 254606.219494608
07-03-2021 20:00, NC84 Kolichestvo [liters/30min], 0, 97.931960114, 254606.219494608
07-03-2021 20:30, NC84 Kolichestvo [liters/30min], 0, 97.931960114, 254606.219494608
07-03-2021 21:00, NC84 Kolichestvo [liters/30min], 0.03819466, 97.970154774, 254606.257689268
07-03-2021 21:30, NC84 Kolichestvo [liters/30min], 0, 97.970154774, 254606.257689268
07-03-2021 22:00, NC84 Kolichestvo [liters/30min], 0.4690647, 98.439219474, 254606.726753968
07-03-2021 22:30, NC84 Kolichestvo [liters/30min], 0, 98.439219474, 254606.726753968
07-03-2021 23:00, NC84 Kolichestvo [liters/30min], 0, 98.439219474, 254606.726753968
07-03-2021 00:00, EG47 LOT, 127.3957, 127.3957, 1289789.10247
07-03-2021 01:00, EG47 LOT, 127.3797, 254.7754, 1289916.48217
07-03-2021 02:00, EG47 LOT, 127.4282, 382.2036, 1290043.91037
07-03-2021 03:00, EG47 LOT, 127.4302, 509.6338, 1290171.34057
07-03-2021 04:00, EG47 LOT, 127.4258, 637.0596, 1290298.76637
07-03-2021 05:00, EG47 LOT, 127.4774, 764.537, 1290426.24377
07-03-2021 06:00, EG47 LOT, 127.453, 891.99, 1290553.69677
07-03-2021 07:00, EG47 LOT, 127.3906, 1019.3806, 1290681.08737
07-03-2021 08:00, EG47 LOT, 127.4072, 1146.7878, 1290808.49457
07-03-2021 09:00, EG47 LOT, 127.3857, 1274.1735, 1290935.88027
07-03-2021 10:00, EG47 LOT, 127.3665, 1401.54, 1291063.24677
07-03-2021 11:00, EG47 LOT, 127.4001, 1528.9401, 1291190.64687
07-03-2021 12:00, EG47 LOT, 127.3751, 1656.3152, 1291318.02197
07-03-2021 13:00, EG47 LOT, 127.3631, 1783.6783, 1291445.38507
07-03-2021 14:00, EG47 LOT, 127.3519, 1911.0302, 1291572.73697
07-03-2021 15:00, EG47 LOT, 127.342, 2038.3722, 1291700.07897
07-03-2021 16:00, EG47 LOT, 127.3756, 2165.7478, 1291827.45457
07-03-2021 17:00, EG47 LOT, 127.3867, 2293.1345, 1291954.84127
07-03-2021 18:00, EG47 LOT, 127.4023, 2420.5368, 1292082.24357
07-03-2021 19:00, EG47 LOT, 127.4429, 2547.9797, 1292209.68647
07-03-2021 20:00, EG47 LOT, 127.4675, 2675.4472, 1292337.15397
07-03-2021 21:00, EG47 LOT, 127.4399, 2802.8871, 1292464.59387
07-03-2021 22:00, EG47 LOT, 127.4413, 2930.3284, 1292592.03517
07-03-2021 23:00, EG47 LOT, 127.3493, 3057.6777, 1292719.38447
07-03-2021 00:00, EG50 LOT, 69.77502, 69.77502, 775116.828269999
07-03-2021 01:00, EG50 LOT, 69.78514, 139.56016, 775186.61341
07-03-2021 02:00, EG50 LOT, 69.78851, 209.34867, 775256.40192
07-03-2021 03:00, EG50 LOT, 69.83548, 279.18415, 775326.2374
07-03-2021 04:00, EG50 LOT, 69.84266, 349.02681, 775396.080059999
07-03-2021 05:00, EG50 LOT, 69.84827, 418.87508, 775465.928329999
07-03-2021 06:00, EG50 LOT, 69.85728, 488.73236, 775535.785609999
07-03-2021 07:00, EG50 LOT, 69.85117, 558.58353, 775605.636779999
07-03-2021 08:00, EG50 LOT, 69.8572, 628.44073, 775675.493979999
07-03-2021 09:00, EG50 LOT, 69.87893, 698.31966, 775745.372909999
07-03-2021 10:00, EG50 LOT, 69.89481, 768.21447, 775815.267719999
07-03-2021 11:00, EG50 LOT, 69.93082, 838.14529, 775885.198539999
07-03-2021 12:00, EG50 LOT, 69.93131, 908.0766, 775955.129849999
07-03-2021 13:00, EG50 LOT, 69.94748, 978.02408, 776025.077329999
07-03-2021 14:00, EG50 LOT, 69.95191, 1047.97599, 776095.029239999
07-03-2021 15:00, EG50 LOT, 69.98439, 1117.96038, 776165.013629999
07-03-2021 16:00, EG50 LOT, 69.99431, 1187.95469, 776235.007939999
07-03-2021 17:00, EG50 LOT, 69.99817, 1257.95286, 776305.006109999
07-03-2021 18:00, EG50 LOT, 70.08183, 1328.03469, 776375.087939999
07-03-2021 19:00, EG50 LOT, 70.09062, 1398.12531, 776445.178559999
07-03-2021 20:00, EG50 LOT, 70.11559, 1468.2409, 776515.294149999
07-03-2021 21:00, EG50 LOT, 70.12156, 1538.36246, 776585.415709999
07-03-2021 22:00, EG50 LOT, 70.12514, 1608.4876, 776655.540849999
07-03-2021 23:00, EG50 LOT, 70.12289, 1678.61049, 776725.663739999
07-03-2021 00:00, EG58 LOT, 58.91968, 58.91968, 789512.372840001
07-03-2021 01:00, EG58 LOT, 58.91729, 117.83697, 789571.290130001
07-03-2021 02:00, EG58 LOT, 58.9142, 176.75117, 789630.204330001
07-03-2021 03:00, EG58 LOT, 58.91153, 235.6627, 789689.115860001
07-03-2021 04:00, EG58 LOT, 58.91109, 294.57379, 789748.026950001
07-03-2021 05:00, EG58 LOT, 58.90857, 353.48236, 789806.935520001
07-03-2021 06:00, EG58 LOT, 58.9099, 412.39226, 789865.845420001
07-03-2021 07:00, EG58 LOT, 58.90913, 471.30139, 789924.754550001
07-03-2021 08:00, EG58 LOT, 58.90322, 530.20461, 789983.657770001
07-03-2021 09:00, EG58 LOT, 58.90414, 589.10875, 790042.561910001
07-03-2021 10:00, EG58 LOT, 58.90245, 648.0112, 790101.464360001
07-03-2021 11:00, EG58 LOT, 58.89886, 706.91006, 790160.363220001
07-03-2021 12:00, EG58 LOT, 58.89458, 765.80464, 790219.257800001
07-03-2021 13:00, EG58 LOT, 58.88783, 824.69247, 790278.145630001
07-03-2021 14:00, EG58 LOT, 58.88108, 883.57355, 790337.026710001
07-03-2021 15:00, EG58 LOT, 58.88094, 942.45449, 790395.907650001
07-03-2021 16:00, EG58 LOT, 58.87679, 1001.33128, 790454.784440001
07-03-2021 17:00, EG58 LOT, 58.88158, 1060.21286, 790513.666020001
07-03-2021 18:00, EG58 LOT, 58.87426, 1119.08712, 790572.540280001
07-03-2021 19:00, EG58 LOT, 58.87932, 1177.96644, 790631.419600001
07-03-2021 20:00, EG58 LOT, 58.87897, 1236.84541, 790690.298570001
07-03-2021 21:00, EG58 LOT, 58.87271, 1295.71812, 790749.171280001
07-03-2021 22:00, EG58 LOT, 58.86238, 1354.5805, 790808.033660001
07-03-2021 23:00, EG58 LOT, 58.85416, 1413.43466, 790866.887820001
07-03-2021 00:00, SK33 Kolichestvo [liters/30min], 143.6364, 143.6364, 10932301.6863837
07-03-2021 00:30, SK33 Kolichestvo [liters/30min], 113.627, 257.2634, 10932415.3133837
07-03-2021 01:00, SK33 Kolichestvo [liters/30min], 135.3061, 392.5695, 10932550.6194837
07-03-2021 01:30, SK33 Kolichestvo [liters/30min], 128.8761, 521.4456, 10932679.4955837
07-03-2021 02:00, SK33 Kolichestvo [liters/30min], 128.8542, 650.2998, 10932808.3497837
07-03-2021 02:30, SK33 Kolichestvo [liters/30min], 112.57, 762.8698, 10932920.9197837
07-03-2021 03:00, SK33 Kolichestvo [liters/30min], 101.9115, 864.7813, 10933022.8312837
07-03-2021 03:30, SK33 Kolichestvo [liters/30min], 102.9797, 967.761, 10933125.8109837
07-03-2021 04:00, SK33 Kolichestvo [liters/30min], 113.5149, 1081.2759, 10933239.3258837
07-03-2021 04:30, SK33 Kolichestvo [liters/30min], 112.2803, 1193.5562, 10933351.6061837
07-03-2021 05:00, SK33 Kolichestvo [liters/30min], 110.8538, 1304.41, 10933462.4599837
07-03-2021 05:30, SK33 Kolichestvo [liters/30min], 109.5036, 1413.9136, 10933571.9635837
07-03-2021 06:00, SK33 Kolichestvo [liters/30min], 108.7217, 1522.6353, 10933680.6852837
07-03-2021 06:30, SK33 Kolichestvo [liters/30min], 113.942, 1636.5773, 10933794.6272837
07-03-2021 07:00, SK33 Kolichestvo [liters/30min], 106.7845, 1743.3618, 10933901.4117837
07-03-2021 07:30, SK33 Kolichestvo [liters/30min], 108.526, 1851.8878, 10934009.9377837
07-03-2021 08:00, SK33 Kolichestvo [liters/30min], 118.2502, 1970.138, 10934128.1879837
07-03-2021 08:30, SK33 Kolichestvo [liters/30min], 106.2635, 2076.4015, 10934234.4514837
07-03-2021 09:00, SK33 Kolichestvo [liters/30min], 90.5724, 2166.9739, 10934325.0238837
07-03-2021 09:30, SK33 Kolichestvo [liters/30min], 79.32043, 2246.29433, 10934404.3443137
07-03-2021 10:00, SK33 Kolichestvo [liters/30min], 110.5641, 2356.85843, 10934514.9084137
07-03-2021 10:30, SK33 Kolichestvo [liters/30min], 132.196, 2489.05443, 10934647.1044137
07-03-2021 11:00, SK33 Kolichestvo [liters/30min], 95.31155, 2584.36598, 10934742.4159637
07-03-2021 11:30, SK33 Kolichestvo [liters/30min], 33.82673, 2618.19271, 10934776.2426937
07-03-2021 12:00, SK33 Kolichestvo [liters/30min], 84.65309, 2702.8458, 10934860.8957837
07-03-2021 12:30, SK33 Kolichestvo [liters/30min], 90.94191, 2793.78771, 10934951.8376937
07-03-2021 13:00, SK33 Kolichestvo [liters/30min], 92.68298, 2886.47069, 10935044.5206737
07-03-2021 13:30, SK33 Kolichestvo [liters/30min], 95.63728, 2982.10797, 10935140.1579537
07-03-2021 14:00, SK33 Kolichestvo [liters/30min], 110.9877, 3093.09567, 10935251.1456537
07-03-2021 14:30, SK33 Kolichestvo [liters/30min], 76.63049, 3169.72616, 10935327.7761437
07-03-2021 15:00, SK33 Kolichestvo [liters/30min], 88.2627, 3257.98886, 10935416.0388437
07-03-2021 15:30, SK33 Kolichestvo [liters/30min], 111.9254, 3369.91426, 10935527.9642437
07-03-2021 16:00, SK33 Kolichestvo [liters/30min], 98.01607, 3467.93033, 10935625.9803137
07-03-2021 16:30, SK33 Kolichestvo [liters/30min], 121.9538, 3589.88413, 10935747.9341137
07-03-2021 17:00, SK33 Kolichestvo [liters/30min], 113.6128, 3703.49693, 10935861.5469137
07-03-2021 17:30, SK33 Kolichestvo [liters/30min], 64.991, 3768.48793, 10935926.5379137
07-03-2021 18:00, SK33 Kolichestvo [liters/30min], 106.5382, 3875.02613, 10936033.0761137
07-03-2021 18:30, SK33 Kolichestvo [liters/30min], 92.14354, 3967.16967, 10936125.2196537
07-03-2021 19:00, SK33 Kolichestvo [liters/30min], 81.45633, 4048.626, 10936206.6759837
07-03-2021 19:30, SK33 Kolichestvo [liters/30min], 79.05221, 4127.67821, 10936285.7281937
07-03-2021 20:00, SK33 Kolichestvo [liters/30min], 81.59752, 4209.27573, 10936367.3257137
07-03-2021 20:30, SK33 Kolichestvo [liters/30min], 86.70616, 4295.98189, 10936454.0318737
07-03-2021 21:00, SK33 Kolichestvo [liters/30min], 72.95566, 4368.93755, 10936526.9875337
07-03-2021 21:30, SK33 Kolichestvo [liters/30min], 61.97877, 4430.91632, 10936588.9663037
07-03-2021 22:00, SK33 Kolichestvo [liters/30min], 79.21185, 4510.12817, 10936668.1781537
07-03-2021 22:30, SK33 Kolichestvo [liters/30min], 81.04005, 4591.16822, 10936749.2182037
07-03-2021 23:00, SK33 Kolichestvo [liters/30min], 75.23317, 4666.40139, 10936824.4513737
07-03-2021 00:00, SK33 LOT, 56.32383, 56.32383, 3226488.05918404
07-03-2021 00:30, SK33 LOT, 55.90875, 112.23258, 3226543.96793404
07-03-2021 01:00, SK33 LOT, 55.37551, 167.60809, 3226599.34344404
07-03-2021 01:30, SK33 LOT, 55.37717, 222.98526, 3226654.72061404
07-03-2021 02:00, SK33 LOT, 55.00964, 277.9949, 3226709.73025404
07-03-2021 02:30, SK33 LOT, 54.77502, 332.76992, 3226764.50527404
07-03-2021 03:00, SK33 LOT, 53.49369, 386.26361, 3226817.99896404
07-03-2021 03:30, SK33 LOT, 53.11665, 439.38026, 3226871.11561404
07-03-2021 04:00, SK33 LOT, 52.99165, 492.37191, 3226924.10726404
07-03-2021 04:30, SK33 LOT, 52.68452, 545.05643, 3226976.79178404
07-03-2021 05:00, SK33 LOT, 52.2585, 597.31493, 3227029.05028404
07-03-2021 05:30, SK33 LOT, 52.1295, 649.44443, 3227081.17978404
07-03-2021 06:00, SK33 LOT, 51.95352, 701.39795, 3227133.13330404
07-03-2021 06:30, SK33 LOT, 51.87443, 753.27238, 3227185.00773404
07-03-2021 07:00, SK33 LOT, 51.79591, 805.06829, 3227236.80364404
07-03-2021 07:30, SK33 LOT, 51.43991, 856.5082, 3227288.24355404
07-03-2021 08:00, SK33 LOT, 51.27648, 907.78468, 3227339.52003404
07-03-2021 08:30, SK33 LOT, 50.99396, 958.77864, 3227390.51399404
07-03-2021 09:00, SK33 LOT, 50.65525, 1009.43389, 3227441.16924404
07-03-2021 09:30, SK33 LOT, 49.89471, 1059.3286, 3227491.06395404
07-03-2021 10:00, SK33 LOT, 49.43696, 1108.76556, 3227540.50091404
07-03-2021 10:30, SK33 LOT, 49.6936, 1158.45916, 3227590.19451404
07-03-2021 11:00, SK33 LOT, 50.58708, 1209.04624, 3227640.78159404
07-03-2021 11:30, SK33 LOT, 48.21167, 1257.25791, 3227688.99326404
07-03-2021 12:00, SK33 LOT, 47.2146, 1304.47251, 3227736.20786404
07-03-2021 12:30, SK33 LOT, 47.47649, 1351.949, 3227783.68435404
07-03-2021 13:00, SK33 LOT, 47.52664, 1399.47564, 3227831.21099404
07-03-2021 13:30, SK33 LOT, 47.60469, 1447.08033, 3227878.81568404
07-03-2021 14:00, SK33 LOT, 47.49243, 1494.57276, 3227926.30811404
07-03-2021 14:30, SK33 LOT, 47.36945, 1541.94221, 3227973.67756404
07-03-2021 15:00, SK33 LOT, 47.19557, 1589.13778, 3228020.87313404
07-03-2021 15:30, SK33 LOT, 47.25865, 1636.39643, 3228068.13178404
07-03-2021 16:00, SK33 LOT, 47.78906, 1684.18549, 3228115.92084404
07-03-2021 16:30, SK33 LOT, 47.6723, 1731.85779, 3228163.59314404
07-03-2021 17:00, SK33 LOT, 48.06128, 1779.91907, 3228211.65442404
07-03-2021 17:30, SK33 LOT, 47.55933, 1827.4784, 3228259.21375404
07-03-2021 18:00, SK33 LOT, 47.23143, 1874.70983, 3228306.44518404
07-03-2021 18:30, SK33 LOT, 46.98476, 1921.69459, 3228353.42994404
07-03-2021 19:00, SK33 LOT, 46.75397, 1968.44856, 3228400.18391404
07-03-2021 19:30, SK33 LOT, 46.10466, 2014.55322, 3228446.28857404
07-03-2021 20:00, SK33 LOT, 45.83087, 2060.38409, 3228492.11944404
07-03-2021 20:30, SK33 LOT, 45.4463, 2105.83039, 3228537.56574404
07-03-2021 21:00, SK33 LOT, 45.26137, 2151.09176, 3228582.82711404
07-03-2021 21:30, SK33 LOT, 44.9391, 2196.03086, 3228627.76621404
07-03-2021 22:00, SK33 LOT, 44.7663, 2240.79716, 3228672.53251404
07-03-2021 22:30, SK33 LOT, 44.38638, 2285.18354, 3228716.91889404
07-03-2021 23:00, SK33 LOT, 44.3251, 2329.50864, 3228761.24399404
07-03-2021 00:00, EG-61, 143.386, 143.386, 77929.0440000001
07-03-2021 02:00, EG-61, 143.378, 286.764, 78072.4220000001
07-03-2021 04:00, EG-61, 143.416, 430.18, 78215.8380000001
07-03-2021 06:00, EG-61, 143.437, 573.617, 78359.2750000001
07-03-2021 08:00, EG-61, 143.437, 717.054, 78502.7120000001
07-03-2021 10:00, EG-61, 143.445, 860.499, 78646.1570000001
07-03-2021 12:00, EG-61, 143.478, 1003.977, 78789.6350000001
07-03-2021 14:00, EG-61, 143.503, 1147.48, 78933.1380000001
07-03-2021 16:00, EG-61, 143.54, 1291.02, 79076.6780000001
07-03-2021 18:00, EG-61, 143.595, 1434.615, 79220.2730000001
07-03-2021 20:00, EG-61, 143.569, 1578.184, 79363.8420000001
07-03-2021 22:00, EG-61, 143.579, 1721.763, 79507.4210000001
07-03-2021 00:00, EG-67, 65.894, 65.894, 51300.637
07-03-2021 02:00, EG-67, 65.831, 131.725, 51366.468
07-03-2021 04:00, EG-67, 65.798, 197.523, 51432.266
07-03-2021 06:00, EG-67, 65.757, 263.28, 51498.023
07-03-2021 08:00, EG-67, 65.75, 329.03, 51563.773
07-03-2021 10:00, EG-67, 65.705, 394.735, 51629.478
07-03-2021 12:00, EG-67, 65.675, 460.41, 51695.153
07-03-2021 14:00, EG-67, 65.658, 526.068, 51760.811
07-03-2021 16:00, EG-67, 65.709, 591.777, 51826.52
07-03-2021 18:00, EG-67, 65.704, 657.481, 51892.224
07-03-2021 20:00, EG-67, 65.694, 723.175, 51957.918
07-03-2021 22:00, EG-67, 65.662, 788.837, 52023.58
07-03-2021 00:00, SK 40 LOT, 127.321, 127.321, 1336807.874
07-03-2021 01:00, SK 40 LOT, 127.312, 254.633, 1336935.186
07-03-2021 02:00, SK 40 LOT, 127.332, 381.965, 1337062.518
07-03-2021 03:00, SK 40 LOT, 127.3, 509.265, 1337189.818
07-03-2021 04:00, SK 40 LOT, 127.322, 636.587, 1337317.14
07-03-2021 05:00, SK 40 LOT, 127.312, 763.899, 1337444.452
07-03-2021 06:00, SK 40 LOT, 127.359, 891.258, 1337571.811
07-03-2021 07:00, SK 40 LOT, 127.321, 1018.579, 1337699.132
07-03-2021 08:00, SK 40 LOT, 127.346, 1145.925, 1337826.478
07-03-2021 09:00, SK 40 LOT, 127.351, 1273.276, 1337953.829
07-03-2021 10:00, SK 40 LOT, 127.353, 1400.629, 1338081.182
07-03-2021 11:00, SK 40 LOT, 127.326, 1527.955, 1338208.508
07-03-2021 12:00, SK 40 LOT, 127.378, 1655.333, 1338335.886
07-03-2021 13:00, SK 40 LOT, 127.322, 1782.655, 1338463.208
07-03-2021 14:00, SK 40 LOT, 127.332, 1909.987, 1338590.54
07-03-2021 15:00, SK 40 LOT, 127.407, 2037.394, 1338717.947
07-03-2021 16:00, SK 40 LOT, 127.36, 2164.754, 1338845.307
07-03-2021 17:00, SK 40 LOT, 127.399, 2292.153, 1338972.706
07-03-2021 18:00, SK 40 LOT, 127.408, 2419.561, 1339100.114
07-03-2021 19:00, SK 40 LOT, 127.436, 2546.997, 1339227.55
07-03-2021 20:00, SK 40 LOT, 127.419, 2674.416, 1339354.969
07-03-2021 21:00, SK 40 LOT, 127.458, 2801.874, 1339482.427
07-03-2021 22:00, SK 40 LOT, 127.463, 2929.337, 1339609.89
07-03-2021 23:00, SK 40 LOT, 127.453, 3056.79, 1339737.343
07-03-2021 00:00, EG-68, 37.389, 37.389, 21631.413
07-03-2021 02:00, EG-68, 37.393, 74.782, 21668.806
07-03-2021 04:00, EG-68, 37.385, 112.167, 21706.191
07-03-2021 06:00, EG-68, 37.408, 149.575, 21743.599
07-03-2021 08:00, EG-68, 37.403, 186.978, 21781.002
07-03-2021 10:00, EG-68, 37.397, 224.375, 21818.399
07-03-2021 12:00, EG-68, 37.413, 261.788, 21855.812
07-03-2021 14:00, EG-68, 37.456, 299.244, 21893.268
07-03-2021 16:00, EG-68, 37.482, 336.726, 21930.75
07-03-2021 18:00, EG-68, 37.523, 374.249, 21968.273
07-03-2021 20:00, EG-68, 37.523, 411.772, 22005.796
07-03-2021 22:00, EG-68, 37.528, 449.3, 22043.324
07-03-2021 00:00, SK 39 LOT, 121.802, 121.802, 90256.0439999998
07-03-2021 01:00, SK 39 LOT, 122.187, 243.989, 90378.2309999998
07-03-2021 02:00, SK 39 LOT, 122.66, 366.649, 90500.8909999998
07-03-2021 03:00, SK 39 LOT, 122.832, 489.481, 90623.7229999998
07-03-2021 04:00, SK 39 LOT, 123.223, 612.704, 90746.9459999998
07-03-2021 05:00, SK 39 LOT, 123.268, 735.972, 90870.2139999998
07-03-2021 06:00, SK 39 LOT, 124.088, 860.06, 90994.3019999998
07-03-2021 07:00, SK 39 LOT, 124.693, 984.753, 91118.9949999998
07-03-2021 08:00, SK 39 LOT, 124.39, 1109.143, 91243.3849999998
07-03-2021 09:00, SK 39 LOT, 124.303, 1233.446, 91367.6879999998
07-03-2021 10:00, SK 39 LOT, 124.262, 1357.708, 91491.9499999998
07-03-2021 11:00, SK 39 LOT, 124.355, 1482.063, 91616.3049999998
07-03-2021 12:00, SK 39 LOT, 124.878, 1606.941, 91741.1829999998
07-03-2021 13:00, SK 39 LOT, 125.018, 1731.959, 91866.2009999998
07-03-2021 14:00, SK 39 LOT, 125.417, 1857.376, 91991.6179999998
07-03-2021 15:00, SK 39 LOT, 124.995, 1982.371, 92116.6129999998
07-03-2021 16:00, SK 39 LOT, 125.475, 2107.846, 92242.0879999998
07-03-2021 17:00, SK 39 LOT, 125.524, 2233.37, 92367.6119999998
07-03-2021 18:00, SK 39 LOT, 126.002, 2359.372, 92493.6139999998
07-03-2021 19:00, SK 39 LOT, 126.306, 2485.678, 92619.9199999998
07-03-2021 20:00, SK 39 LOT, 126.05, 2611.728, 92745.9699999998
07-03-2021 21:00, SK 39 LOT, 126.093, 2737.821, 92872.0629999998
07-03-2021 22:00, SK 39 LOT, 126.313, 2864.134, 92998.3759999998
07-03-2021 23:00, SK 39 LOT, 126.663, 2990.797, 93125.0389999998
07-03-2021 00:00, SK 38 LOT, 81.878, 81.878, 63922.887
07-03-2021 01:00, SK 38 LOT, 81.644, 163.522, 64004.531
07-03-2021 02:00, SK 38 LOT, 81.566, 245.088, 64086.097
07-03-2021 03:00, SK 38 LOT, 81.685, 326.773, 64167.782
07-03-2021 04:00, SK 38 LOT, 82.048, 408.821, 64249.83
07-03-2021 05:00, SK 38 LOT, 82.124, 490.945, 64331.954
07-03-2021 06:00, SK 38 LOT, 82.19, 573.135, 64414.144
07-03-2021 07:00, SK 38 LOT, 66.678, 639.813, 64480.822
07-03-2021 08:00, SK 38 LOT, 78.179, 717.992, 64559.001
07-03-2021 09:00, SK 38 LOT, 79.879, 797.871, 64638.88
07-03-2021 10:00, SK 38 LOT, 80.639, 878.51, 64719.519
07-03-2021 11:00, SK 38 LOT, 80.812, 959.322, 64800.331
07-03-2021 12:00, SK 38 LOT, 81.138, 1040.46, 64881.469
07-03-2021 13:00, SK 38 LOT, 81.511, 1121.971, 64962.98
07-03-2021 14:00, SK 38 LOT, 81.817, 1203.788, 65044.797
07-03-2021 15:00, SK 38 LOT, 81.729, 1285.517, 65126.526
07-03-2021 16:00, SK 38 LOT, 81.688, 1367.205, 65208.214
07-03-2021 17:00, SK 38 LOT, 81.932, 1449.137, 65290.146
07-03-2021 18:00, SK 38 LOT, 82.184, 1531.321, 65372.33
07-03-2021 19:00, SK 38 LOT, 82.002, 1613.323, 65454.332
07-03-2021 20:00, SK 38 LOT, 81.869, 1695.192, 65536.201
07-03-2021 21:00, SK 38 LOT, 82.194, 1777.386, 65618.395
07-03-2021 22:00, SK 38 LOT, 82.109, 1859.495, 65700.504
07-03-2021 23:00, SK 38 LOT, 82.209, 1941.704, 65782.713
07-03-2021 00:00, EG-66, 38.46, 38.46, 2518.906
07-03-2021 02:00, EG-66, 38.472, 76.932, 2557.378
07-03-2021 04:00, EG-66, 38.472, 115.404, 2595.85
07-03-2021 06:00, EG-66, 38.484, 153.888, 2634.334
07-03-2021 08:00, EG-66, 38.484, 192.372, 2672.818
07-03-2021 10:00, EG-66, 38.493, 230.865, 2711.311
07-03-2021 12:00, EG-66, 38.557, 269.422, 2749.868
07-03-2021 14:00, EG-66, 38.695, 308.117, 2788.563
07-03-2021 16:00, EG-66, 38.992, 347.109, 2827.555
07-03-2021 18:00, EG-66, 39.244, 386.353, 2866.799
07-03-2021 20:00, EG-66, 39.414, 425.767, 2906.213
07-03-2021 22:00, EG-66, 39.335, 465.102, 2945.548
