DATE STAMP, SENSOR NAME, DEBIT l/30min, TOTAL LITERS FOR THE DAY,TOTAL LITERS FROM THE START
04-03-2021 00:00, NC64 Kolichestvo [liters/30min], 3110, 3110, 191581700
04-03-2021 00:30, NC64 Kolichestvo [liters/30min], 3110, 6220, 191584810
04-03-2021 01:00, NC64 Kolichestvo [liters/30min], 3110, 9330, 191587920
04-03-2021 01:30, NC64 Kolichestvo [liters/30min], 3110, 12440, 191591030
04-03-2021 02:00, NC64 Kolichestvo [liters/30min], 3110, 15550, 191594140
04-03-2021 02:30, NC64 Kolichestvo [liters/30min], 3100, 18650, 191597240
04-03-2021 03:00, NC64 Kolichestvo [liters/30min], 3100, 21750, 191600340
04-03-2021 03:30, NC64 Kolichestvo [liters/30min], 3100, 24850, 191603440
04-03-2021 04:00, NC64 Kolichestvo [liters/30min], 3100, 27950, 191606540
04-03-2021 04:30, NC64 Kolichestvo [liters/30min], 3090, 31040, 191609630
04-03-2021 05:00, NC64 Kolichestvo [liters/30min], 3090, 34130, 191612720
04-03-2021 05:30, NC64 Kolichestvo [liters/30min], 3100, 37230, 191615820
04-03-2021 06:00, NC64 Kolichestvo [liters/30min], 3100, 40330, 191618920
04-03-2021 06:30, NC64 Kolichestvo [liters/30min], 3090, 43420, 191622010
04-03-2021 07:00, NC64 Kolichestvo [liters/30min], 3090, 46510, 191625100
04-03-2021 07:30, NC64 Kolichestvo [liters/30min], 3090, 49600, 191628190
04-03-2021 08:00, NC64 Kolichestvo [liters/30min], 3110, 52710, 191631300
04-03-2021 08:30, NC64 Kolichestvo [liters/30min], 3110, 55820, 191634410
04-03-2021 09:00, NC64 Kolichestvo [liters/30min], 3100, 58920, 191637510
04-03-2021 09:30, NC64 Kolichestvo [liters/30min], 3110, 62030, 191640620
04-03-2021 10:00, NC64 Kolichestvo [liters/30min], 3100, 65130, 191643720
04-03-2021 10:30, NC64 Kolichestvo [liters/30min], 3130, 68260, 191646850
04-03-2021 11:00, NC64 Kolichestvo [liters/30min], 3160, 71420, 191650010
04-03-2021 11:30, NC64 Kolichestvo [liters/30min], 3150, 74570, 191653160
04-03-2021 12:00, NC64 Kolichestvo [liters/30min], 3140, 77710, 191656300
04-03-2021 12:30, NC64 Kolichestvo [liters/30min], 3160, 80870, 191659460
04-03-2021 13:00, NC64 Kolichestvo [liters/30min], 3150, 84020, 191662610
04-03-2021 13:30, NC64 Kolichestvo [liters/30min], 3130, 87150, 191665740
04-03-2021 14:00, NC64 Kolichestvo [liters/30min], 3150, 90300, 191668890
04-03-2021 14:30, NC64 Kolichestvo [liters/30min], 3150, 93450, 191672040
04-03-2021 15:00, NC64 Kolichestvo [liters/30min], 3160, 96610, 191675200
04-03-2021 15:30, NC64 Kolichestvo [liters/30min], 3140, 99750, 191678340
04-03-2021 16:00, NC64 Kolichestvo [liters/30min], 3150, 102900, 191681490
04-03-2021 17:00, NC64 Kolichestvo [liters/30min], 3150, 106050, 191684640
04-03-2021 17:30, NC64 Kolichestvo [liters/30min], 3150, 109200, 191687790
04-03-2021 18:00, NC64 Kolichestvo [liters/30min], 3140, 112340, 191690930
04-03-2021 18:30, NC64 Kolichestvo [liters/30min], 3120, 115460, 191694050
04-03-2021 19:00, NC64 Kolichestvo [liters/30min], 3160, 118620, 191697210
04-03-2021 19:30, NC64 Kolichestvo [liters/30min], 3140, 121760, 191700350
04-03-2021 20:00, NC64 Kolichestvo [liters/30min], 3130, 124890, 191703480
04-03-2021 20:30, NC64 Kolichestvo [liters/30min], 3130, 128020, 191706610
04-03-2021 21:00, NC64 Kolichestvo [liters/30min], 3130, 131150, 191709740
04-03-2021 21:30, NC64 Kolichestvo [liters/30min], 3120, 134270, 191712860
04-03-2021 22:00, NC64 Kolichestvo [liters/30min], 3120, 137390, 191715980
04-03-2021 22:30, NC64 Kolichestvo [liters/30min], 3120, 140510, 191719100
04-03-2021 23:00, NC64 Kolichestvo [liters/30min], 3110, 143620, 191722210
04-03-2021 00:00, NC65 Kolichestvo [liters/30min], 720, 720, 74203710
04-03-2021 00:30, NC65 Kolichestvo [liters/30min], 720, 1440, 74204430
04-03-2021 01:00, NC65 Kolichestvo [liters/30min], 720, 2160, 74205150
04-03-2021 01:30, NC65 Kolichestvo [liters/30min], 730, 2890, 74205880
04-03-2021 02:00, NC65 Kolichestvo [liters/30min], 730, 3620, 74206610
04-03-2021 02:30, NC65 Kolichestvo [liters/30min], 740, 4360, 74207350
04-03-2021 03:00, NC65 Kolichestvo [liters/30min], 750, 5110, 74208100
04-03-2021 03:30, NC65 Kolichestvo [liters/30min], 750, 5860, 74208850
04-03-2021 04:00, NC65 Kolichestvo [liters/30min], 760, 6620, 74209610
04-03-2021 04:30, NC65 Kolichestvo [liters/30min], 760, 7380, 74210370
04-03-2021 05:00, NC65 Kolichestvo [liters/30min], 750, 8130, 74211120
04-03-2021 05:30, NC65 Kolichestvo [liters/30min], 760, 8890, 74211880
04-03-2021 06:00, NC65 Kolichestvo [liters/30min], 760, 9650, 74212640
04-03-2021 06:30, NC65 Kolichestvo [liters/30min], 770, 10420, 74213410
04-03-2021 07:00, NC65 Kolichestvo [liters/30min], 760, 11180, 74214170
04-03-2021 07:30, NC65 Kolichestvo [liters/30min], 760, 11940, 74214930
04-03-2021 08:00, NC65 Kolichestvo [liters/30min], 780, 12720, 74215710
04-03-2021 08:30, NC65 Kolichestvo [liters/30min], 770, 13490, 74216480
04-03-2021 09:00, NC65 Kolichestvo [liters/30min], 760, 14250, 74217240
04-03-2021 09:30, NC65 Kolichestvo [liters/30min], 740, 14990, 74217980
04-03-2021 10:00, NC65 Kolichestvo [liters/30min], 720, 15710, 74218700
04-03-2021 10:30, NC65 Kolichestvo [liters/30min], 700, 16410, 74219400
04-03-2021 11:00, NC65 Kolichestvo [liters/30min], 740, 17150, 74220140
04-03-2021 11:30, NC65 Kolichestvo [liters/30min], 730, 17880, 74220870
04-03-2021 12:00, NC65 Kolichestvo [liters/30min], 750, 18630, 74221620
04-03-2021 12:30, NC65 Kolichestvo [liters/30min], 750, 19380, 74222370
04-03-2021 13:00, NC65 Kolichestvo [liters/30min], 750, 20130, 74223120
04-03-2021 13:30, NC65 Kolichestvo [liters/30min], 750, 20880, 74223870
04-03-2021 14:00, NC65 Kolichestvo [liters/30min], 770, 21650, 74224640
04-03-2021 14:30, NC65 Kolichestvo [liters/30min], 750, 22400, 74225390
04-03-2021 15:00, NC65 Kolichestvo [liters/30min], 750, 23150, 74226140
04-03-2021 15:30, NC65 Kolichestvo [liters/30min], 710, 23860, 74226850
04-03-2021 16:00, NC65 Kolichestvo [liters/30min], 700, 24560, 74227550
04-03-2021 17:00, NC65 Kolichestvo [liters/30min], 720, 25280, 74228270
04-03-2021 17:30, NC65 Kolichestvo [liters/30min], 740, 26020, 74229010
04-03-2021 18:00, NC65 Kolichestvo [liters/30min], 740, 26760, 74229750
04-03-2021 18:30, NC65 Kolichestvo [liters/30min], 740, 27500, 74230490
04-03-2021 19:00, NC65 Kolichestvo [liters/30min], 760, 28260, 74231250
04-03-2021 19:30, NC65 Kolichestvo [liters/30min], 750, 29010, 74232000
04-03-2021 20:00, NC65 Kolichestvo [liters/30min], 740, 29750, 74232740
04-03-2021 20:30, NC65 Kolichestvo [liters/30min], 730, 30480, 74233470
04-03-2021 21:00, NC65 Kolichestvo [liters/30min], 740, 31220, 74234210
04-03-2021 21:30, NC65 Kolichestvo [liters/30min], 740, 31960, 74234950
04-03-2021 22:00, NC65 Kolichestvo [liters/30min], 720, 32680, 74235670
04-03-2021 22:30, NC65 Kolichestvo [liters/30min], 700, 33380, 74236370
04-03-2021 23:00, NC65 Kolichestvo [liters/30min], 700, 34080, 74237070
04-03-2021 00:00, SK16 Kolichestvo [liters/30min], 2587.718, 2587.718, 169348393.583063
04-03-2021 00:30, SK16 Kolichestvo [liters/30min], 2596.963, 5184.681, 169350990.546063
04-03-2021 01:00, SK16 Kolichestvo [liters/30min], 2571.255, 7755.936, 169353561.801063
04-03-2021 01:30, SK16 Kolichestvo [liters/30min], 2581.156, 10337.092, 169356142.957063
04-03-2021 02:00, SK16 Kolichestvo [liters/30min], 2596.808, 12933.9, 169358739.765063
04-03-2021 02:30, SK16 Kolichestvo [liters/30min], 2545.364, 15479.264, 169361285.129063
04-03-2021 03:00, SK16 Kolichestvo [liters/30min], 2565.754, 18045.018, 169363850.883063
04-03-2021 03:30, SK16 Kolichestvo [liters/30min], 2543.712, 20588.73, 169366394.595063
04-03-2021 04:00, SK16 Kolichestvo [liters/30min], 2588.862, 23177.592, 169368983.457063
04-03-2021 04:30, SK16 Kolichestvo [liters/30min], 2570.558, 25748.15, 169371554.015063
04-03-2021 05:00, SK16 Kolichestvo [liters/30min], 2493.968, 28242.118, 169374047.983063
04-03-2021 05:30, SK16 Kolichestvo [liters/30min], 2468.657, 30710.775, 169376516.640063
04-03-2021 06:00, SK16 Kolichestvo [liters/30min], 2590.561, 33301.336, 169379107.201063
04-03-2021 06:30, SK16 Kolichestvo [liters/30min], 2618.4, 35919.736, 169381725.601063
04-03-2021 07:00, SK16 Kolichestvo [liters/30min], 2404.66, 38324.396, 169384130.261063
04-03-2021 07:30, SK16 Kolichestvo [liters/30min], 2424.139, 40748.535, 169386554.400063
04-03-2021 08:00, SK16 Kolichestvo [liters/30min], 2581.583, 43330.118, 169389135.983063
04-03-2021 08:30, SK16 Kolichestvo [liters/30min], 2503.766, 45833.884, 169391639.749063
04-03-2021 09:00, SK16 Kolichestvo [liters/30min], 2534.275, 48368.159, 169394174.024063
04-03-2021 09:30, SK16 Kolichestvo [liters/30min], 2555.968, 50924.127, 169396729.992063
04-03-2021 10:00, SK16 Kolichestvo [liters/30min], 2553.667, 53477.794, 169399283.659063
04-03-2021 10:30, SK16 Kolichestvo [liters/30min], 2564.717, 56042.511, 169401848.376063
04-03-2021 11:00, SK16 Kolichestvo [liters/30min], 2560.61, 58603.121, 169404408.986063
04-03-2021 11:30, SK16 Kolichestvo [liters/30min], 2561.573, 61164.694, 169406970.559063
04-03-2021 12:00, SK16 Kolichestvo [liters/30min], 2558.792, 63723.486, 169409529.351063
04-03-2021 12:30, SK16 Kolichestvo [liters/30min], 2547.2, 66270.686, 169412076.551063
04-03-2021 13:00, SK16 Kolichestvo [liters/30min], 2574.514, 68845.2, 169414651.065063
04-03-2021 13:30, SK16 Kolichestvo [liters/30min], 2555.328, 71400.528, 169417206.393063
04-03-2021 14:00, SK16 Kolichestvo [liters/30min], 2566.063, 73966.591, 169419772.456063
04-03-2021 14:30, SK16 Kolichestvo [liters/30min], 2546.606, 76513.197, 169422319.062063
04-03-2021 15:00, SK16 Kolichestvo [liters/30min], 2560.146, 79073.343, 169424879.208063
04-03-2021 15:30, SK16 Kolichestvo [liters/30min], 2555.17, 81628.513, 169427434.378063
04-03-2021 16:00, SK16 Kolichestvo [liters/30min], 2546.729, 84175.242, 169429981.107063
04-03-2021 17:00, SK16 Kolichestvo [liters/30min], 2561.136, 86736.378, 169432542.243063
04-03-2021 17:30, SK16 Kolichestvo [liters/30min], 2557.014, 89293.392, 169435099.257063
04-03-2021 18:00, SK16 Kolichestvo [liters/30min], 2539.405, 91832.797, 169437638.662063
04-03-2021 18:30, SK16 Kolichestvo [liters/30min], 2560.065, 94392.862, 169440198.727063
04-03-2021 19:00, SK16 Kolichestvo [liters/30min], 2561.643, 96954.505, 169442760.370063
04-03-2021 19:30, SK16 Kolichestvo [liters/30min], 2549.956, 99504.461, 169445310.326063
04-03-2021 20:00, SK16 Kolichestvo [liters/30min], 2547.744, 102052.205, 169447858.070063
04-03-2021 20:30, SK16 Kolichestvo [liters/30min], 2540.298, 104592.503, 169450398.368063
04-03-2021 21:00, SK16 Kolichestvo [liters/30min], 2545.502, 107138.005, 169452943.870063
04-03-2021 21:30, SK16 Kolichestvo [liters/30min], 2547.332, 109685.337, 169455491.202063
04-03-2021 22:00, SK16 Kolichestvo [liters/30min], 2543.264, 112228.601, 169458034.466063
04-03-2021 22:30, SK16 Kolichestvo [liters/30min], 2538.699, 114767.3, 169460573.165063
04-03-2021 23:00, SK16 Kolichestvo [liters/30min], 2535.672, 117302.972, 169463108.837063
04-03-2021 00:00, SK19 Kolichestvo [liters/30min], 2540, 2540, 85628770
04-03-2021 00:30, SK19 Kolichestvo [liters/30min], 2530, 5070, 85631300
04-03-2021 01:00, SK19 Kolichestvo [liters/30min], 2540, 7610, 85633840
04-03-2021 01:30, SK19 Kolichestvo [liters/30min], 2540, 10150, 85636380
04-03-2021 02:00, SK19 Kolichestvo [liters/30min], 2550, 12700, 85638930
04-03-2021 02:30, SK19 Kolichestvo [liters/30min], 30, 12730, 85638960
04-03-2021 08:30, SK19 Kolichestvo [liters/30min], 0, 12730, 85638960
04-03-2021 09:00, SK19 Kolichestvo [liters/30min], 1600, 14330, 85640560
04-03-2021 09:30, SK19 Kolichestvo [liters/30min], 2520, 16850, 85643080
04-03-2021 10:00, SK19 Kolichestvo [liters/30min], 2530, 19380, 85645610
04-03-2021 10:30, SK19 Kolichestvo [liters/30min], 2530, 21910, 85648140
04-03-2021 11:00, SK19 Kolichestvo [liters/30min], 2540, 24450, 85650680
04-03-2021 11:30, SK19 Kolichestvo [liters/30min], 2520, 26970, 85653200
04-03-2021 12:00, SK19 Kolichestvo [liters/30min], 2530, 29500, 85655730
04-03-2021 12:30, SK19 Kolichestvo [liters/30min], 2440, 31940, 85658170
04-03-2021 13:00, SK19 Kolichestvo [liters/30min], 2520, 34460, 85660690
04-03-2021 13:30, SK19 Kolichestvo [liters/30min], 2530, 36990, 85663220
04-03-2021 14:00, SK19 Kolichestvo [liters/30min], 2520, 39510, 85665740
04-03-2021 14:30, SK19 Kolichestvo [liters/30min], 2520, 42030, 85668260
04-03-2021 15:00, SK19 Kolichestvo [liters/30min], 2520, 44550, 85670780
04-03-2021 15:30, SK19 Kolichestvo [liters/30min], 2520, 47070, 85673300
04-03-2021 16:00, SK19 Kolichestvo [liters/30min], 2520, 49590, 85675820
04-03-2021 17:00, SK19 Kolichestvo [liters/30min], 2520, 52110, 85678340
04-03-2021 17:30, SK19 Kolichestvo [liters/30min], 2520, 54630, 85680860
04-03-2021 18:00, SK19 Kolichestvo [liters/30min], 2530, 57160, 85683390
04-03-2021 18:30, SK19 Kolichestvo [liters/30min], 2540, 59700, 85685930
04-03-2021 19:00, SK19 Kolichestvo [liters/30min], 2520, 62220, 85688450
04-03-2021 19:30, SK19 Kolichestvo [liters/30min], 2510, 64730, 85690960
04-03-2021 20:00, SK19 Kolichestvo [liters/30min], 2520, 67250, 85693480
04-03-2021 20:30, SK19 Kolichestvo [liters/30min], 2520, 69770, 85696000
04-03-2021 21:00, SK19 Kolichestvo [liters/30min], 2520, 72290, 85698520
04-03-2021 21:30, SK19 Kolichestvo [liters/30min], 2520, 74810, 85701040
04-03-2021 22:00, SK19 Kolichestvo [liters/30min], 2520, 77330, 85703560
04-03-2021 22:30, SK19 Kolichestvo [liters/30min], 2520, 79850, 85706080
04-03-2021 23:00, SK19 Kolichestvo [liters/30min], 2520, 82370, 85708600
04-03-2021 00:00, EG53 LOT, 53.71116, 53.71116, 996071.435755002
04-03-2021 01:00, EG53 LOT, 53.70744, 107.4186, 996125.143195002
04-03-2021 02:00, EG53 LOT, 53.70391, 161.12251, 996178.847105002
04-03-2021 03:00, EG53 LOT, 53.69365, 214.81616, 996232.540755002
04-03-2021 04:00, EG53 LOT, 53.68346, 268.49962, 996286.224215002
04-03-2021 05:00, EG53 LOT, 53.67712, 322.17674, 996339.901335002
04-03-2021 06:00, EG53 LOT, 53.67165, 375.84839, 996393.572985002
04-03-2021 07:00, EG53 LOT, 53.66173, 429.51012, 996447.234715002
04-03-2021 08:00, EG53 LOT, 53.65546, 483.16558, 996500.890175003
04-03-2021 09:00, EG53 LOT, 53.65147, 536.81705, 996554.541645003
04-03-2021 10:00, EG53 LOT, 53.64527, 590.46232, 996608.186915003
04-03-2021 11:00, EG53 LOT, 53.4449, 643.90722, 996661.631815003
04-03-2021 12:00, EG53 LOT, 53.3907, 697.29792, 996715.022515003
04-03-2021 13:00, EG53 LOT, 53.35056, 750.64848, 996768.373075003
04-03-2021 14:00, EG53 LOT, 53.313, 803.96148, 996821.686075003
04-03-2021 15:00, EG53 LOT, 53.27947, 857.24095, 996874.965545002
04-03-2021 16:00, EG53 LOT, 53.25142, 910.49237, 996928.216965002
04-03-2021 17:00, EG53 LOT, 53.22118, 963.71355, 996981.438145002
04-03-2021 18:00, EG53 LOT, 53.2029, 1016.91645, 997034.641045003
04-03-2021 19:00, EG53 LOT, 53.18097, 1070.09742, 997087.822015002
04-03-2021 20:00, EG53 LOT, 53.16029, 1123.25771, 997140.982305003
04-03-2021 21:00, EG53 LOT, 53.14181, 1176.39952, 997194.124115002
04-03-2021 22:00, EG53 LOT, 53.12444, 1229.52396, 997247.248555003
04-03-2021 23:00, EG53 LOT, 53.1025, 1282.62646, 997300.351055003
04-03-2021 00:00, EG56 LOT, 40.85001, 40.85001, 548074.632238999
04-03-2021 01:00, EG56 LOT, 40.86442, 81.71443, 548115.496658999
04-03-2021 02:00, EG56 LOT, 40.87405, 122.58848, 548156.370708999
04-03-2021 03:00, EG56 LOT, 40.8749, 163.46338, 548197.245608999
04-03-2021 04:00, EG56 LOT, 40.87588, 204.33926, 548238.121488999
04-03-2021 05:00, EG56 LOT, 40.8744, 245.21366, 548278.995888999
04-03-2021 06:00, EG56 LOT, 40.87138, 286.08504, 548319.867268999
04-03-2021 07:00, EG56 LOT, 40.86526, 326.9503, 548360.732528999
04-03-2021 08:00, EG56 LOT, 40.86301, 367.81331, 548401.595538999
04-03-2021 09:00, EG56 LOT, 40.8661, 408.67941, 548442.461638999
04-03-2021 10:00, EG56 LOT, 40.86941, 449.54882, 548483.331048999
04-03-2021 11:00, EG56 LOT, 40.87672, 490.42554, 548524.207768999
04-03-2021 12:00, EG56 LOT, 40.88959, 531.31513, 548565.097358999
04-03-2021 13:00, EG56 LOT, 40.89944, 572.21457, 548605.996798999
04-03-2021 14:00, EG56 LOT, 40.90421, 613.11878, 548646.901008999
04-03-2021 15:00, EG56 LOT, 40.91026, 654.02904, 548687.811268999
04-03-2021 16:00, EG56 LOT, 40.90604, 694.93508, 548728.717308999
04-03-2021 17:00, EG56 LOT, 40.91004, 735.84512, 548769.627348999
04-03-2021 18:00, EG56 LOT, 40.89964, 776.74476, 548810.526988999
04-03-2021 19:00, EG56 LOT, 40.89556, 817.64032, 548851.422548999
04-03-2021 20:00, EG56 LOT, 40.88938, 858.5297, 548892.311928999
04-03-2021 21:00, EG56 LOT, 40.88537, 899.41507, 548933.197298999
04-03-2021 22:00, EG56 LOT, 40.88763, 940.3027, 548974.084928999
04-03-2021 23:00, EG56 LOT, 40.90547, 981.20817, 549014.990398999
04-03-2021 00:00, EG46, 91.30608, 91.30608, 1452392.49781
04-03-2021 01:00, EG46, 91.32303, 182.62911, 1452483.82084
04-03-2021 02:00, EG46, 91.33062, 273.95973, 1452575.15146
04-03-2021 03:00, EG46, 91.35178, 365.31151, 1452666.50324
04-03-2021 04:00, EG46, 91.36578, 456.67729, 1452757.86902
04-03-2021 05:00, EG46, 91.37413, 548.05142, 1452849.24315
04-03-2021 06:00, EG46, 91.37991, 639.43133, 1452940.62306
04-03-2021 07:00, EG46, 91.38602, 730.81735, 1453032.00908
04-03-2021 08:00, EG46, 91.39671, 822.21406, 1453123.40579
04-03-2021 09:00, EG46, 91.36802, 913.58208, 1453214.77381
04-03-2021 10:00, EG46, 91.3579, 1004.93998, 1453306.13171
04-03-2021 11:00, EG46, 91.35333, 1096.29331, 1453397.48504
04-03-2021 12:00, EG46, 91.34538, 1187.63869, 1453488.83042
04-03-2021 13:00, EG46, 91.35846, 1278.99715, 1453580.18888
04-03-2021 14:00, EG46, 91.37336, 1370.37051, 1453671.56224
04-03-2021 15:00, EG46, 91.3915, 1461.76201, 1453762.95374
04-03-2021 16:00, EG46, 91.39445, 1553.15646, 1453854.34819
04-03-2021 17:00, EG46, 91.40051, 1644.55697, 1453945.7487
04-03-2021 18:00, EG46, 91.39368, 1735.95065, 1454037.14238
04-03-2021 19:00, EG46, 91.38799, 1827.33864, 1454128.53037
04-03-2021 20:00, EG46, 91.37949, 1918.71813, 1454219.90986
04-03-2021 21:00, EG46, 91.37112, 2010.08925, 1454311.28098
04-03-2021 22:00, EG46, 91.37674, 2101.46599, 1454402.65772
04-03-2021 23:00, EG46, 91.34377, 2192.80976, 1454494.00149
04-03-2021 00:00, EG48, 89.33854, 89.33854, 1327624.37074001
04-03-2021 01:00, EG48, 89.33685, 178.67539, 1327713.70759001
04-03-2021 02:00, EG48, 89.33854, 268.01393, 1327803.04613001
04-03-2021 03:00, EG48, 89.33671, 357.35064, 1327892.38284
04-03-2021 04:00, EG48, 89.33467, 446.68531, 1327981.71751
04-03-2021 05:00, EG48, 89.33298, 536.01829, 1328071.05049
04-03-2021 06:00, EG48, 89.332, 625.35029, 1328160.38249
04-03-2021 07:00, EG48, 89.33102, 714.68131, 1328249.71351
04-03-2021 08:00, EG48, 89.33073, 804.01204, 1328339.04424
04-03-2021 09:00, EG48, 89.3325, 893.34454, 1328428.37674
04-03-2021 10:00, EG48, 89.33277, 982.67731, 1328517.70951
04-03-2021 11:00, EG48, 89.32778, 1072.00509, 1328607.03729
04-03-2021 12:00, EG48, 89.32708, 1161.33217, 1328696.36437
04-03-2021 13:00, EG48, 89.328, 1250.66017, 1328785.69237
04-03-2021 14:00, EG48, 89.33257, 1339.99274, 1328875.02494
04-03-2021 15:00, EG48, 89.33053, 1429.32327, 1328964.35547
04-03-2021 16:00, EG48, 89.33411, 1518.65738, 1329053.68958
04-03-2021 17:00, EG48, 89.33263, 1607.99001, 1329143.02221
04-03-2021 18:00, EG48, 89.33495, 1697.32496, 1329232.35716
04-03-2021 19:00, EG48, 89.33292, 1786.65788, 1329321.69008
04-03-2021 20:00, EG48, 89.3327, 1875.99058, 1329411.02278
04-03-2021 21:00, EG48, 89.33228, 1965.32286, 1329500.35506
04-03-2021 22:00, EG48, 89.33038, 2054.65324, 1329589.68544
04-03-2021 23:00, EG48, 89.33053, 2143.98377, 1329679.01597
04-03-2021 00:00, EG49, 65.24277, 65.24277, 1234951.65002
04-03-2021 01:00, EG49, 65.26801, 130.51078, 1235016.91803
04-03-2021 02:00, EG49, 65.27181, 195.78259, 1235082.18984
04-03-2021 03:00, EG49, 65.28274, 261.06533, 1235147.47258
04-03-2021 04:00, EG49, 65.29559, 326.36092, 1235212.76817
04-03-2021 05:00, EG49, 65.30865, 391.66957, 1235278.07682
04-03-2021 06:00, EG49, 65.31387, 456.98344, 1235343.39069
04-03-2021 07:00, EG49, 65.31432, 522.29776, 1235408.70501
04-03-2021 08:00, EG49, 65.32165, 587.61941, 1235474.02666
04-03-2021 09:00, EG49, 65.31878, 652.93819, 1235539.34544
04-03-2021 10:00, EG49, 65.32052, 718.25871, 1235604.66596
04-03-2021 11:00, EG49, 65.32568, 783.58439, 1235669.99164
04-03-2021 12:00, EG49, 65.32437, 848.90876, 1235735.31601
04-03-2021 13:00, EG49, 65.33973, 914.24849, 1235800.65574
04-03-2021 14:00, EG49, 65.35749, 979.60598, 1235866.01323
04-03-2021 15:00, EG49, 65.37152, 1044.9775, 1235931.38475
04-03-2021 16:00, EG49, 65.57263, 1110.55013, 1235996.95738
04-03-2021 17:00, EG49, 65.46923, 1176.01936, 1236062.42661
04-03-2021 18:00, EG49, 65.42547, 1241.44483, 1236127.85208
04-03-2021 19:00, EG49, 65.40253, 1306.84736, 1236193.25461
04-03-2021 20:00, EG49, 65.39303, 1372.24039, 1236258.64764
04-03-2021 21:00, EG49, 65.38259, 1437.62298, 1236324.03023
04-03-2021 22:00, EG49, 65.38285, 1503.00583, 1236389.41308
04-03-2021 23:00, EG49, 65.38589, 1568.39172, 1236454.79897
04-03-2021 00:00, EG59, 132.8778, 132.8778, 1960326.8181
04-03-2021 01:00, EG59, 132.8753, 265.7531, 1960459.6934
04-03-2021 02:00, EG59, 132.8713, 398.6244, 1960592.5647
04-03-2021 03:00, EG59, 132.8759, 531.5003, 1960725.4406
04-03-2021 04:00, EG59, 132.8776, 664.3779, 1960858.3182
04-03-2021 05:00, EG59, 132.879, 797.2569, 1960991.1972
04-03-2021 06:00, EG59, 132.8792, 930.1361, 1961124.0764
04-03-2021 07:00, EG59, 132.884, 1063.0201, 1961256.9604
04-03-2021 08:00, EG59, 132.8794, 1195.8995, 1961389.8398
04-03-2021 09:00, EG59, 132.8819, 1328.7814, 1961522.7217
04-03-2021 10:00, EG59, 132.8773, 1461.6587, 1961655.599
04-03-2021 11:00, EG59, 132.8777, 1594.5364, 1961788.4767
04-03-2021 12:00, EG59, 132.874, 1727.4104, 1961921.3507
04-03-2021 13:00, EG59, 132.8743, 1860.2847, 1962054.225
04-03-2021 14:00, EG59, 132.8724, 1993.1571, 1962187.0974
04-03-2021 15:00, EG59, 132.8693, 2126.0264, 1962319.9667
04-03-2021 16:00, EG59, 132.8716, 2258.898, 1962452.8383
04-03-2021 17:00, EG59, 132.87, 2391.768, 1962585.7083
04-03-2021 18:00, EG59, 132.8708, 2524.6388, 1962718.5791
04-03-2021 19:00, EG59, 132.8667, 2657.5055, 1962851.4458
04-03-2021 20:00, EG59, 132.8683, 2790.3738, 1962984.3141
04-03-2021 21:00, EG59, 132.8655, 2923.2393, 1963117.1796
04-03-2021 22:00, EG59, 132.8687, 3056.108, 1963250.0483
04-03-2021 23:00, EG59, 132.8683, 3188.9763, 1963382.9166
04-03-2021 00:00, EG60, 64.72179, 64.72179, 5671453.72765002
04-03-2021 01:00, EG60, 64.71581, 129.4376, 5671518.44346002
04-03-2021 02:00, EG60, 64.71246, 194.15006, 5671583.15592002
04-03-2021 03:00, EG60, 64.71099, 258.86105, 5671647.86691002
04-03-2021 04:00, EG60, 64.70926, 323.57031, 5671712.57617002
04-03-2021 05:00, EG60, 64.70652, 388.27683, 5671777.28269001
04-03-2021 06:00, EG60, 64.70127, 452.9781, 5671841.98396001
04-03-2021 07:00, EG60, 64.69713, 517.67523, 5671906.68109002
04-03-2021 08:00, EG60, 64.6933, 582.36853, 5671971.37439002
04-03-2021 09:00, EG60, 64.68734, 647.05587, 5672036.06173002
04-03-2021 10:00, EG60, 64.68143, 711.7373, 5672100.74316002
04-03-2021 11:00, EG60, 64.67333, 776.41063, 5672165.41649001
04-03-2021 12:00, EG60, 64.66964, 841.08027, 5672230.08613001
04-03-2021 13:00, EG60, 64.66682, 905.74709, 5672294.75295001
04-03-2021 14:00, EG60, 64.66398, 970.41107, 5672359.41693001
04-03-2021 15:00, EG60, 64.66042, 1035.07149, 5672424.07735001
04-03-2021 16:00, EG60, 64.65791, 1099.7294, 5672488.73526001
04-03-2021 17:00, EG60, 64.6524, 1164.3818, 5672553.38766001
04-03-2021 18:00, EG60, 64.6482, 1229.03, 5672618.03586001
04-03-2021 19:00, EG60, 64.63982, 1293.66982, 5672682.67568001
04-03-2021 20:00, EG60, 64.63576, 1358.30558, 5672747.31144001
04-03-2021 21:00, EG60, 64.62736, 1422.93294, 5672811.93880001
04-03-2021 22:00, EG60, 64.62022, 1487.55316, 5672876.55902001
04-03-2021 23:00, EG60, 64.61442, 1552.16758, 5672941.17344001
04-03-2021 00:00, NC83 Kolichestvo [liters/30min], 0, 0, 435420.518050722
04-03-2021 00:30, NC83 Kolichestvo [liters/30min], 0, 0, 435420.518050722
04-03-2021 01:00, NC83 Kolichestvo [liters/30min], 0, 0, 435420.518050722
04-03-2021 01:30, NC83 Kolichestvo [liters/30min], 17.26656, 17.26656, 435437.784610722
04-03-2021 02:00, NC83 Kolichestvo [liters/30min], 0, 17.26656, 435437.784610722
04-03-2021 02:30, NC83 Kolichestvo [liters/30min], 0, 17.26656, 435437.784610722
04-03-2021 03:00, NC83 Kolichestvo [liters/30min], 0, 17.26656, 435437.784610722
04-03-2021 03:30, NC83 Kolichestvo [liters/30min], 0, 17.26656, 435437.784610722
04-03-2021 04:00, NC83 Kolichestvo [liters/30min], 0.3995419, 17.6661019, 435438.184152622
04-03-2021 04:30, NC83 Kolichestvo [liters/30min], 16.01815, 33.6842519, 435454.202302622
04-03-2021 05:00, NC83 Kolichestvo [liters/30min], 0, 33.6842519, 435454.202302622
04-03-2021 05:30, NC83 Kolichestvo [liters/30min], 0, 33.6842519, 435454.202302622
04-03-2021 06:00, NC83 Kolichestvo [liters/30min], 0, 33.6842519, 435454.202302622
04-03-2021 06:30, NC83 Kolichestvo [liters/30min], 0, 33.6842519, 435454.202302622
04-03-2021 07:00, NC83 Kolichestvo [liters/30min], 12.89091, 46.5751619, 435467.093212622
04-03-2021 07:30, NC83 Kolichestvo [liters/30min], 0, 46.5751619, 435467.093212622
04-03-2021 08:00, NC83 Kolichestvo [liters/30min], 0, 46.5751619, 435467.093212622
04-03-2021 08:30, NC83 Kolichestvo [liters/30min], 0, 46.5751619, 435467.093212622
04-03-2021 09:00, NC83 Kolichestvo [liters/30min], 16.51382, 63.0889819, 435483.607032622
04-03-2021 09:30, NC83 Kolichestvo [liters/30min], 17.87853, 80.9675119, 435501.485562622
04-03-2021 10:00, NC83 Kolichestvo [liters/30min], 0, 80.9675119, 435501.485562622
04-03-2021 10:30, NC83 Kolichestvo [liters/30min], 16.85758, 97.8250919, 435518.343142622
04-03-2021 11:00, NC83 Kolichestvo [liters/30min], 0, 97.8250919, 435518.343142622
04-03-2021 11:30, NC83 Kolichestvo [liters/30min], 0, 97.8250919, 435518.343142622
04-03-2021 12:00, NC83 Kolichestvo [liters/30min], 14.92124, 112.7463319, 435533.264382622
04-03-2021 12:30, NC83 Kolichestvo [liters/30min], 15.37743, 128.1237619, 435548.641812622
04-03-2021 13:00, NC83 Kolichestvo [liters/30min], 14.60624, 142.7300019, 435563.248052622
04-03-2021 13:30, NC83 Kolichestvo [liters/30min], 0, 142.7300019, 435563.248052622
04-03-2021 14:00, NC83 Kolichestvo [liters/30min], 16.41254, 159.1425419, 435579.660592622
04-03-2021 14:30, NC83 Kolichestvo [liters/30min], 15.81516, 174.9577019, 435595.475752622
04-03-2021 15:00, NC83 Kolichestvo [liters/30min], 0, 174.9577019, 435595.475752622
04-03-2021 15:30, NC83 Kolichestvo [liters/30min], 0, 174.9577019, 435595.475752622
04-03-2021 16:00, NC83 Kolichestvo [liters/30min], 1.800299, 176.7580009, 435597.276051622
04-03-2021 17:00, NC83 Kolichestvo [liters/30min], 0, 176.7580009, 435597.276051622
04-03-2021 17:30, NC83 Kolichestvo [liters/30min], 0, 176.7580009, 435597.276051622
04-03-2021 18:00, NC83 Kolichestvo [liters/30min], 15.27615, 192.0341509, 435612.552201622
04-03-2021 18:30, NC83 Kolichestvo [liters/30min], 0, 192.0341509, 435612.552201622
04-03-2021 19:00, NC83 Kolichestvo [liters/30min], 0, 192.0341509, 435612.552201622
04-03-2021 19:30, NC83 Kolichestvo [liters/30min], 0, 192.0341509, 435612.552201622
04-03-2021 20:00, NC83 Kolichestvo [liters/30min], 0, 192.0341509, 435612.552201622
04-03-2021 20:30, NC83 Kolichestvo [liters/30min], 0, 192.0341509, 435612.552201622
04-03-2021 21:00, NC83 Kolichestvo [liters/30min], 0, 192.0341509, 435612.552201622
04-03-2021 21:30, NC83 Kolichestvo [liters/30min], 0, 192.0341509, 435612.552201622
04-03-2021 22:00, NC83 Kolichestvo [liters/30min], 0, 192.0341509, 435612.552201622
04-03-2021 22:30, NC83 Kolichestvo [liters/30min], 0, 192.0341509, 435612.552201622
04-03-2021 23:00, NC83 Kolichestvo [liters/30min], 0, 192.0341509, 435612.552201622
04-03-2021 00:00, NC84 Kolichestvo [liters/30min], 0, 0, 254506.175241694
04-03-2021 00:30, NC84 Kolichestvo [liters/30min], 0, 0, 254506.175241694
04-03-2021 01:00, NC84 Kolichestvo [liters/30min], 0, 0, 254506.175241694
04-03-2021 01:30, NC84 Kolichestvo [liters/30min], 0, 0, 254506.175241694
04-03-2021 02:00, NC84 Kolichestvo [liters/30min], 0, 0, 254506.175241694
04-03-2021 02:30, NC84 Kolichestvo [liters/30min], 0, 0, 254506.175241694
04-03-2021 03:00, NC84 Kolichestvo [liters/30min], 0, 0, 254506.175241694
04-03-2021 03:30, NC84 Kolichestvo [liters/30min], 0, 0, 254506.175241694
04-03-2021 04:00, NC84 Kolichestvo [liters/30min], 0, 0, 254506.175241694
04-03-2021 04:30, NC84 Kolichestvo [liters/30min], 0, 0, 254506.175241694
04-03-2021 05:00, NC84 Kolichestvo [liters/30min], 0, 0, 254506.175241694
04-03-2021 05:30, NC84 Kolichestvo [liters/30min], 0, 0, 254506.175241694
04-03-2021 06:00, NC84 Kolichestvo [liters/30min], 0, 0, 254506.175241694
04-03-2021 06:30, NC84 Kolichestvo [liters/30min], 0, 0, 254506.175241694
04-03-2021 07:00, NC84 Kolichestvo [liters/30min], 0, 0, 254506.175241694
04-03-2021 07:30, NC84 Kolichestvo [liters/30min], 0, 0, 254506.175241694
04-03-2021 08:00, NC84 Kolichestvo [liters/30min], 0, 0, 254506.175241694
04-03-2021 08:30, NC84 Kolichestvo [liters/30min], 0, 0, 254506.175241694
04-03-2021 09:00, NC84 Kolichestvo [liters/30min], 0, 0, 254506.175241694
04-03-2021 09:30, NC84 Kolichestvo [liters/30min], 0, 0, 254506.175241694
04-03-2021 10:00, NC84 Kolichestvo [liters/30min], 0, 0, 254506.175241694
04-03-2021 10:30, NC84 Kolichestvo [liters/30min], 0, 0, 254506.175241694
04-03-2021 11:00, NC84 Kolichestvo [liters/30min], 0, 0, 254506.175241694
04-03-2021 11:30, NC84 Kolichestvo [liters/30min], 0, 0, 254506.175241694
04-03-2021 12:00, NC84 Kolichestvo [liters/30min], 0, 0, 254506.175241694
04-03-2021 12:30, NC84 Kolichestvo [liters/30min], 0, 0, 254506.175241694
04-03-2021 13:00, NC84 Kolichestvo [liters/30min], 0, 0, 254506.175241694
04-03-2021 13:30, NC84 Kolichestvo [liters/30min], 0, 0, 254506.175241694
04-03-2021 14:00, NC84 Kolichestvo [liters/30min], 0, 0, 254506.175241694
04-03-2021 14:30, NC84 Kolichestvo [liters/30min], 0, 0, 254506.175241694
04-03-2021 15:00, NC84 Kolichestvo [liters/30min], 0, 0, 254506.175241694
04-03-2021 15:30, NC84 Kolichestvo [liters/30min], 0, 0, 254506.175241694
04-03-2021 16:00, NC84 Kolichestvo [liters/30min], 0, 0, 254506.175241694
04-03-2021 16:30, NC84 Kolichestvo [liters/30min], 0, 0, 254506.175241694
04-03-2021 17:00, NC84 Kolichestvo [liters/30min], 0, 0, 254506.175241694
04-03-2021 17:30, NC84 Kolichestvo [liters/30min], 0, 0, 254506.175241694
04-03-2021 18:00, NC84 Kolichestvo [liters/30min], 0, 0, 254506.175241694
04-03-2021 18:30, NC84 Kolichestvo [liters/30min], 0, 0, 254506.175241694
04-03-2021 19:00, NC84 Kolichestvo [liters/30min], 0, 0, 254506.175241694
04-03-2021 19:30, NC84 Kolichestvo [liters/30min], 0, 0, 254506.175241694
04-03-2021 20:00, NC84 Kolichestvo [liters/30min], 0, 0, 254506.175241694
04-03-2021 20:30, NC84 Kolichestvo [liters/30min], 0, 0, 254506.175241694
04-03-2021 21:00, NC84 Kolichestvo [liters/30min], 0, 0, 254506.175241694
04-03-2021 21:30, NC84 Kolichestvo [liters/30min], 0, 0, 254506.175241694
04-03-2021 22:00, NC84 Kolichestvo [liters/30min], 0, 0, 254506.175241694
04-03-2021 22:30, NC84 Kolichestvo [liters/30min], 0, 0, 254506.175241694
04-03-2021 23:00, NC84 Kolichestvo [liters/30min], 0, 0, 254506.175241694
04-03-2021 12:00, SK30 LOT, 72.41779, 72.41779, 1198883.75793
04-03-2021 12:30, SK30 LOT, 72.42686, 144.84465, 1198956.18479
04-03-2021 13:00, SK30 LOT, 72.44032, 217.28497, 1199028.62511
04-03-2021 13:30, SK30 LOT, 72.43245, 289.71742, 1199101.05756
04-03-2021 14:00, SK30 LOT, 72.43334, 362.15076, 1199173.4909
04-03-2021 14:30, SK30 LOT, 72.42439, 434.57515, 1199245.91529
04-03-2021 15:00, SK30 LOT, 72.46131, 507.03646, 1199318.3766
04-03-2021 15:30, SK30 LOT, 72.40485, 579.44131, 1199390.78145
04-03-2021 16:00, SK30 LOT, 72.47824, 651.91955, 1199463.25969
04-03-2021 17:00, SK30 LOT, 72.37321, 724.29276, 1199535.6329
04-03-2021 17:30, SK30 LOT, 72.41628, 796.70904, 1199608.04918
04-03-2021 18:00, SK30 LOT, 72.43359, 869.14263, 1199680.48277
04-03-2021 18:30, SK30 LOT, 72.35449, 941.49712, 1199752.83726
04-03-2021 19:00, SK30 LOT, 72.34834, 1013.84546, 1199825.1856
04-03-2021 19:30, SK30 LOT, 72.41679, 1086.26225, 1199897.60239
04-03-2021 20:00, SK30 LOT, 72.38342, 1158.64567, 1199969.98581
04-03-2021 20:30, SK30 LOT, 72.37594, 1231.02161, 1200042.36175
04-03-2021 11:30, SK30 Kolichestvo [liters/30min], 66.3866, 66.3866, 8595721.3168903
04-03-2021 12:00, SK30 Kolichestvo [liters/30min], 65.32574, 131.71234, 8595786.6426303
04-03-2021 12:30, SK30 Kolichestvo [liters/30min], 63.78379, 195.49613, 8595850.4264203
04-03-2021 13:00, SK30 Kolichestvo [liters/30min], 65.90166, 261.39779, 8595916.3280803
04-03-2021 13:30, SK30 Kolichestvo [liters/30min], 66.21666, 327.61445, 8595982.5447403
04-03-2021 14:00, SK30 Kolichestvo [liters/30min], 66.62564, 394.24009, 8596049.1703803
04-03-2021 14:30, SK30 Kolichestvo [liters/30min], 65.5034, 459.74349, 8596114.6737803
04-03-2021 15:00, SK30 Kolichestvo [liters/30min], 64.48932, 524.23281, 8596179.1631003
04-03-2021 15:30, SK30 Kolichestvo [liters/30min], 67.20844, 591.44125, 8596246.3715403
04-03-2021 16:00, SK30 Kolichestvo [liters/30min], 66.47372, 657.91497, 8596312.8452603
04-03-2021 17:00, SK30 Kolichestvo [liters/30min], 71.31458, 729.22955, 8596384.1598403
04-03-2021 17:30, SK30 Kolichestvo [liters/30min], 68.84179, 798.07134, 8596453.0016303
04-03-2021 18:00, SK30 Kolichestvo [liters/30min], 66.83936, 864.9107, 8596519.8409903
04-03-2021 18:30, SK30 Kolichestvo [liters/30min], 69.42458, 934.33528, 8596589.2655703
04-03-2021 19:00, SK30 Kolichestvo [liters/30min], 70.3876, 1004.72288, 8596659.6531703
04-03-2021 19:30, SK30 Kolichestvo [liters/30min], 69.35205, 1074.07493, 8596729.0052203
04-03-2021 20:00, SK30 Kolichestvo [liters/30min], 68.1972, 1142.27213, 8596797.2024203
04-03-2021 20:30, SK30 Kolichestvo [liters/30min], 60.27117, 1202.5433, 8596857.4735903
04-03-2021 00:00, EG47 LOT, 127.4641, 127.4641, 1280611.89147
04-03-2021 01:00, EG47 LOT, 127.4855, 254.9496, 1280739.37697
04-03-2021 02:00, EG47 LOT, 127.4729, 382.4225, 1280866.84987
04-03-2021 03:00, EG47 LOT, 127.4376, 509.8601, 1280994.28747
04-03-2021 04:00, EG47 LOT, 127.4729, 637.333, 1281121.76037
04-03-2021 05:00, EG47 LOT, 127.446, 764.779, 1281249.20637
04-03-2021 06:00, EG47 LOT, 127.472, 892.251, 1281376.67837
04-03-2021 07:00, EG47 LOT, 127.4623, 1019.7133, 1281504.14067
04-03-2021 08:00, EG47 LOT, 127.4923, 1147.2056, 1281631.63297
04-03-2021 09:00, EG47 LOT, 127.495, 1274.7006, 1281759.12797
04-03-2021 10:00, EG47 LOT, 127.4503, 1402.1509, 1281886.57827
04-03-2021 11:00, EG47 LOT, 127.5305, 1529.6814, 1282014.10877
04-03-2021 12:00, EG47 LOT, 127.5078, 1657.1892, 1282141.61657
04-03-2021 13:00, EG47 LOT, 127.5728, 1784.762, 1282269.18937
04-03-2021 14:00, EG47 LOT, 127.5565, 1912.3185, 1282396.74587
04-03-2021 15:00, EG47 LOT, 127.6196, 2039.9381, 1282524.36547
04-03-2021 16:00, EG47 LOT, 127.5374, 2167.4755, 1282651.90287
04-03-2021 17:00, EG47 LOT, 127.5181, 2294.9936, 1282779.42097
04-03-2021 18:00, EG47 LOT, 127.5002, 2422.4938, 1282906.92117
04-03-2021 19:00, EG47 LOT, 127.467, 2549.9608, 1283034.38817
04-03-2021 20:00, EG47 LOT, 127.5052, 2677.466, 1283161.89337
04-03-2021 21:00, EG47 LOT, 127.5046, 2804.9706, 1283289.39797
04-03-2021 22:00, EG47 LOT, 127.5151, 2932.4857, 1283416.91307
04-03-2021 23:00, EG47 LOT, 127.5114, 3059.9971, 1283544.42447
04-03-2021 00:00, EG50 LOT, 69.14416, 69.14416, 770118.00193
04-03-2021 01:00, EG50 LOT, 69.14127, 138.28543, 770187.1432
04-03-2021 02:00, EG50 LOT, 69.13951, 207.42494, 770256.28271
04-03-2021 03:00, EG50 LOT, 69.15583, 276.58077, 770325.43854
04-03-2021 04:00, EG50 LOT, 69.194, 345.77477, 770394.63254
04-03-2021 05:00, EG50 LOT, 69.20779, 414.98256, 770463.84033
04-03-2021 06:00, EG50 LOT, 69.23471, 484.21727, 770533.07504
04-03-2021 07:00, EG50 LOT, 69.2487, 553.46597, 770602.32374
04-03-2021 08:00, EG50 LOT, 69.27211, 622.73808, 770671.59585
04-03-2021 09:00, EG50 LOT, 69.27612, 692.0142, 770740.87197
04-03-2021 10:00, EG50 LOT, 69.27745, 761.29165, 770810.14942
04-03-2021 11:00, EG50 LOT, 69.27766, 830.56931, 770879.42708
04-03-2021 12:00, EG50 LOT, 69.25875, 899.82806, 770948.68583
04-03-2021 13:00, EG50 LOT, 69.24617, 969.07423, 771017.932
04-03-2021 14:00, EG50 LOT, 69.23563, 1038.30986, 771087.16763
04-03-2021 15:00, EG50 LOT, 69.22649, 1107.53635, 771156.39412
04-03-2021 16:00, EG50 LOT, 69.22979, 1176.76614, 771225.62391
04-03-2021 17:00, EG50 LOT, 69.23365, 1245.99979, 771294.85756
04-03-2021 18:00, EG50 LOT, 69.22417, 1315.22396, 771364.08173
04-03-2021 19:00, EG50 LOT, 69.23436, 1384.45832, 771433.31609
04-03-2021 20:00, EG50 LOT, 69.261, 1453.71932, 771502.57709
04-03-2021 21:00, EG50 LOT, 69.2655, 1522.98482, 771571.84259
04-03-2021 22:00, EG50 LOT, 69.27267, 1592.25749, 771641.11526
04-03-2021 23:00, EG50 LOT, 69.29214, 1661.54963, 771710.4074
04-03-2021 00:00, EG58 LOT, 58.99603, 58.99603, 785270.229910001
04-03-2021 01:00, EG58 LOT, 58.99567, 117.9917, 785329.225580001
04-03-2021 02:00, EG58 LOT, 58.99336, 176.98506, 785388.218940001
04-03-2021 03:00, EG58 LOT, 58.98653, 235.97159, 785447.205470001
04-03-2021 04:00, EG58 LOT, 58.98085, 294.95244, 785506.186320001
04-03-2021 05:00, EG58 LOT, 58.97326, 353.9257, 785565.159580001
04-03-2021 06:00, EG58 LOT, 58.96453, 412.89023, 785624.124110001
04-03-2021 07:00, EG58 LOT, 58.95807, 471.8483, 785683.082180001
04-03-2021 08:00, EG58 LOT, 58.95406, 530.80236, 785742.036240001
04-03-2021 09:00, EG58 LOT, 58.95223, 589.75459, 785800.988470001
04-03-2021 10:00, EG58 LOT, 58.95308, 648.70767, 785859.941550001
04-03-2021 11:00, EG58 LOT, 58.95245, 707.66012, 785918.894000001
04-03-2021 12:00, EG58 LOT, 58.95399, 766.61411, 785977.847990001
04-03-2021 13:00, EG58 LOT, 58.95322, 825.56733, 786036.801210001
04-03-2021 14:00, EG58 LOT, 58.9497, 884.51703, 786095.750910001
04-03-2021 15:00, EG58 LOT, 58.9473, 943.46433, 786154.698210001
04-03-2021 16:00, EG58 LOT, 58.94141, 1002.40574, 786213.639620001
04-03-2021 17:00, EG58 LOT, 58.93219, 1061.33793, 786272.571810001
04-03-2021 18:00, EG58 LOT, 58.92896, 1120.26689, 786331.500770001
04-03-2021 19:00, EG58 LOT, 58.92488, 1179.19177, 786390.425650001
04-03-2021 20:00, EG58 LOT, 58.92004, 1238.11181, 786449.345690001
04-03-2021 21:00, EG58 LOT, 58.91708, 1297.02889, 786508.262770001
04-03-2021 22:00, EG58 LOT, 58.91244, 1355.94133, 786567.175210001
04-03-2021 23:00, EG58 LOT, 58.91096, 1414.85229, 786626.086170001
04-03-2021 00:00, SK33 Kolichestvo [liters/30min], 209.1471, 209.1471, 10905925.4335629
04-03-2021 00:30, SK33 Kolichestvo [liters/30min], 207.7892, 416.9363, 10906133.2227629
04-03-2021 01:00, SK33 Kolichestvo [liters/30min], 205.5448, 622.4811, 10906338.7675629
04-03-2021 01:30, SK33 Kolichestvo [liters/30min], 207.0906, 829.5717, 10906545.8581629
04-03-2021 02:00, SK33 Kolichestvo [liters/30min], 204.0749, 1033.6466, 10906749.9330629
04-03-2021 02:30, SK33 Kolichestvo [liters/30min], 196.5446, 1230.1912, 10906946.4776629
04-03-2021 03:00, SK33 Kolichestvo [liters/30min], 200.8601, 1431.0513, 10907147.3377629
04-03-2021 03:30, SK33 Kolichestvo [liters/30min], 201.012, 1632.0633, 10907348.3497629
04-03-2021 04:00, SK33 Kolichestvo [liters/30min], 200.5159, 1832.5792, 10907548.8656629
04-03-2021 04:30, SK33 Kolichestvo [liters/30min], 194.4486, 2027.0278, 10907743.3142629
04-03-2021 05:00, SK33 Kolichestvo [liters/30min], 198.4925, 2225.5203, 10907941.8067629
04-03-2021 05:30, SK33 Kolichestvo [liters/30min], 195.6794, 2421.1997, 10908137.4861629
04-03-2021 06:00, SK33 Kolichestvo [liters/30min], 204.8062, 2626.0059, 10908342.2923629
04-03-2021 06:30, SK33 Kolichestvo [liters/30min], 193.7353, 2819.7412, 10908536.0276629
04-03-2021 07:00, SK33 Kolichestvo [liters/30min], 196.4832, 3016.2244, 10908732.5108629
04-03-2021 07:30, SK33 Kolichestvo [liters/30min], 262.6526, 3278.877, 10908995.1634629
04-03-2021 08:00, SK33 Kolichestvo [liters/30min], 266.3889, 3545.2659, 10909261.5523629
04-03-2021 08:30, SK33 Kolichestvo [liters/30min], 261.3819, 3806.6478, 10909522.9342629
04-03-2021 09:00, SK33 Kolichestvo [liters/30min], 248.2073, 4054.8551, 10909771.1415629
04-03-2021 09:30, SK33 Kolichestvo [liters/30min], 246.6868, 4301.5419, 10910017.8283629
04-03-2021 10:00, SK33 Kolichestvo [liters/30min], 222.2676, 4523.8095, 10910240.0959629
04-03-2021 10:30, SK33 Kolichestvo [liters/30min], 231.8141, 4755.6236, 10910471.9100629
04-03-2021 11:00, SK33 Kolichestvo [liters/30min], 237.636, 4993.2596, 10910709.5460629
04-03-2021 11:30, SK33 Kolichestvo [liters/30min], 233.6642, 5226.9238, 10910943.2102629
04-03-2021 12:00, SK33 Kolichestvo [liters/30min], 235.3078, 5462.2316, 10911178.5180629
04-03-2021 12:30, SK33 Kolichestvo [liters/30min], 235.8692, 5698.1008, 10911414.3872629
04-03-2021 13:00, SK33 Kolichestvo [liters/30min], 231.4704, 5929.5712, 10911645.8576629
04-03-2021 13:30, SK33 Kolichestvo [liters/30min], 546.7762, 6476.3474, 10912192.6338629
04-03-2021 14:00, SK33 Kolichestvo [liters/30min], 433.4149, 6909.7623, 10912626.0487629
04-03-2021 14:30, SK33 Kolichestvo [liters/30min], 377.3426, 7287.1049, 10913003.3913629
04-03-2021 15:00, SK33 Kolichestvo [liters/30min], 98.86665, 7385.97155, 10913102.2580129
04-03-2021 15:30, SK33 Kolichestvo [liters/30min], 136.6128, 7522.58435, 10913238.8708129
04-03-2021 16:00, SK33 Kolichestvo [liters/30min], 191.599, 7714.18335, 10913430.4698129
04-03-2021 17:00, SK33 Kolichestvo [liters/30min], 245.5393, 7959.72265, 10913676.0091129
04-03-2021 17:30, SK33 Kolichestvo [liters/30min], 242.7914, 8202.51405, 10913918.8005129
04-03-2021 18:00, SK33 Kolichestvo [liters/30min], 217.0105, 8419.52455, 10914135.8110129
04-03-2021 18:30, SK33 Kolichestvo [liters/30min], 226.2643, 8645.78885, 10914362.0753129
04-03-2021 19:00, SK33 Kolichestvo [liters/30min], 241.2271, 8887.01595, 10914603.3024129
04-03-2021 19:30, SK33 Kolichestvo [liters/30min], 215.8337, 9102.84965, 10914819.1361129
04-03-2021 20:00, SK33 Kolichestvo [liters/30min], 220.2184, 9323.06805, 10915039.3545129
04-03-2021 20:30, SK33 Kolichestvo [liters/30min], 208.8759, 9531.94395, 10915248.2304129
04-03-2021 21:00, SK33 Kolichestvo [liters/30min], 237.7699, 9769.71385, 10915486.0003129
04-03-2021 21:30, SK33 Kolichestvo [liters/30min], 229.6675, 9999.38135, 10915715.6678129
04-03-2021 22:00, SK33 Kolichestvo [liters/30min], 207.5867, 10206.96805, 10915923.2545129
04-03-2021 22:30, SK33 Kolichestvo [liters/30min], 187.5079, 10394.47595, 10916110.7624129
04-03-2021 23:00, SK33 Kolichestvo [liters/30min], 192.0337, 10586.50965, 10916302.7961129
04-03-2021 00:00, SK33 LOT, 78.0456, 78.0456, 3216769.90102404
04-03-2021 00:30, SK33 LOT, 77.91377, 155.95937, 3216847.81479404
04-03-2021 01:00, SK33 LOT, 77.78873, 233.7481, 3216925.60352404
04-03-2021 01:30, SK33 LOT, 77.57594, 311.32404, 3217003.17946404
04-03-2021 02:00, SK33 LOT, 77.4336, 388.75764, 3217080.61306404
04-03-2021 02:30, SK33 LOT, 77.12487, 465.88251, 3217157.73793404
04-03-2021 03:00, SK33 LOT, 76.78976, 542.67227, 3217234.52769404
04-03-2021 03:30, SK33 LOT, 76.52151, 619.19378, 3217311.04920404
04-03-2021 04:00, SK33 LOT, 76.28342, 695.4772, 3217387.33262404
04-03-2021 04:30, SK33 LOT, 76.13411, 771.61131, 3217463.46673404
04-03-2021 05:00, SK33 LOT, 75.8781, 847.48941, 3217539.34483404
04-03-2021 05:30, SK33 LOT, 75.68967, 923.17908, 3217615.03450404
04-03-2021 06:00, SK33 LOT, 75.57986, 998.75894, 3217690.61436404
04-03-2021 06:30, SK33 LOT, 75.46433, 1074.22327, 3217766.07869404
04-03-2021 07:00, SK33 LOT, 75.26595, 1149.48922, 3217841.34464404
04-03-2021 07:30, SK33 LOT, 76.76745, 1226.25667, 3217918.11209404
04-03-2021 08:00, SK33 LOT, 78.00234, 1304.25901, 3217996.11443404
04-03-2021 08:30, SK33 LOT, 79.03534, 1383.29435, 3218075.14977404
04-03-2021 09:00, SK33 LOT, 79.75042, 1463.04477, 3218154.90019404
04-03-2021 09:30, SK33 LOT, 80.09333, 1543.1381, 3218234.99352404
04-03-2021 10:00, SK33 LOT, 80.02947, 1623.16757, 3218315.02299404
04-03-2021 10:30, SK33 LOT, 79.76488, 1702.93245, 3218394.78787404
04-03-2021 11:00, SK33 LOT, 79.88763, 1782.82008, 3218474.67550404
04-03-2021 11:30, SK33 LOT, 79.97928, 1862.79936, 3218554.65478404
04-03-2021 12:00, SK33 LOT, 80.05589, 1942.85525, 3218634.71067404
04-03-2021 12:30, SK33 LOT, 80.13532, 2022.99057, 3218714.84599404
04-03-2021 13:00, SK33 LOT, 80.08113, 2103.0717, 3218794.92712404
04-03-2021 13:30, SK33 LOT, 85.16174, 2188.23344, 3218880.08886404
04-03-2021 14:00, SK33 LOT, 89.59591, 2277.82935, 3218969.68477404
04-03-2021 14:30, SK33 LOT, 91.44843, 2369.27778, 3219061.13320404
04-03-2021 15:00, SK33 LOT, 86.24351, 2455.52129, 3219147.37671404
04-03-2021 15:30, SK33 LOT, 81.1899, 2536.71119, 3219228.56661404
04-03-2021 16:00, SK33 LOT, 79.6928, 2616.40399, 3219308.25941404
04-03-2021 17:00, SK33 LOT, 79.79427, 2696.19826, 3219388.05368404
04-03-2021 17:30, SK33 LOT, 79.64388, 2775.84214, 3219467.69756404
04-03-2021 18:00, SK33 LOT, 79.08783, 2854.92997, 3219546.78539404
04-03-2021 18:30, SK33 LOT, 78.62235, 2933.55232, 3219625.40774404
04-03-2021 19:00, SK33 LOT, 78.07119, 3011.62351, 3219703.47893404
04-03-2021 19:30, SK33 LOT, 77.87598, 3089.49949, 3219781.35491404
04-03-2021 20:00, SK33 LOT, 77.08801, 3166.5875, 3219858.44292404
04-03-2021 20:30, SK33 LOT, 76.85978, 3243.44728, 3219935.30270404
04-03-2021 21:00, SK33 LOT, 76.73884, 3320.18612, 3220012.04154404
04-03-2021 21:30, SK33 LOT, 76.8694, 3397.05552, 3220088.91094404
04-03-2021 22:00, SK33 LOT, 76.6109, 3473.66642, 3220165.52184404
04-03-2021 22:30, SK33 LOT, 75.96667, 3549.63309, 3220241.48851404
04-03-2021 23:00, SK33 LOT, 75.08524, 3624.71833, 3220316.57375404
04-03-2021 00:00, EG-61, 142.753, 142.753, 72774.5720000001
04-03-2021 02:00, EG-61, 142.819, 285.572, 72917.3910000001
04-03-2021 04:00, EG-61, 142.817, 428.389, 73060.2080000001
04-03-2021 06:00, EG-61, 142.861, 571.25, 73203.0690000001
04-03-2021 08:00, EG-61, 142.857, 714.107, 73345.9260000001
04-03-2021 10:00, EG-61, 142.885, 856.992, 73488.8110000001
04-03-2021 12:00, EG-61, 142.916, 999.908, 73631.7270000001
04-03-2021 14:00, EG-61, 142.966, 1142.874, 73774.6930000001
04-03-2021 16:00, EG-61, 142.985, 1285.859, 73917.6780000001
04-03-2021 18:00, EG-61, 143.018, 1428.877, 74060.6960000001
04-03-2021 20:00, EG-61, 143.029, 1571.906, 74203.725
04-03-2021 22:00, EG-61, 143.046, 1714.952, 74346.7710000001
04-03-2021 00:00, EG-67, 67.376, 67.376, 48896.017
04-03-2021 02:00, EG-67, 67.377, 134.753, 48963.394
04-03-2021 04:00, EG-67, 67.373, 202.126, 49030.767
04-03-2021 06:00, EG-67, 67.344, 269.47, 49098.111
04-03-2021 08:00, EG-67, 67.318, 336.788, 49165.429
04-03-2021 10:00, EG-67, 67.318, 404.106, 49232.747
04-03-2021 12:00, EG-67, 67.321, 471.427, 49300.068
04-03-2021 14:00, EG-67, 67.324, 538.751, 49367.392
04-03-2021 16:00, EG-67, 67.32, 606.071, 49434.712
04-03-2021 18:00, EG-67, 67.298, 673.369, 49502.01
04-03-2021 20:00, EG-67, 67.241, 740.61, 49569.251
04-03-2021 22:00, EG-67, 67.201, 807.811, 49636.452
04-03-2021 00:00, SK 40 LOT, 126.649, 126.649, 1327658.938
04-03-2021 01:00, SK 40 LOT, 126.646, 253.295, 1327785.584
04-03-2021 02:00, SK 40 LOT, 126.631, 379.926, 1327912.215
04-03-2021 03:00, SK 40 LOT, 126.667, 506.593, 1328038.882
04-03-2021 04:00, SK 40 LOT, 126.706, 633.299, 1328165.588
04-03-2021 05:00, SK 40 LOT, 126.683, 759.982, 1328292.271
04-03-2021 06:00, SK 40 LOT, 126.719, 886.701, 1328418.99
04-03-2021 07:00, SK 40 LOT, 126.698, 1013.399, 1328545.688
04-03-2021 08:00, SK 40 LOT, 126.727, 1140.126, 1328672.415
04-03-2021 09:00, SK 40 LOT, 126.783, 1266.909, 1328799.198
04-03-2021 10:00, SK 40 LOT, 126.761, 1393.67, 1328925.959
04-03-2021 11:00, SK 40 LOT, 126.771, 1520.441, 1329052.73
04-03-2021 12:00, SK 40 LOT, 126.753, 1647.194, 1329179.483
04-03-2021 13:00, SK 40 LOT, 126.799, 1773.993, 1329306.282
04-03-2021 14:00, SK 40 LOT, 126.79, 1900.783, 1329433.072
04-03-2021 15:00, SK 40 LOT, 126.829, 2027.612, 1329559.901
04-03-2021 16:00, SK 40 LOT, 126.835, 2154.447, 1329686.736
04-03-2021 17:00, SK 40 LOT, 126.833, 2281.28, 1329813.569
04-03-2021 18:00, SK 40 LOT, 126.937, 2408.217, 1329940.506
04-03-2021 19:00, SK 40 LOT, 126.877, 2535.094, 1330067.383
04-03-2021 20:00, SK 40 LOT, 126.911, 2662.005, 1330194.294
04-03-2021 21:00, SK 40 LOT, 126.951, 2788.956, 1330321.245
04-03-2021 22:00, SK 40 LOT, 126.925, 2915.881, 1330448.17
04-03-2021 23:00, SK 40 LOT, 126.976, 3042.857, 1330575.146
04-03-2021 00:00, EG-68, 37.364, 37.364, 20281.903
04-03-2021 02:00, EG-68, 37.408, 74.772, 20319.311
04-03-2021 04:00, EG-68, 37.431, 112.203, 20356.742
04-03-2021 06:00, EG-68, 37.441, 149.644, 20394.183
04-03-2021 08:00, EG-68, 37.412, 187.056, 20431.595
04-03-2021 10:00, EG-68, 37.426, 224.482, 20469.021
04-03-2021 12:00, EG-68, 37.449, 261.931, 20506.47
04-03-2021 14:00, EG-68, 37.504, 299.435, 20543.974
04-03-2021 16:00, EG-68, 37.521, 336.956, 20581.495
04-03-2021 18:00, EG-68, 37.498, 374.454, 20618.993
04-03-2021 20:00, EG-68, 37.508, 411.962, 20656.501
04-03-2021 22:00, EG-68, 37.49, 449.452, 20693.991
04-03-2021 00:00, SK 39 LOT, 122.226, 122.226, 82919.3889999998
04-03-2021 01:00, SK 39 LOT, 123.262, 245.488, 83042.6509999998
04-03-2021 02:00, SK 39 LOT, 123.741, 369.229, 83166.3919999998
04-03-2021 03:00, SK 39 LOT, 124.354, 493.583, 83290.7459999998
04-03-2021 04:00, SK 39 LOT, 124.877, 618.46, 83415.6229999998
04-03-2021 05:00, SK 39 LOT, 125.096, 743.556, 83540.7189999998
04-03-2021 06:00, SK 39 LOT, 125.445, 869.001, 83666.1639999998
04-03-2021 07:00, SK 39 LOT, 126.184, 995.185, 83792.3479999998
04-03-2021 08:00, SK 39 LOT, 126.056, 1121.241, 83918.4039999998
04-03-2021 09:00, SK 39 LOT, 125.887, 1247.128, 84044.2909999998
04-03-2021 10:00, SK 39 LOT, 126.371, 1373.499, 84170.6619999998
04-03-2021 11:00, SK 39 LOT, 126.765, 1500.264, 84297.4269999998
04-03-2021 12:00, SK 39 LOT, 127.201, 1627.465, 84424.6279999998
04-03-2021 13:00, SK 39 LOT, 127.339, 1754.804, 84551.9669999998
04-03-2021 14:00, SK 39 LOT, 127.481, 1882.285, 84679.4479999998
04-03-2021 15:00, SK 39 LOT, 127.618, 2009.903, 84807.0659999998
04-03-2021 16:00, SK 39 LOT, 127.625, 2137.528, 84934.6909999998
04-03-2021 17:00, SK 39 LOT, 127.327, 2264.855, 85062.0179999998
04-03-2021 18:00, SK 39 LOT, 127.672, 2392.527, 85189.6899999998
04-03-2021 19:00, SK 39 LOT, 128.233, 2520.76, 85317.9229999998
04-03-2021 20:00, SK 39 LOT, 118.758, 2639.518, 85436.6809999998
04-03-2021 21:00, SK 39 LOT, 124.389, 2763.907, 85561.0699999998
04-03-2021 22:00, SK 39 LOT, 125.813, 2889.72, 85686.8829999998
04-03-2021 23:00, SK 39 LOT, 126.508, 3016.228, 85813.3909999998
04-03-2021 00:00, SK 38 LOT, 78.974, 78.974, 58138.785
04-03-2021 01:00, SK 38 LOT, 79.087, 158.061, 58217.872
04-03-2021 02:00, SK 38 LOT, 79.036, 237.097, 58296.908
04-03-2021 03:00, SK 38 LOT, 79.209, 316.306, 58376.117
04-03-2021 04:00, SK 38 LOT, 79.197, 395.503, 58455.314
04-03-2021 05:00, SK 38 LOT, 79.27, 474.773, 58534.584
04-03-2021 06:00, SK 38 LOT, 79.453, 554.226, 58614.037
04-03-2021 07:00, SK 38 LOT, 79.445, 633.671, 58693.482
04-03-2021 08:00, SK 38 LOT, 79.215, 712.886, 58772.697
04-03-2021 09:00, SK 38 LOT, 79.118, 792.004, 58851.815
04-03-2021 10:00, SK 38 LOT, 79.33, 871.334, 58931.145
04-03-2021 11:00, SK 38 LOT, 79.296, 950.63, 59010.441
04-03-2021 12:00, SK 38 LOT, 79.337, 1029.967, 59089.778
04-03-2021 13:00, SK 38 LOT, 79.616, 1109.583, 59169.394
04-03-2021 14:00, SK 38 LOT, 79.834, 1189.417, 59249.228
04-03-2021 15:00, SK 38 LOT, 79.636, 1269.053, 59328.864
04-03-2021 16:00, SK 38 LOT, 79.517, 1348.57, 59408.381
04-03-2021 17:00, SK 38 LOT, 79.569, 1428.139, 59487.95
04-03-2021 18:00, SK 38 LOT, 79.772, 1507.911, 59567.722
04-03-2021 19:00, SK 38 LOT, 79.737, 1587.648, 59647.459
04-03-2021 20:00, SK 38 LOT, 79.42, 1667.068, 59726.879
04-03-2021 21:00, SK 38 LOT, 79.551, 1746.619, 59806.43
04-03-2021 22:00, SK 38 LOT, 79.499, 1826.118, 59885.929
04-03-2021 23:00, SK 38 LOT, 79.764, 1905.882, 59965.693
04-03-2021 00:00, EG-66, 38.12, 38.12, 1136.526
04-03-2021 02:00, EG-66, 38.132, 76.252, 1174.658
04-03-2021 04:00, EG-66, 38.177, 114.429, 1212.835
04-03-2021 06:00, EG-66, 38.183, 152.612, 1251.018
04-03-2021 08:00, EG-66, 38.222, 190.834, 1289.24
04-03-2021 10:00, EG-66, 38.228, 229.062, 1327.468
04-03-2021 12:00, EG-66, 38.251, 267.313, 1365.719
04-03-2021 14:00, EG-66, 38.295, 305.608, 1404.014
04-03-2021 16:00, EG-66, 38.333, 343.941, 1442.347
04-03-2021 18:00, EG-66, 38.327, 382.268, 1480.674
04-03-2021 20:00, EG-66, 38.326, 420.594, 1519
04-03-2021 22:00, EG-66, 38.319, 458.913, 1557.319
