DATE STAMP, SENSOR NAME, DEBIT l/30min, TOTAL LITERS FOR THE DAY,TOTAL LITERS FROM THE START
06-03-2021 00:00, NC64 Kolichestvo [liters/30min], 3140, 3140, 191843260
06-03-2021 00:30, NC64 Kolichestvo [liters/30min], 3140, 6280, 191846400
06-03-2021 01:00, NC64 Kolichestvo [liters/30min], 3150, 9430, 191849550
06-03-2021 01:30, NC64 Kolichestvo [liters/30min], 3140, 12570, 191852690
06-03-2021 02:00, NC64 Kolichestvo [liters/30min], 3140, 15710, 191855830
06-03-2021 02:30, NC64 Kolichestvo [liters/30min], 3130, 18840, 191858960
06-03-2021 03:00, NC64 Kolichestvo [liters/30min], 3130, 21970, 191862090
06-03-2021 03:30, NC64 Kolichestvo [liters/30min], 3130, 25100, 191865220
06-03-2021 04:00, NC64 Kolichestvo [liters/30min], 3120, 28220, 191868340
06-03-2021 04:30, NC64 Kolichestvo [liters/30min], 3140, 31360, 191871480
06-03-2021 05:00, NC64 Kolichestvo [liters/30min], 3120, 34480, 191874600
06-03-2021 05:30, NC64 Kolichestvo [liters/30min], 3120, 37600, 191877720
06-03-2021 06:00, NC64 Kolichestvo [liters/30min], 3120, 40720, 191880840
06-03-2021 06:30, NC64 Kolichestvo [liters/30min], 3110, 43830, 191883950
06-03-2021 07:00, NC64 Kolichestvo [liters/30min], 3120, 46950, 191887070
06-03-2021 07:30, NC64 Kolichestvo [liters/30min], 3120, 50070, 191890190
06-03-2021 08:00, NC64 Kolichestvo [liters/30min], 3120, 53190, 191893310
06-03-2021 08:30, NC64 Kolichestvo [liters/30min], 3120, 56310, 191896430
06-03-2021 09:00, NC64 Kolichestvo [liters/30min], 3120, 59430, 191899550
06-03-2021 09:30, NC64 Kolichestvo [liters/30min], 3120, 62550, 191902670
06-03-2021 10:00, NC64 Kolichestvo [liters/30min], 3120, 65670, 191905790
06-03-2021 10:30, NC64 Kolichestvo [liters/30min], 3110, 68780, 191908900
06-03-2021 11:00, NC64 Kolichestvo [liters/30min], 3120, 71900, 191912020
06-03-2021 11:30, NC64 Kolichestvo [liters/30min], 3110, 75010, 191915130
06-03-2021 12:00, NC64 Kolichestvo [liters/30min], 3110, 78120, 191918240
06-03-2021 12:30, NC64 Kolichestvo [liters/30min], 3120, 81240, 191921360
06-03-2021 13:00, NC64 Kolichestvo [liters/30min], 3110, 84350, 191924470
06-03-2021 13:30, NC64 Kolichestvo [liters/30min], 3120, 87470, 191927590
06-03-2021 14:00, NC64 Kolichestvo [liters/30min], 3130, 90600, 191930720
06-03-2021 14:30, NC64 Kolichestvo [liters/30min], 3120, 93720, 191933840
06-03-2021 15:00, NC64 Kolichestvo [liters/30min], 3120, 96840, 191936960
06-03-2021 15:30, NC64 Kolichestvo [liters/30min], 3100, 99940, 191940060
06-03-2021 16:00, NC64 Kolichestvo [liters/30min], 3140, 103080, 191943200
06-03-2021 16:30, NC64 Kolichestvo [liters/30min], 3150, 106230, 191946350
06-03-2021 17:00, NC64 Kolichestvo [liters/30min], 3150, 109380, 191949500
06-03-2021 17:30, NC64 Kolichestvo [liters/30min], 3130, 112510, 191952630
06-03-2021 18:00, NC64 Kolichestvo [liters/30min], 3110, 115620, 191955740
06-03-2021 18:30, NC64 Kolichestvo [liters/30min], 3100, 118720, 191958840
06-03-2021 19:00, NC64 Kolichestvo [liters/30min], 3080, 121800, 191961920
06-03-2021 19:30, NC64 Kolichestvo [liters/30min], 3070, 124870, 191964990
06-03-2021 20:00, NC64 Kolichestvo [liters/30min], 3080, 127950, 191968070
06-03-2021 20:30, NC64 Kolichestvo [liters/30min], 3070, 131020, 191971140
06-03-2021 21:00, NC64 Kolichestvo [liters/30min], 3080, 134100, 191974220
06-03-2021 21:30, NC64 Kolichestvo [liters/30min], 3080, 137180, 191977300
06-03-2021 22:00, NC64 Kolichestvo [liters/30min], 3080, 140260, 191980380
06-03-2021 22:30, NC64 Kolichestvo [liters/30min], 3080, 143340, 191983460
06-03-2021 23:00, NC64 Kolichestvo [liters/30min], 3090, 146430, 191986550
06-03-2021 00:00, NC65 Kolichestvo [liters/30min], 730, 730, 74264880
06-03-2021 00:30, NC65 Kolichestvo [liters/30min], 720, 1450, 74265600
06-03-2021 01:00, NC65 Kolichestvo [liters/30min], 730, 2180, 74266330
06-03-2021 01:30, NC65 Kolichestvo [liters/30min], 730, 2910, 74267060
06-03-2021 02:00, NC65 Kolichestvo [liters/30min], 730, 3640, 74267790
06-03-2021 02:30, NC65 Kolichestvo [liters/30min], 730, 4370, 74268520
06-03-2021 03:00, NC65 Kolichestvo [liters/30min], 710, 5080, 74269230
06-03-2021 03:30, NC65 Kolichestvo [liters/30min], 720, 5800, 74269950
06-03-2021 04:00, NC65 Kolichestvo [liters/30min], 710, 6510, 74270660
06-03-2021 04:30, NC65 Kolichestvo [liters/30min], 720, 7230, 74271380
06-03-2021 05:00, NC65 Kolichestvo [liters/30min], 700, 7930, 74272080
06-03-2021 05:30, NC65 Kolichestvo [liters/30min], 710, 8640, 74272790
06-03-2021 06:00, NC65 Kolichestvo [liters/30min], 700, 9340, 74273490
06-03-2021 06:30, NC65 Kolichestvo [liters/30min], 680, 10020, 74274170
06-03-2021 07:00, NC65 Kolichestvo [liters/30min], 690, 10710, 74274860
06-03-2021 07:30, NC65 Kolichestvo [liters/30min], 680, 11390, 74275540
06-03-2021 08:00, NC65 Kolichestvo [liters/30min], 690, 12080, 74276230
06-03-2021 08:30, NC65 Kolichestvo [liters/30min], 690, 12770, 74276920
06-03-2021 09:00, NC65 Kolichestvo [liters/30min], 680, 13450, 74277600
06-03-2021 09:30, NC65 Kolichestvo [liters/30min], 680, 14130, 74278280
06-03-2021 10:00, NC65 Kolichestvo [liters/30min], 690, 14820, 74278970
06-03-2021 10:30, NC65 Kolichestvo [liters/30min], 690, 15510, 74279660
06-03-2021 11:00, NC65 Kolichestvo [liters/30min], 690, 16200, 74280350
06-03-2021 11:30, NC65 Kolichestvo [liters/30min], 700, 16900, 74281050
06-03-2021 12:00, NC65 Kolichestvo [liters/30min], 690, 17590, 74281740
06-03-2021 12:30, NC65 Kolichestvo [liters/30min], 690, 18280, 74282430
06-03-2021 13:00, NC65 Kolichestvo [liters/30min], 690, 18970, 74283120
06-03-2021 13:30, NC65 Kolichestvo [liters/30min], 700, 19670, 74283820
06-03-2021 14:00, NC65 Kolichestvo [liters/30min], 730, 20400, 74284550
06-03-2021 14:30, NC65 Kolichestvo [liters/30min], 720, 21120, 74285270
06-03-2021 15:00, NC65 Kolichestvo [liters/30min], 690, 21810, 74285960
06-03-2021 15:30, NC65 Kolichestvo [liters/30min], 690, 22500, 74286650
06-03-2021 16:00, NC65 Kolichestvo [liters/30min], 730, 23230, 74287380
06-03-2021 16:30, NC65 Kolichestvo [liters/30min], 740, 23970, 74288120
06-03-2021 17:00, NC65 Kolichestvo [liters/30min], 740, 24710, 74288860
06-03-2021 17:30, NC65 Kolichestvo [liters/30min], 720, 25430, 74289580
06-03-2021 18:00, NC65 Kolichestvo [liters/30min], 700, 26130, 74290280
06-03-2021 18:30, NC65 Kolichestvo [liters/30min], 730, 26860, 74291010
06-03-2021 19:00, NC65 Kolichestvo [liters/30min], 750, 27610, 74291760
06-03-2021 19:30, NC65 Kolichestvo [liters/30min], 740, 28350, 74292500
06-03-2021 20:00, NC65 Kolichestvo [liters/30min], 750, 29100, 74293250
06-03-2021 20:30, NC65 Kolichestvo [liters/30min], 740, 29840, 74293990
06-03-2021 21:00, NC65 Kolichestvo [liters/30min], 740, 30580, 74294730
06-03-2021 21:30, NC65 Kolichestvo [liters/30min], 750, 31330, 74295480
06-03-2021 22:00, NC65 Kolichestvo [liters/30min], 740, 32070, 74296220
06-03-2021 22:30, NC65 Kolichestvo [liters/30min], 740, 32810, 74296960
06-03-2021 23:00, NC65 Kolichestvo [liters/30min], 750, 33560, 74297710
06-03-2021 00:00, SK16 Kolichestvo [liters/30min], 2507.259, 2507.259, 169586709.762063
06-03-2021 00:30, SK16 Kolichestvo [liters/30min], 2510.001, 5017.26, 169589219.763063
06-03-2021 01:00, SK16 Kolichestvo [liters/30min], 2517.561, 7534.821, 169591737.324063
06-03-2021 01:30, SK16 Kolichestvo [liters/30min], 2506.809, 10041.63, 169594244.133063
06-03-2021 02:00, SK16 Kolichestvo [liters/30min], 2524.541, 12566.171, 169596768.674063
06-03-2021 02:30, SK16 Kolichestvo [liters/30min], 2508.73, 15074.901, 169599277.404063
06-03-2021 03:00, SK16 Kolichestvo [liters/30min], 2514.067, 17588.968, 169601791.471063
06-03-2021 03:30, SK16 Kolichestvo [liters/30min], 2502.733, 20091.701, 169604294.204063
06-03-2021 04:00, SK16 Kolichestvo [liters/30min], 2486.74, 22578.441, 169606780.944063
06-03-2021 04:30, SK16 Kolichestvo [liters/30min], 2494.637, 25073.078, 169609275.581063
06-03-2021 05:00, SK16 Kolichestvo [liters/30min], 2517.062, 27590.14, 169611792.643063
06-03-2021 05:30, SK16 Kolichestvo [liters/30min], 2517.576, 30107.716, 169614310.219063
06-03-2021 06:00, SK16 Kolichestvo [liters/30min], 2505.63, 32613.346, 169616815.849063
06-03-2021 06:30, SK16 Kolichestvo [liters/30min], 2489.463, 35102.809, 169619305.312063
06-03-2021 07:00, SK16 Kolichestvo [liters/30min], 2499.85, 37602.659, 169621805.162063
06-03-2021 07:30, SK16 Kolichestvo [liters/30min], 2513.272, 40115.931, 169624318.434063
06-03-2021 08:00, SK16 Kolichestvo [liters/30min], 2487.257, 42603.188, 169626805.691063
06-03-2021 08:30, SK16 Kolichestvo [liters/30min], 2492.977, 45096.165, 169629298.668063
06-03-2021 09:00, SK16 Kolichestvo [liters/30min], 2474.071, 47570.236, 169631772.739063
06-03-2021 09:30, SK16 Kolichestvo [liters/30min], 2509.229, 50079.465, 169634281.968063
06-03-2021 10:00, SK16 Kolichestvo [liters/30min], 2500.333, 52579.798, 169636782.301063
06-03-2021 10:30, SK16 Kolichestvo [liters/30min], 2495.133, 55074.931, 169639277.434063
06-03-2021 11:00, SK16 Kolichestvo [liters/30min], 2471.618, 57546.549, 169641749.052063
06-03-2021 11:30, SK16 Kolichestvo [liters/30min], 2472.488, 60019.037, 169644221.540063
06-03-2021 12:00, SK16 Kolichestvo [liters/30min], 2500.908, 62519.945, 169646722.448063
06-03-2021 12:30, SK16 Kolichestvo [liters/30min], 2480.487, 65000.432, 169649202.935063
06-03-2021 13:00, SK16 Kolichestvo [liters/30min], 2491.25, 67491.682, 169651694.185063
06-03-2021 13:30, SK16 Kolichestvo [liters/30min], 2505.724, 69997.406, 169654199.909063
06-03-2021 14:00, SK16 Kolichestvo [liters/30min], 2500.541, 72497.947, 169656700.450063
06-03-2021 14:30, SK16 Kolichestvo [liters/30min], 2484.582, 74982.529, 169659185.032063
06-03-2021 15:00, SK16 Kolichestvo [liters/30min], 2479.308, 77461.837, 169661664.340063
06-03-2021 15:30, SK16 Kolichestvo [liters/30min], 2485.09, 79946.927, 169664149.430063
06-03-2021 16:00, SK16 Kolichestvo [liters/30min], 2478.381, 82425.308, 169666627.811063
06-03-2021 16:30, SK16 Kolichestvo [liters/30min], 2380.621, 84805.929, 169669008.432063
06-03-2021 17:00, SK16 Kolichestvo [liters/30min], 2325.886, 87131.815, 169671334.318063
06-03-2021 17:30, SK16 Kolichestvo [liters/30min], 2483.48, 89615.295, 169673817.798063
06-03-2021 18:00, SK16 Kolichestvo [liters/30min], 2494.144, 92109.439, 169676311.942063
06-03-2021 18:30, SK16 Kolichestvo [liters/30min], 2456.044, 94565.483, 169678767.986063
06-03-2021 19:00, SK16 Kolichestvo [liters/30min], 2374.417, 96939.9, 169681142.403063
06-03-2021 19:30, SK16 Kolichestvo [liters/30min], 2453.599, 99393.499, 169683596.002063
06-03-2021 20:00, SK16 Kolichestvo [liters/30min], 2320.789, 101714.288, 169685916.791063
06-03-2021 20:30, SK16 Kolichestvo [liters/30min], 2127.216, 103841.504, 169688044.007063
06-03-2021 21:00, SK16 Kolichestvo [liters/30min], 2042.781, 105884.285, 169690086.788063
06-03-2021 21:30, SK16 Kolichestvo [liters/30min], 1968.479, 107852.764, 169692055.267063
06-03-2021 22:00, SK16 Kolichestvo [liters/30min], 2413.885, 110266.649, 169694469.152063
06-03-2021 22:30, SK16 Kolichestvo [liters/30min], 2181.304, 112447.953, 169696650.456063
06-03-2021 23:00, SK16 Kolichestvo [liters/30min], 1866.216, 114314.169, 169698516.672063
06-03-2021 00:00, SK19 Kolichestvo [liters/30min], 2480, 2480, 85797190
06-03-2021 00:30, SK19 Kolichestvo [liters/30min], 2540, 5020, 85799730
06-03-2021 01:00, SK19 Kolichestvo [liters/30min], 2490, 7510, 85802220
06-03-2021 01:30, SK19 Kolichestvo [liters/30min], 2500, 10010, 85804720
06-03-2021 00:00, EG53 LOT, 53.26786, 53.26786, 998628.965005002
06-03-2021 01:00, EG53 LOT, 53.27279, 106.54065, 998682.237795002
06-03-2021 02:00, EG53 LOT, 53.27617, 159.81682, 998735.513965002
06-03-2021 03:00, EG53 LOT, 53.27813, 213.09495, 998788.792095002
06-03-2021 04:00, EG53 LOT, 53.28017, 266.37512, 998842.072265002
06-03-2021 05:00, EG53 LOT, 53.28101, 319.65613, 998895.353275002
06-03-2021 06:00, EG53 LOT, 53.2851, 372.94123, 998948.638375002
06-03-2021 07:00, EG53 LOT, 53.28658, 426.22781, 999001.924955002
06-03-2021 08:00, EG53 LOT, 53.29395, 479.52176, 999055.218905002
06-03-2021 09:00, EG53 LOT, 53.30499, 532.82675, 999108.523895002
06-03-2021 10:00, EG53 LOT, 53.30929, 586.13604, 999161.833185002
06-03-2021 11:00, EG53 LOT, 53.31877, 639.45481, 999215.151955002
06-03-2021 12:00, EG53 LOT, 53.32066, 692.77547, 999268.472615002
06-03-2021 13:00, EG53 LOT, 53.32298, 746.09845, 999321.795595002
06-03-2021 14:00, EG53 LOT, 53.32187, 799.42032, 999375.117465002
06-03-2021 15:00, EG53 LOT, 53.3192, 852.73952, 999428.436665002
06-03-2021 16:00, EG53 LOT, 53.31976, 906.05928, 999481.756425002
06-03-2021 17:00, EG53 LOT, 53.32587, 959.38515, 999535.082295002
06-03-2021 18:00, EG53 LOT, 53.3308, 1012.71595, 999588.413095002
06-03-2021 19:00, EG53 LOT, 53.3374, 1066.05335, 999641.750495002
06-03-2021 20:00, EG53 LOT, 53.34261, 1119.39596, 999695.093105002
06-03-2021 21:00, EG53 LOT, 53.34429, 1172.74025, 999748.437395002
06-03-2021 22:00, EG53 LOT, 53.34633, 1226.08658, 999801.783725002
06-03-2021 23:00, EG53 LOT, 53.34795, 1279.43453, 999855.131675002
06-03-2021 00:00, EG56 LOT, 40.47274, 40.47274, 550025.129898999
06-03-2021 01:00, EG56 LOT, 40.51984, 80.99258, 550065.649738999
06-03-2021 02:00, EG56 LOT, 40.56245, 121.55503, 550106.212188999
06-03-2021 03:00, EG56 LOT, 40.59908, 162.15411, 550146.811268999
06-03-2021 04:00, EG56 LOT, 40.62981, 202.78392, 550187.441078999
06-03-2021 05:00, EG56 LOT, 40.65849, 243.44241, 550228.099568999
06-03-2021 06:00, EG56 LOT, 40.68796, 284.13037, 550268.787528999
06-03-2021 07:00, EG56 LOT, 40.70897, 324.83934, 550309.496498999
06-03-2021 08:00, EG56 LOT, 40.73119, 365.57053, 550350.227688999
06-03-2021 09:00, EG56 LOT, 40.75685, 406.32738, 550390.984538999
06-03-2021 10:00, EG56 LOT, 40.78518, 447.11256, 550431.769718999
06-03-2021 11:00, EG56 LOT, 40.80564, 487.9182, 550472.575358999
06-03-2021 12:00, EG56 LOT, 40.82153, 528.73973, 550513.396888999
06-03-2021 13:00, EG56 LOT, 40.83848, 569.57821, 550554.235368999
06-03-2021 14:00, EG56 LOT, 40.85057, 610.42878, 550595.085938999
06-03-2021 15:00, EG56 LOT, 40.86273, 651.29151, 550635.948668999
06-03-2021 16:00, EG56 LOT, 40.8808, 692.17231, 550676.829468999
06-03-2021 17:00, EG56 LOT, 40.89352, 733.06583, 550717.722988999
06-03-2021 18:00, EG56 LOT, 40.90576, 773.97159, 550758.628748999
06-03-2021 19:00, EG56 LOT, 40.9168, 814.88839, 550799.545548999
06-03-2021 20:00, EG56 LOT, 40.9194, 855.80779, 550840.464948999
06-03-2021 21:00, EG56 LOT, 40.92924, 896.73703, 550881.394188999
06-03-2021 22:00, EG56 LOT, 40.92966, 937.66669, 550922.323848999
06-03-2021 23:00, EG56 LOT, 40.92482, 978.59151, 550963.248668999
06-03-2021 00:00, EG46, 91.24147, 91.24147, 1456777.66056
06-03-2021 01:00, EG46, 91.25343, 182.4949, 1456868.91399
06-03-2021 02:00, EG46, 91.25047, 273.74537, 1456960.16446
06-03-2021 03:00, EG46, 91.23669, 364.98206, 1457051.40115
06-03-2021 04:00, EG46, 91.24886, 456.23092, 1457142.65001
06-03-2021 05:00, EG46, 91.25722, 547.48814, 1457233.90723
06-03-2021 06:00, EG46, 91.22601, 638.71415, 1457325.13324
06-03-2021 07:00, EG46, 91.19521, 729.90936, 1457416.32845
06-03-2021 08:00, EG46, 91.1917, 821.10106, 1457507.52015
06-03-2021 09:00, EG46, 91.173, 912.27406, 1457598.69315
06-03-2021 10:00, EG46, 91.15478, 1003.42884, 1457689.84793
06-03-2021 11:00, EG46, 91.17918, 1094.60802, 1457781.02711
06-03-2021 12:00, EG46, 91.17834, 1185.78636, 1457872.20545
06-03-2021 13:00, EG46, 91.15127, 1276.93763, 1457963.35672
06-03-2021 14:00, EG46, 91.13066, 1368.06829, 1458054.48738
06-03-2021 15:00, EG46, 91.13306, 1459.20135, 1458145.62044
06-03-2021 16:00, EG46, 91.13699, 1550.33834, 1458236.75743
06-03-2021 17:00, EG46, 91.12982, 1641.46816, 1458327.88725
06-03-2021 18:00, EG46, 91.1171, 1732.58526, 1458419.00435
06-03-2021 19:00, EG46, 91.08567, 1823.67093, 1458510.09002
06-03-2021 20:00, EG46, 91.08166, 1914.75259, 1458601.17168
06-03-2021 21:00, EG46, 91.05459, 2005.80718, 1458692.22627
06-03-2021 22:00, EG46, 91.03139, 2096.83857, 1458783.25766
06-03-2021 23:00, EG46, 91.0477, 2187.88627, 1458874.30536
06-03-2021 00:00, EG48, 89.29642, 89.29642, 1331911.65454
06-03-2021 01:00, EG48, 89.29636, 178.59278, 1332000.9509
06-03-2021 02:00, EG48, 89.29347, 267.88625, 1332090.24437
06-03-2021 03:00, EG48, 89.29579, 357.18204, 1332179.54016
06-03-2021 04:00, EG48, 89.29615, 446.47819, 1332268.83631
06-03-2021 05:00, EG48, 89.29769, 535.77588, 1332358.134
06-03-2021 06:00, EG48, 89.29333, 625.06921, 1332447.42733
06-03-2021 07:00, EG48, 89.28771, 714.35692, 1332536.71504
06-03-2021 08:00, EG48, 89.28862, 803.64554, 1332626.00366
06-03-2021 09:00, EG48, 89.28419, 892.92973, 1332715.28785
06-03-2021 10:00, EG48, 89.28025, 982.20998, 1332804.5681
06-03-2021 11:00, EG48, 89.28251, 1071.49249, 1332893.85061
06-03-2021 12:00, EG48, 89.28363, 1160.77612, 1332983.13424
06-03-2021 13:00, EG48, 89.28124, 1250.05736, 1333072.41548
06-03-2021 14:00, EG48, 89.2868, 1339.34416, 1333161.70228
06-03-2021 15:00, EG48, 89.28356, 1428.62772, 1333250.98584
06-03-2021 16:00, EG48, 89.27955, 1517.90727, 1333340.26539
06-03-2021 17:00, EG48, 89.28335, 1607.19062, 1333429.54874
06-03-2021 18:00, EG48, 89.27435, 1696.46497, 1333518.82309
06-03-2021 19:00, EG48, 89.27371, 1785.73868, 1333608.0968
06-03-2021 20:00, EG48, 89.27294, 1875.01162, 1333697.36974
06-03-2021 21:00, EG48, 89.27013, 1964.28175, 1333786.63987
06-03-2021 22:00, EG48, 89.26936, 2053.55111, 1333875.90923
06-03-2021 23:00, EG48, 89.26887, 2142.81998, 1333965.1781
06-03-2021 00:00, EG49, 65.2659, 65.2659, 1238088.66966
06-03-2021 01:00, EG49, 65.2598, 130.5257, 1238153.92946
06-03-2021 02:00, EG49, 65.25635, 195.78205, 1238219.18581
06-03-2021 03:00, EG49, 65.2504, 261.03245, 1238284.43621
06-03-2021 04:00, EG49, 65.24769, 326.28014, 1238349.6839
06-03-2021 05:00, EG49, 65.24713, 391.52727, 1238414.93103
06-03-2021 06:00, EG49, 65.23819, 456.76546, 1238480.16922
06-03-2021 07:00, EG49, 65.23135, 521.99681, 1238545.40057
06-03-2021 08:00, EG49, 65.21738, 587.21419, 1238610.61795
06-03-2021 09:00, EG49, 65.20229, 652.41648, 1238675.82024
06-03-2021 10:00, EG49, 65.18153, 717.59801, 1238741.00177
06-03-2021 11:00, EG49, 65.16546, 782.76347, 1238806.16723
06-03-2021 12:00, EG49, 65.15375, 847.91722, 1238871.32098
06-03-2021 13:00, EG49, 65.1386, 913.05582, 1238936.45958
06-03-2021 14:00, EG49, 65.14481, 978.20063, 1239001.60439
06-03-2021 15:00, EG49, 65.14398, 1043.34461, 1239066.74837
06-03-2021 16:00, EG49, 65.14208, 1108.48669, 1239131.89045
06-03-2021 17:00, EG49, 65.14246, 1173.62915, 1239197.03291
06-03-2021 18:00, EG49, 65.12636, 1238.75551, 1239262.15927
06-03-2021 19:00, EG49, 65.11195, 1303.86746, 1239327.27122
06-03-2021 20:00, EG49, 65.10374, 1368.9712, 1239392.37496
06-03-2021 21:00, EG49, 65.08345, 1434.05465, 1239457.45841
06-03-2021 22:00, EG49, 65.07269, 1499.12734, 1239522.5311
06-03-2021 23:00, EG49, 65.06078, 1564.18812, 1239587.59188
06-03-2021 00:00, EG59, 132.8131, 132.8131, 1966703.9023
06-03-2021 01:00, EG59, 132.8106, 265.6237, 1966836.7129
06-03-2021 02:00, EG59, 132.8076, 398.4313, 1966969.5205
06-03-2021 03:00, EG59, 132.8089, 531.2402, 1967102.3294
06-03-2021 04:00, EG59, 132.8029, 664.0431, 1967235.1323
06-03-2021 05:00, EG59, 132.8025, 796.8456, 1967367.9348
06-03-2021 06:00, EG59, 132.8021, 929.6477, 1967500.7369
06-03-2021 07:00, EG59, 132.7966, 1062.4443, 1967633.5335
06-03-2021 08:00, EG59, 132.7912, 1195.2355, 1967766.3247
06-03-2021 09:00, EG59, 132.7895, 1328.025, 1967899.1142
06-03-2021 10:00, EG59, 132.786, 1460.811, 1968031.9002
06-03-2021 11:00, EG59, 132.78, 1593.591, 1968164.6802
06-03-2021 12:00, EG59, 132.7776, 1726.3686, 1968297.4578
06-03-2021 13:00, EG59, 132.7732, 1859.1418, 1968430.231
06-03-2021 14:00, EG59, 132.7746, 1991.9164, 1968563.0056
06-03-2021 15:00, EG59, 132.7681, 2124.6845, 1968695.7737
06-03-2021 16:00, EG59, 132.7552, 2257.4397, 1968828.5289
06-03-2021 17:00, EG59, 132.7506, 2390.1903, 1968961.2795
06-03-2021 18:00, EG59, 132.7424, 2522.9327, 1969094.0219
06-03-2021 19:00, EG59, 132.7391, 2655.6718, 1969226.761
06-03-2021 20:00, EG59, 132.7376, 2788.4094, 1969359.4986
06-03-2021 21:00, EG59, 132.7368, 2921.1462, 1969492.2354
06-03-2021 22:00, EG59, 132.7331, 3053.8793, 1969624.9685
06-03-2021 23:00, EG59, 132.7327, 3186.612, 1969757.7012
06-03-2021 00:00, EG60, 64.47679, 64.47679, 5674554.75020001
06-03-2021 01:00, EG60, 64.47307, 128.94986, 5674619.22327001
06-03-2021 02:00, EG60, 64.46553, 193.41539, 5674683.68880001
06-03-2021 03:00, EG60, 64.45809, 257.87348, 5674748.14689001
06-03-2021 04:00, EG60, 64.45451, 322.32799, 5674812.60140001
06-03-2021 05:00, EG60, 64.44939, 386.77738, 5674877.05079001
06-03-2021 06:00, EG60, 64.44157, 451.21895, 5674941.49236001
06-03-2021 07:00, EG60, 64.43467, 515.65362, 5675005.92703001
06-03-2021 08:00, EG60, 64.42722, 580.08084, 5675070.35425001
06-03-2021 09:00, EG60, 64.41116, 644.492, 5675134.76541001
06-03-2021 10:00, EG60, 64.3899, 708.8819, 5675199.15531001
06-03-2021 11:00, EG60, 64.37438, 773.25628, 5675263.52969001
06-03-2021 12:00, EG60, 64.36556, 837.62184, 5675327.89525001
06-03-2021 13:00, EG60, 64.35535, 901.97719, 5675392.25060001
06-03-2021 14:00, EG60, 64.35072, 966.32791, 5675456.60132001
06-03-2021 15:00, EG60, 64.3475, 1030.67541, 5675520.94882001
06-03-2021 16:00, EG60, 64.33652, 1095.01193, 5675585.28534001
06-03-2021 17:00, EG60, 64.32694, 1159.33887, 5675649.61228001
06-03-2021 18:00, EG60, 64.31796, 1223.65683, 5675713.93024001
06-03-2021 19:00, EG60, 64.30592, 1287.96275, 5675778.23616001
06-03-2021 20:00, EG60, 64.30104, 1352.26379, 5675842.53720001
06-03-2021 21:00, EG60, 64.2924, 1416.55619, 5675906.82960001
06-03-2021 22:00, EG60, 64.28143, 1480.83762, 5675971.11103001
06-03-2021 23:00, EG60, 64.27679, 1545.11441, 5676035.38782001
06-03-2021 00:00, NC83 Kolichestvo [liters/30min], 0, 0, 435776.247632622
06-03-2021 00:30, NC83 Kolichestvo [liters/30min], 0, 0, 435776.247632622
06-03-2021 01:00, NC83 Kolichestvo [liters/30min], 15.85894, 15.85894, 435792.106572622
06-03-2021 01:30, NC83 Kolichestvo [liters/30min], 0, 15.85894, 435792.106572622
06-03-2021 02:00, NC83 Kolichestvo [liters/30min], 0, 15.85894, 435792.106572622
06-03-2021 02:30, NC83 Kolichestvo [liters/30min], 0, 15.85894, 435792.106572622
06-03-2021 03:00, NC83 Kolichestvo [liters/30min], 0, 15.85894, 435792.106572622
06-03-2021 03:30, NC83 Kolichestvo [liters/30min], 16.31126, 32.1702, 435808.417832622
06-03-2021 04:00, NC83 Kolichestvo [liters/30min], 0, 32.1702, 435808.417832622
06-03-2021 04:30, NC83 Kolichestvo [liters/30min], 0, 32.1702, 435808.417832622
06-03-2021 05:00, NC83 Kolichestvo [liters/30min], 0, 32.1702, 435808.417832622
06-03-2021 05:30, NC83 Kolichestvo [liters/30min], 0, 32.1702, 435808.417832622
06-03-2021 06:00, NC83 Kolichestvo [liters/30min], 16.46318, 48.63338, 435824.881012622
06-03-2021 06:30, NC83 Kolichestvo [liters/30min], 0, 48.63338, 435824.881012622
06-03-2021 07:00, NC83 Kolichestvo [liters/30min], 0, 48.63338, 435824.881012622
06-03-2021 07:30, NC83 Kolichestvo [liters/30min], 0, 48.63338, 435824.881012622
06-03-2021 08:00, NC83 Kolichestvo [liters/30min], 0, 48.63338, 435824.881012622
06-03-2021 08:30, NC83 Kolichestvo [liters/30min], 0, 48.63338, 435824.881012622
06-03-2021 09:00, NC83 Kolichestvo [liters/30min], 0, 48.63338, 435824.881012622
06-03-2021 09:30, NC83 Kolichestvo [liters/30min], 0, 48.63338, 435824.881012622
06-03-2021 10:00, NC83 Kolichestvo [liters/30min], 0, 48.63338, 435824.881012622
06-03-2021 10:30, NC83 Kolichestvo [liters/30min], 0, 48.63338, 435824.881012622
06-03-2021 11:00, NC83 Kolichestvo [liters/30min], 0, 48.63338, 435824.881012622
06-03-2021 11:30, NC83 Kolichestvo [liters/30min], 0, 48.63338, 435824.881012622
06-03-2021 12:00, NC83 Kolichestvo [liters/30min], 0, 48.63338, 435824.881012622
06-03-2021 12:30, NC83 Kolichestvo [liters/30min], 0, 48.63338, 435824.881012622
06-03-2021 13:00, NC83 Kolichestvo [liters/30min], 0, 48.63338, 435824.881012622
06-03-2021 13:30, NC83 Kolichestvo [liters/30min], 0, 48.63338, 435824.881012622
06-03-2021 14:00, NC83 Kolichestvo [liters/30min], 0, 48.63338, 435824.881012622
06-03-2021 14:30, NC83 Kolichestvo [liters/30min], 0, 48.63338, 435824.881012622
06-03-2021 15:00, NC83 Kolichestvo [liters/30min], 0.008583069, 48.641963069, 435824.889595691
06-03-2021 15:30, NC83 Kolichestvo [liters/30min], 0, 48.641963069, 435824.889595691
06-03-2021 16:00, NC83 Kolichestvo [liters/30min], 0, 48.641963069, 435824.889595691
06-03-2021 16:30, NC83 Kolichestvo [liters/30min], 0, 48.641963069, 435824.889595691
06-03-2021 17:00, NC83 Kolichestvo [liters/30min], 0, 48.641963069, 435824.889595691
06-03-2021 17:30, NC83 Kolichestvo [liters/30min], 0, 48.641963069, 435824.889595691
06-03-2021 18:00, NC83 Kolichestvo [liters/30min], 0.04849434, 48.690457409, 435824.938090031
06-03-2021 18:30, NC83 Kolichestvo [liters/30min], 0.2549171, 48.945374509, 435825.193007131
06-03-2021 19:00, NC83 Kolichestvo [liters/30min], 0.2982616, 49.243636109, 435825.491268731
06-03-2021 19:30, NC83 Kolichestvo [liters/30min], 0.3094196, 49.553055709, 435825.800688331
06-03-2021 20:00, NC83 Kolichestvo [liters/30min], 0.5085468, 50.061602509, 435826.309235131
06-03-2021 20:30, NC83 Kolichestvo [liters/30min], 0.1896858, 50.251288309, 435826.498920931
06-03-2021 21:00, NC83 Kolichestvo [liters/30min], 0.3347397, 50.586028009, 435826.833660631
06-03-2021 21:30, NC83 Kolichestvo [liters/30min], 0.3673553, 50.953383309, 435827.201015931
06-03-2021 22:00, NC83 Kolichestvo [liters/30min], 0.5373001, 51.490683409, 435827.738316031
06-03-2021 22:30, NC83 Kolichestvo [liters/30min], 0.5192757, 52.009959109, 435828.257591731
06-03-2021 23:00, NC83 Kolichestvo [liters/30min], 0.46134, 52.471299109, 435828.718931731
06-03-2021 00:00, NC84 Kolichestvo [liters/30min], 0, 0, 254506.175241694
06-03-2021 00:30, NC84 Kolichestvo [liters/30min], 0, 0, 254506.175241694
06-03-2021 01:00, NC84 Kolichestvo [liters/30min], 0, 0, 254506.175241694
06-03-2021 01:30, NC84 Kolichestvo [liters/30min], 0, 0, 254506.175241694
06-03-2021 02:00, NC84 Kolichestvo [liters/30min], 0, 0, 254506.175241694
06-03-2021 02:30, NC84 Kolichestvo [liters/30min], 0, 0, 254506.175241694
06-03-2021 03:00, NC84 Kolichestvo [liters/30min], 0, 0, 254506.175241694
06-03-2021 03:30, NC84 Kolichestvo [liters/30min], 0, 0, 254506.175241694
06-03-2021 04:00, NC84 Kolichestvo [liters/30min], 0, 0, 254506.175241694
06-03-2021 04:30, NC84 Kolichestvo [liters/30min], 0, 0, 254506.175241694
06-03-2021 05:00, NC84 Kolichestvo [liters/30min], 0, 0, 254506.175241694
06-03-2021 05:30, NC84 Kolichestvo [liters/30min], 0, 0, 254506.175241694
06-03-2021 06:00, NC84 Kolichestvo [liters/30min], 0, 0, 254506.175241694
06-03-2021 06:30, NC84 Kolichestvo [liters/30min], 0, 0, 254506.175241694
06-03-2021 07:00, NC84 Kolichestvo [liters/30min], 0, 0, 254506.175241694
06-03-2021 07:30, NC84 Kolichestvo [liters/30min], 0, 0, 254506.175241694
06-03-2021 08:00, NC84 Kolichestvo [liters/30min], 0, 0, 254506.175241694
06-03-2021 08:30, NC84 Kolichestvo [liters/30min], 0, 0, 254506.175241694
06-03-2021 09:00, NC84 Kolichestvo [liters/30min], 0, 0, 254506.175241694
06-03-2021 09:30, NC84 Kolichestvo [liters/30min], 0, 0, 254506.175241694
06-03-2021 10:00, NC84 Kolichestvo [liters/30min], 0, 0, 254506.175241694
06-03-2021 10:30, NC84 Kolichestvo [liters/30min], 0, 0, 254506.175241694
06-03-2021 11:00, NC84 Kolichestvo [liters/30min], 0, 0, 254506.175241694
06-03-2021 11:30, NC84 Kolichestvo [liters/30min], 0, 0, 254506.175241694
06-03-2021 12:00, NC84 Kolichestvo [liters/30min], 0, 0, 254506.175241694
06-03-2021 12:30, NC84 Kolichestvo [liters/30min], 0, 0, 254506.175241694
06-03-2021 13:00, NC84 Kolichestvo [liters/30min], 0, 0, 254506.175241694
06-03-2021 13:30, NC84 Kolichestvo [liters/30min], 0, 0, 254506.175241694
06-03-2021 14:00, NC84 Kolichestvo [liters/30min], 0, 0, 254506.175241694
06-03-2021 14:30, NC84 Kolichestvo [liters/30min], 0, 0, 254506.175241694
06-03-2021 15:00, NC84 Kolichestvo [liters/30min], 0, 0, 254506.175241694
06-03-2021 15:30, NC84 Kolichestvo [liters/30min], 0, 0, 254506.175241694
06-03-2021 16:00, NC84 Kolichestvo [liters/30min], 0, 0, 254506.175241694
06-03-2021 16:30, NC84 Kolichestvo [liters/30min], 0, 0, 254506.175241694
06-03-2021 17:00, NC84 Kolichestvo [liters/30min], 0, 0, 254506.175241694
06-03-2021 17:30, NC84 Kolichestvo [liters/30min], 0, 0, 254506.175241694
06-03-2021 18:00, NC84 Kolichestvo [liters/30min], 0, 0, 254506.175241694
06-03-2021 18:30, NC84 Kolichestvo [liters/30min], 1.251411, 1.251411, 254507.426652694
06-03-2021 19:00, NC84 Kolichestvo [liters/30min], 0.3205776, 1.5719886, 254507.747230294
06-03-2021 19:30, NC84 Kolichestvo [liters/30min], 0, 1.5719886, 254507.747230294
06-03-2021 20:00, NC84 Kolichestvo [liters/30min], 0, 1.5719886, 254507.747230294
06-03-2021 20:30, NC84 Kolichestvo [liters/30min], 0, 1.5719886, 254507.747230294
06-03-2021 21:00, NC84 Kolichestvo [liters/30min], 0.1180172, 1.6900058, 254507.865247494
06-03-2021 21:30, NC84 Kolichestvo [liters/30min], 0, 1.6900058, 254507.865247494
06-03-2021 22:00, NC84 Kolichestvo [liters/30min], 0, 1.6900058, 254507.865247494
06-03-2021 22:30, NC84 Kolichestvo [liters/30min], 0.422287, 2.1122928, 254508.287534494
06-03-2021 23:00, NC84 Kolichestvo [liters/30min], 0, 2.1122928, 254508.287534494
06-03-2021 00:00, EG47 LOT, 127.4429, 127.4429, 1286731.05037
06-03-2021 01:00, EG47 LOT, 127.416, 254.8589, 1286858.46637
06-03-2021 02:00, EG47 LOT, 127.4296, 382.2885, 1286985.89597
06-03-2021 03:00, EG47 LOT, 127.5481, 509.8366, 1287113.44407
06-03-2021 04:00, EG47 LOT, 127.4768, 637.3134, 1287240.92087
06-03-2021 05:00, EG47 LOT, 127.4569, 764.7703, 1287368.37777
06-03-2021 06:00, EG47 LOT, 127.4309, 892.2012, 1287495.80867
06-03-2021 07:00, EG47 LOT, 127.3841, 1019.5853, 1287623.19277
06-03-2021 08:00, EG47 LOT, 127.4355, 1147.0208, 1287750.62827
06-03-2021 09:00, EG47 LOT, 127.4912, 1274.512, 1287878.11947
06-03-2021 10:00, EG47 LOT, 127.4262, 1401.9382, 1288005.54567
06-03-2021 11:00, EG47 LOT, 127.4146, 1529.3528, 1288132.96027
06-03-2021 12:00, EG47 LOT, 127.3623, 1656.7151, 1288260.32257
06-03-2021 13:00, EG47 LOT, 127.32, 1784.0351, 1288387.64257
06-03-2021 14:00, EG47 LOT, 127.3443, 1911.3794, 1288514.98687
06-03-2021 15:00, EG47 LOT, 127.3344, 2038.7138, 1288642.32127
06-03-2021 16:00, EG47 LOT, 127.3517, 2166.0655, 1288769.67297
06-03-2021 17:00, EG47 LOT, 127.3603, 2293.4258, 1288897.03327
06-03-2021 18:00, EG47 LOT, 127.3563, 2420.7821, 1289024.38957
06-03-2021 19:00, EG47 LOT, 127.4799, 2548.262, 1289151.86947
06-03-2021 20:00, EG47 LOT, 127.4805, 2675.7425, 1289279.34997
06-03-2021 21:00, EG47 LOT, 127.4869, 2803.2294, 1289406.83687
06-03-2021 22:00, EG47 LOT, 127.4274, 2930.6568, 1289534.26427
06-03-2021 23:00, EG47 LOT, 127.4425, 3058.0993, 1289661.70677
06-03-2021 00:00, EG50 LOT, 69.49449, 69.49449, 773445.17582
06-03-2021 01:00, EG50 LOT, 69.50926, 139.00375, 773514.68508
06-03-2021 02:00, EG50 LOT, 69.52282, 208.52657, 773584.2079
06-03-2021 03:00, EG50 LOT, 69.53372, 278.06029, 773653.74162
06-03-2021 04:00, EG50 LOT, 69.55228, 347.61257, 773723.293899999
06-03-2021 05:00, EG50 LOT, 69.56339, 417.17596, 773792.857289999
06-03-2021 06:00, EG50 LOT, 69.57725, 486.75321, 773862.434539999
06-03-2021 07:00, EG50 LOT, 69.58927, 556.34248, 773932.023809999
06-03-2021 08:00, EG50 LOT, 69.62231, 625.96479, 774001.646119999
06-03-2021 09:00, EG50 LOT, 69.60825, 695.57304, 774071.25437
06-03-2021 10:00, EG50 LOT, 69.63581, 765.20885, 774140.89018
06-03-2021 11:00, EG50 LOT, 69.64847, 834.85732, 774210.53865
06-03-2021 12:00, EG50 LOT, 69.65247, 904.50979, 774280.19112
06-03-2021 13:00, EG50 LOT, 69.66582, 974.17561, 774349.85694
06-03-2021 14:00, EG50 LOT, 69.65472, 1043.83033, 774419.511659999
06-03-2021 15:00, EG50 LOT, 69.6711, 1113.50143, 774489.18276
06-03-2021 16:00, EG50 LOT, 69.68221, 1183.18364, 774558.86497
06-03-2021 17:00, EG50 LOT, 69.69881, 1252.88245, 774628.56378
06-03-2021 18:00, EG50 LOT, 69.7225, 1322.60495, 774698.28628
06-03-2021 19:00, EG50 LOT, 69.73606, 1392.34101, 774768.02234
06-03-2021 20:00, EG50 LOT, 69.7514, 1462.09241, 774837.77374
06-03-2021 21:00, EG50 LOT, 69.75407, 1531.84648, 774907.52781
06-03-2021 22:00, EG50 LOT, 69.75618, 1601.60266, 774977.28399
06-03-2021 23:00, EG50 LOT, 69.76926, 1671.37192, 775047.05325
06-03-2021 00:00, EG58 LOT, 58.88937, 58.88937, 788098.563880001
06-03-2021 01:00, EG58 LOT, 58.89177, 117.78114, 788157.455650001
06-03-2021 02:00, EG58 LOT, 58.89262, 176.67376, 788216.348270001
06-03-2021 03:00, EG58 LOT, 58.89155, 235.56531, 788275.239820001
06-03-2021 04:00, EG58 LOT, 58.88903, 294.45434, 788334.128850001
06-03-2021 05:00, EG58 LOT, 58.89374, 353.34808, 788393.022590001
06-03-2021 06:00, EG58 LOT, 58.89423, 412.24231, 788451.916820001
06-03-2021 07:00, EG58 LOT, 58.89416, 471.13647, 788510.810980001
06-03-2021 08:00, EG58 LOT, 58.89619, 530.03266, 788569.707170001
06-03-2021 09:00, EG58 LOT, 58.89655, 588.92921, 788628.603720001
06-03-2021 10:00, EG58 LOT, 58.90506, 647.83427, 788687.508780001
06-03-2021 11:00, EG58 LOT, 58.9071, 706.74137, 788746.415880001
06-03-2021 12:00, EG58 LOT, 58.91005, 765.65142, 788805.325930001
06-03-2021 13:00, EG58 LOT, 58.91518, 824.5666, 788864.241110001
06-03-2021 14:00, EG58 LOT, 58.91363, 883.48023, 788923.154740001
06-03-2021 15:00, EG58 LOT, 58.91103, 942.39126, 788982.065770001
06-03-2021 16:00, EG58 LOT, 58.91652, 1001.30778, 789040.982290001
06-03-2021 17:00, EG58 LOT, 58.91756, 1060.22534, 789099.899850001
06-03-2021 18:00, EG58 LOT, 58.92607, 1119.15141, 789158.825920001
06-03-2021 19:00, EG58 LOT, 58.92918, 1178.08059, 789217.755100001
06-03-2021 20:00, EG58 LOT, 58.92509, 1237.00568, 789276.680190001
06-03-2021 21:00, EG58 LOT, 58.92812, 1295.9338, 789335.608310001
06-03-2021 22:00, EG58 LOT, 58.92629, 1354.86009, 789394.534600001
06-03-2021 23:00, EG58 LOT, 58.91856, 1413.77865, 789453.453160001
06-03-2021 00:00, SK33 Kolichestvo [liters/30min], 187.4577, 187.4577, 10924872.6718837
06-03-2021 00:30, SK33 Kolichestvo [liters/30min], 179.0583, 366.516, 10925051.7301837
06-03-2021 01:00, SK33 Kolichestvo [liters/30min], 169.0045, 535.5205, 10925220.7346837
06-03-2021 01:30, SK33 Kolichestvo [liters/30min], 184.3729, 719.8934, 10925405.1075837
06-03-2021 02:00, SK33 Kolichestvo [liters/30min], 182.628, 902.5214, 10925587.7355837
06-03-2021 02:30, SK33 Kolichestvo [liters/30min], 184.9377, 1087.4591, 10925772.6732837
06-03-2021 03:00, SK33 Kolichestvo [liters/30min], 165.6373, 1253.0964, 10925938.3105837
06-03-2021 03:30, SK33 Kolichestvo [liters/30min], 180.6002, 1433.6966, 10926118.9107837
06-03-2021 04:00, SK33 Kolichestvo [liters/30min], 157.9984, 1591.695, 10926276.9091837
06-03-2021 04:30, SK33 Kolichestvo [liters/30min], 189.0794, 1780.7744, 10926465.9885837
06-03-2021 05:00, SK33 Kolichestvo [liters/30min], 151.9924, 1932.7668, 10926617.9809837
06-03-2021 05:30, SK33 Kolichestvo [liters/30min], 164.4031, 2097.1699, 10926782.3840837
06-03-2021 06:00, SK33 Kolichestvo [liters/30min], 165.7352, 2262.9051, 10926948.1192837
06-03-2021 06:30, SK33 Kolichestvo [liters/30min], 160.8913, 2423.7964, 10927109.0105837
06-03-2021 07:00, SK33 Kolichestvo [liters/30min], 152.6331, 2576.4295, 10927261.6436837
06-03-2021 07:30, SK33 Kolichestvo [liters/30min], 155.2038, 2731.6333, 10927416.8474837
06-03-2021 08:00, SK33 Kolichestvo [liters/30min], 171.7305, 2903.3638, 10927588.5779837
06-03-2021 08:30, SK33 Kolichestvo [liters/30min], 174.9272, 3078.291, 10927763.5051837
06-03-2021 09:00, SK33 Kolichestvo [liters/30min], 160.3588, 3238.6498, 10927923.8639837
06-03-2021 09:30, SK33 Kolichestvo [liters/30min], 147.988, 3386.6378, 10928071.8519837
06-03-2021 10:00, SK33 Kolichestvo [liters/30min], 174.6414, 3561.2792, 10928246.4933837
06-03-2021 10:30, SK33 Kolichestvo [liters/30min], 175.6366, 3736.9158, 10928422.1299837
06-03-2021 11:00, SK33 Kolichestvo [liters/30min], 154.4974, 3891.4132, 10928576.6273837
06-03-2021 11:30, SK33 Kolichestvo [liters/30min], 154.7437, 4046.1569, 10928731.3710837
06-03-2021 12:00, SK33 Kolichestvo [liters/30min], 147.6511, 4193.808, 10928879.0221837
06-03-2021 12:30, SK33 Kolichestvo [liters/30min], 150.8298, 4344.6378, 10929029.8519837
06-03-2021 13:00, SK33 Kolichestvo [liters/30min], 150.1818, 4494.8196, 10929180.0337837
06-03-2021 13:30, SK33 Kolichestvo [liters/30min], 139.7478, 4634.5674, 10929319.7815837
06-03-2021 14:00, SK33 Kolichestvo [liters/30min], 146.1057, 4780.6731, 10929465.8872837
06-03-2021 14:30, SK33 Kolichestvo [liters/30min], 145.3453, 4926.0184, 10929611.2325837
06-03-2021 15:00, SK33 Kolichestvo [liters/30min], 165.3769, 5091.3953, 10929776.6094837
06-03-2021 15:30, SK33 Kolichestvo [liters/30min], 138.1732, 5229.5685, 10929914.7826837
06-03-2021 16:00, SK33 Kolichestvo [liters/30min], 131.9029, 5361.4714, 10930046.6855837
06-03-2021 16:30, SK33 Kolichestvo [liters/30min], 154.1172, 5515.5886, 10930200.8027837
06-03-2021 17:00, SK33 Kolichestvo [liters/30min], 159.0481, 5674.6367, 10930359.8508837
06-03-2021 17:30, SK33 Kolichestvo [liters/30min], 142.2352, 5816.8719, 10930502.0860837
06-03-2021 18:00, SK33 Kolichestvo [liters/30min], 144.0346, 5960.9065, 10930646.1206837
06-03-2021 18:30, SK33 Kolichestvo [liters/30min], 145.9499, 6106.8564, 10930792.0705837
06-03-2021 19:00, SK33 Kolichestvo [liters/30min], 134.0894, 6240.9458, 10930926.1599837
06-03-2021 19:30, SK33 Kolichestvo [liters/30min], 116.2049, 6357.1507, 10931042.3648837
06-03-2021 20:00, SK33 Kolichestvo [liters/30min], 159.4429, 6516.5936, 10931201.8077837
06-03-2021 20:30, SK33 Kolichestvo [liters/30min], 128.8941, 6645.4877, 10931330.7018837
06-03-2021 21:00, SK33 Kolichestvo [liters/30min], 152.7524, 6798.2401, 10931483.4542837
06-03-2021 21:30, SK33 Kolichestvo [liters/30min], 122.4752, 6920.7153, 10931605.9294837
06-03-2021 22:00, SK33 Kolichestvo [liters/30min], 129.5095, 7050.2248, 10931735.4389837
06-03-2021 22:30, SK33 Kolichestvo [liters/30min], 114.7711, 7164.9959, 10931850.2100837
06-03-2021 23:00, SK33 Kolichestvo [liters/30min], 162.1762, 7327.1721, 10932012.3862837
06-03-2021 00:00, SK33 LOT, 67.49802, 67.49802, 3223520.47952404
06-03-2021 00:30, SK33 LOT, 67.27434, 134.77236, 3223587.75386404
06-03-2021 01:00, SK33 LOT, 66.90912, 201.68148, 3223654.66298404
06-03-2021 01:30, SK33 LOT, 66.66996, 268.35144, 3223721.33294404
06-03-2021 02:00, SK33 LOT, 66.76492, 335.11636, 3223788.09786404
06-03-2021 02:30, SK33 LOT, 66.55707, 401.67343, 3223854.65493404
06-03-2021 03:00, SK33 LOT, 66.44525, 468.11868, 3223921.10018404
06-03-2021 03:30, SK33 LOT, 66.18114, 534.29982, 3223987.28132404
06-03-2021 04:00, SK33 LOT, 65.82177, 600.12159, 3224053.10309404
06-03-2021 04:30, SK33 LOT, 65.79233, 665.91392, 3224118.89542404
06-03-2021 05:00, SK33 LOT, 65.79281, 731.70673, 3224184.68823404
06-03-2021 05:30, SK33 LOT, 64.99253, 796.69926, 3224249.68076404
06-03-2021 06:00, SK33 LOT, 64.95454, 861.6538, 3224314.63530404
06-03-2021 06:30, SK33 LOT, 64.43433, 926.08813, 3224379.06963404
06-03-2021 07:00, SK33 LOT, 64.12892, 990.21705, 3224443.19855404
06-03-2021 07:30, SK33 LOT, 63.6049, 1053.82195, 3224506.80345404
06-03-2021 08:00, SK33 LOT, 63.48186, 1117.30381, 3224570.28531404
06-03-2021 08:30, SK33 LOT, 63.60197, 1180.90578, 3224633.88728404
06-03-2021 09:00, SK33 LOT, 63.47693, 1244.38271, 3224697.36421404
06-03-2021 09:30, SK33 LOT, 63.12654, 1307.50925, 3224760.49075404
06-03-2021 10:00, SK33 LOT, 63.01237, 1370.52162, 3224823.50312404
06-03-2021 10:30, SK33 LOT, 62.82347, 1433.34509, 3224886.32659404
06-03-2021 11:00, SK33 LOT, 62.71556, 1496.06065, 3224949.04215404
06-03-2021 11:30, SK33 LOT, 62.22728, 1558.28793, 3225011.26943404
06-03-2021 12:00, SK33 LOT, 61.90082, 1620.18875, 3225073.17025404
06-03-2021 12:30, SK33 LOT, 61.85433, 1682.04308, 3225135.02458404
06-03-2021 13:00, SK33 LOT, 61.4166, 1743.45968, 3225196.44118404
06-03-2021 13:30, SK33 LOT, 60.90005, 1804.35973, 3225257.34123404
06-03-2021 14:00, SK33 LOT, 60.60563, 1864.96536, 3225317.94686404
06-03-2021 14:30, SK33 LOT, 60.65903, 1925.62439, 3225378.60589404
06-03-2021 15:00, SK33 LOT, 60.97095, 1986.59534, 3225439.57684404
06-03-2021 15:30, SK33 LOT, 60.67549, 2047.27083, 3225500.25233404
06-03-2021 16:00, SK33 LOT, 60.19562, 2107.46645, 3225560.44795404
06-03-2021 16:30, SK33 LOT, 59.86472, 2167.33117, 3225620.31267404
06-03-2021 17:00, SK33 LOT, 59.95963, 2227.2908, 3225680.27230404
06-03-2021 17:30, SK33 LOT, 59.79201, 2287.08281, 3225740.06431404
06-03-2021 18:00, SK33 LOT, 59.13903, 2346.22184, 3225799.20334404
06-03-2021 18:30, SK33 LOT, 59.05569, 2405.27753, 3225858.25903404
06-03-2021 19:00, SK33 LOT, 58.63959, 2463.91712, 3225916.89862404
06-03-2021 19:30, SK33 LOT, 58.00179, 2521.91891, 3225974.90041404
06-03-2021 20:00, SK33 LOT, 57.8081, 2579.72701, 3226032.70851404
06-03-2021 20:30, SK33 LOT, 57.8722, 2637.59921, 3226090.58071404
06-03-2021 21:00, SK33 LOT, 57.61727, 2695.21648, 3226148.19798404
06-03-2021 21:30, SK33 LOT, 57.34951, 2752.56599, 3226205.54749404
06-03-2021 22:00, SK33 LOT, 56.8583, 2809.42429, 3226262.40579404
06-03-2021 22:30, SK33 LOT, 56.46275, 2865.88704, 3226318.86854404
06-03-2021 23:00, SK33 LOT, 56.48331, 2922.37035, 3226375.35185404
06-03-2021 00:00, EG-61, 143.319, 143.319, 76208.6030000001
06-03-2021 02:00, EG-61, 143.323, 286.642, 76351.9260000001
06-03-2021 04:00, EG-61, 143.338, 429.98, 76495.2640000001
06-03-2021 06:00, EG-61, 143.351, 573.331, 76638.6150000001
06-03-2021 08:00, EG-61, 143.38, 716.711, 76781.9950000001
06-03-2021 10:00, EG-61, 143.368, 860.079, 76925.3630000001
06-03-2021 12:00, EG-61, 143.359, 1003.438, 77068.7220000001
06-03-2021 14:00, EG-61, 143.382, 1146.82, 77212.1040000001
06-03-2021 16:00, EG-61, 143.389, 1290.209, 77355.4930000001
06-03-2021 18:00, EG-61, 143.388, 1433.597, 77498.8810000001
06-03-2021 20:00, EG-61, 143.38, 1576.977, 77642.2610000001
06-03-2021 22:00, EG-61, 143.397, 1720.374, 77785.6580000001
06-03-2021 00:00, EG-67, 66.594, 66.594, 50505.914
06-03-2021 02:00, EG-67, 66.535, 133.129, 50572.449
06-03-2021 04:00, EG-67, 66.485, 199.614, 50638.934
06-03-2021 06:00, EG-67, 66.438, 266.052, 50705.372
06-03-2021 08:00, EG-67, 66.36, 332.412, 50771.732
06-03-2021 10:00, EG-67, 66.284, 398.696, 50838.016
06-03-2021 12:00, EG-67, 66.233, 464.929, 50904.249
06-03-2021 14:00, EG-67, 66.202, 531.131, 50970.451
06-03-2021 16:00, EG-67, 66.171, 597.302, 51036.622
06-03-2021 18:00, EG-67, 66.107, 663.409, 51102.729
06-03-2021 20:00, EG-67, 66.048, 729.457, 51168.777
06-03-2021 22:00, EG-67, 65.966, 795.423, 51234.743
06-03-2021 00:00, SK 40 LOT, 127.239, 127.239, 1333753.125
06-03-2021 01:00, SK 40 LOT, 127.224, 254.463, 1333880.349
06-03-2021 02:00, SK 40 LOT, 127.269, 381.732, 1334007.618
06-03-2021 03:00, SK 40 LOT, 127.262, 508.994, 1334134.88
06-03-2021 04:00, SK 40 LOT, 127.267, 636.261, 1334262.147
06-03-2021 05:00, SK 40 LOT, 127.3, 763.561, 1334389.447
06-03-2021 06:00, SK 40 LOT, 127.257, 890.818, 1334516.704
06-03-2021 07:00, SK 40 LOT, 127.268, 1018.086, 1334643.972
06-03-2021 08:00, SK 40 LOT, 127.267, 1145.353, 1334771.239
06-03-2021 09:00, SK 40 LOT, 127.283, 1272.636, 1334898.522
06-03-2021 10:00, SK 40 LOT, 127.254, 1399.89, 1335025.776
06-03-2021 11:00, SK 40 LOT, 127.279, 1527.169, 1335153.055
06-03-2021 12:00, SK 40 LOT, 127.275, 1654.444, 1335280.33
06-03-2021 13:00, SK 40 LOT, 127.254, 1781.698, 1335407.584
06-03-2021 14:00, SK 40 LOT, 127.253, 1908.951, 1335534.837
06-03-2021 15:00, SK 40 LOT, 127.268, 2036.219, 1335662.105
06-03-2021 16:00, SK 40 LOT, 127.313, 2163.532, 1335789.418
06-03-2021 17:00, SK 40 LOT, 127.305, 2290.837, 1335916.723
06-03-2021 18:00, SK 40 LOT, 127.275, 2418.112, 1336043.998
06-03-2021 19:00, SK 40 LOT, 127.294, 2545.406, 1336171.292
06-03-2021 20:00, SK 40 LOT, 127.32, 2672.726, 1336298.612
06-03-2021 21:00, SK 40 LOT, 127.324, 2800.05, 1336425.936
06-03-2021 22:00, SK 40 LOT, 127.3, 2927.35, 1336553.236
06-03-2021 23:00, SK 40 LOT, 127.317, 3054.667, 1336680.553
06-03-2021 00:00, EG-68, 37.499, 37.499, 21181.807
06-03-2021 02:00, EG-68, 37.517, 75.016, 21219.324
06-03-2021 04:00, EG-68, 37.487, 112.503, 21256.811
06-03-2021 06:00, EG-68, 37.497, 150, 21294.308
06-03-2021 08:00, EG-68, 37.474, 187.474, 21331.782
06-03-2021 10:00, EG-68, 37.463, 224.937, 21369.245
06-03-2021 12:00, EG-68, 37.464, 262.401, 21406.709
06-03-2021 14:00, EG-68, 37.479, 299.88, 21444.188
06-03-2021 16:00, EG-68, 37.485, 337.365, 21481.673
06-03-2021 18:00, EG-68, 37.473, 374.838, 21519.146
06-03-2021 20:00, EG-68, 37.446, 412.284, 21556.592
06-03-2021 22:00, EG-68, 37.432, 449.716, 21594.024
06-03-2021 00:00, SK 39 LOT, 58.302, 58.302, 87915.1559999998
06-03-2021 01:00, SK 39 LOT, 58.141, 116.443, 87973.2969999998
06-03-2021 02:00, SK 39 LOT, 58.02, 174.463, 88031.3169999998
06-03-2021 03:00, SK 39 LOT, 57.901, 232.364, 88089.2179999998
06-03-2021 04:00, SK 39 LOT, 57.819, 290.183, 88147.0369999998
06-03-2021 05:00, SK 39 LOT, 57.699, 347.882, 88204.7359999998
06-03-2021 06:00, SK 39 LOT, 57.616, 405.498, 88262.3519999998
06-03-2021 07:00, SK 39 LOT, 57.492, 462.99, 88319.8439999998
06-03-2021 08:00, SK 39 LOT, 57.442, 520.432, 88377.2859999998
06-03-2021 09:00, SK 39 LOT, 99.62, 620.052, 88476.9059999998
06-03-2021 10:00, SK 39 LOT, 112.113, 732.165, 88589.0189999998
06-03-2021 11:00, SK 39 LOT, 115.726, 847.891, 88704.7449999998
06-03-2021 12:00, SK 39 LOT, 117.133, 965.024, 88821.8779999998
06-03-2021 13:00, SK 39 LOT, 118.031, 1083.055, 88939.9089999998
06-03-2021 14:00, SK 39 LOT, 118.805, 1201.86, 89058.7139999998
06-03-2021 15:00, SK 39 LOT, 119.104, 1320.964, 89177.8179999998
06-03-2021 16:00, SK 39 LOT, 119.576, 1440.54, 89297.3939999998
06-03-2021 17:00, SK 39 LOT, 119.956, 1560.496, 89417.3499999998
06-03-2021 18:00, SK 39 LOT, 120.891, 1681.387, 89538.2409999998
06-03-2021 19:00, SK 39 LOT, 121.872, 1803.259, 89660.1129999998
06-03-2021 20:00, SK 39 LOT, 114.456, 1917.715, 89774.5689999998
06-03-2021 21:00, SK 39 LOT, 118.98, 2036.695, 89893.5489999998
06-03-2021 22:00, SK 39 LOT, 119.789, 2156.484, 90013.3379999998
06-03-2021 23:00, SK 39 LOT, 120.904, 2277.388, 90134.2419999998
06-03-2021 00:00, SK 38 LOT, 80.572, 80.572, 61971.697
06-03-2021 01:00, SK 38 LOT, 80.752, 161.324, 62052.449
06-03-2021 02:00, SK 38 LOT, 80.93, 242.254, 62133.379
06-03-2021 03:00, SK 38 LOT, 81.089, 323.343, 62214.468
06-03-2021 04:00, SK 38 LOT, 81.14, 404.483, 62295.608
06-03-2021 05:00, SK 38 LOT, 81.225, 485.708, 62376.833
06-03-2021 06:00, SK 38 LOT, 81.287, 566.995, 62458.12
06-03-2021 07:00, SK 38 LOT, 81.285, 648.28, 62539.405
06-03-2021 08:00, SK 38 LOT, 81.171, 729.451, 62620.576
06-03-2021 09:00, SK 38 LOT, 81.09, 810.541, 62701.666
06-03-2021 10:00, SK 38 LOT, 81.173, 891.714, 62782.839
06-03-2021 11:00, SK 38 LOT, 81.152, 972.866, 62863.991
06-03-2021 12:00, SK 38 LOT, 81.263, 1054.129, 62945.254
06-03-2021 13:00, SK 38 LOT, 81.177, 1135.306, 63026.431
06-03-2021 14:00, SK 38 LOT, 81.051, 1216.357, 63107.482
06-03-2021 15:00, SK 38 LOT, 81.48, 1297.837, 63188.962
06-03-2021 16:00, SK 38 LOT, 81.292, 1379.129, 63270.254
06-03-2021 17:00, SK 38 LOT, 81.199, 1460.328, 63351.453
06-03-2021 18:00, SK 38 LOT, 81.694, 1542.022, 63433.147
06-03-2021 19:00, SK 38 LOT, 81.404, 1623.426, 63514.551
06-03-2021 20:00, SK 38 LOT, 81.465, 1704.891, 63596.016
06-03-2021 21:00, SK 38 LOT, 81.869, 1786.76, 63677.885
06-03-2021 22:00, SK 38 LOT, 81.566, 1868.326, 63759.451
06-03-2021 23:00, SK 38 LOT, 81.558, 1949.884, 63841.009
06-03-2021 00:00, EG-66, 38.513, 38.513, 2057.107
06-03-2021 02:00, EG-66, 38.533, 77.046, 2095.64
06-03-2021 04:00, EG-66, 38.508, 115.554, 2134.148
06-03-2021 06:00, EG-66, 38.501, 154.055, 2172.649
06-03-2021 08:00, EG-66, 38.499, 192.554, 2211.148
06-03-2021 10:00, EG-66, 38.47, 231.024, 2249.618
06-03-2021 12:00, EG-66, 38.445, 269.469, 2288.063
06-03-2021 14:00, EG-66, 38.457, 307.926, 2326.52
06-03-2021 16:00, EG-66, 38.459, 346.385, 2364.979
06-03-2021 18:00, EG-66, 38.451, 384.836, 2403.43
06-03-2021 20:00, EG-66, 38.52, 423.356, 2441.95
06-03-2021 22:00, EG-66, 38.496, 461.852, 2480.446
