DATE STAMP, SENSOR NAME, DEBIT l/30min, TOTAL LITERS FOR THE DAY,TOTAL LITERS FROM THE START
23-02-2021 00:00, NC64 Kolichestvo [liters/30min], 3150, 3150, 190787440
23-02-2021 00:30, NC64 Kolichestvo [liters/30min], 3150, 6300, 190790590
23-02-2021 01:00, NC64 Kolichestvo [liters/30min], 3160, 9460, 190793750
23-02-2021 01:30, NC64 Kolichestvo [liters/30min], 3160, 12620, 190796910
23-02-2021 02:00, NC64 Kolichestvo [liters/30min], 3160, 15780, 190800070
23-02-2021 02:30, NC64 Kolichestvo [liters/30min], 3160, 18940, 190803230
23-02-2021 03:00, NC64 Kolichestvo [liters/30min], 3170, 22110, 190806400
23-02-2021 03:30, NC64 Kolichestvo [liters/30min], 3160, 25270, 190809560
23-02-2021 04:00, NC64 Kolichestvo [liters/30min], 3170, 28440, 190812730
23-02-2021 04:30, NC64 Kolichestvo [liters/30min], 3160, 31600, 190815890
23-02-2021 05:00, NC64 Kolichestvo [liters/30min], 3160, 34760, 190819050
23-02-2021 05:30, NC64 Kolichestvo [liters/30min], 3170, 37930, 190822220
23-02-2021 06:00, NC64 Kolichestvo [liters/30min], 3160, 41090, 190825380
23-02-2021 06:30, NC64 Kolichestvo [liters/30min], 3170, 44260, 190828550
23-02-2021 07:00, NC64 Kolichestvo [liters/30min], 3170, 47430, 190831720
23-02-2021 07:30, NC64 Kolichestvo [liters/30min], 3160, 50590, 190834880
23-02-2021 08:00, NC64 Kolichestvo [liters/30min], 3160, 53750, 190838040
23-02-2021 08:30, NC64 Kolichestvo [liters/30min], 3160, 56910, 190841200
23-02-2021 09:00, NC64 Kolichestvo [liters/30min], 3160, 60070, 190844360
23-02-2021 09:30, NC64 Kolichestvo [liters/30min], 3160, 63230, 190847520
23-02-2021 10:00, NC64 Kolichestvo [liters/30min], 3170, 66400, 190850690
23-02-2021 10:30, NC64 Kolichestvo [liters/30min], 3170, 69570, 190853860
23-02-2021 11:00, NC64 Kolichestvo [liters/30min], 3170, 72740, 190857030
23-02-2021 11:30, NC64 Kolichestvo [liters/30min], 3180, 75920, 190860210
23-02-2021 12:00, NC64 Kolichestvo [liters/30min], 3180, 79100, 190863390
23-02-2021 12:30, NC64 Kolichestvo [liters/30min], 3190, 82290, 190866580
23-02-2021 13:00, NC64 Kolichestvo [liters/30min], 3190, 85480, 190869770
23-02-2021 13:30, NC64 Kolichestvo [liters/30min], 3190, 88670, 190872960
23-02-2021 14:00, NC64 Kolichestvo [liters/30min], 3180, 91850, 190876140
23-02-2021 14:30, NC64 Kolichestvo [liters/30min], 3190, 95040, 190879330
23-02-2021 15:00, NC64 Kolichestvo [liters/30min], 3190, 98230, 190882520
23-02-2021 15:30, NC64 Kolichestvo [liters/30min], 3180, 101410, 190885700
23-02-2021 16:00, NC64 Kolichestvo [liters/30min], 3190, 104600, 190888890
23-02-2021 16:30, NC64 Kolichestvo [liters/30min], 3180, 107780, 190892070
23-02-2021 17:00, NC64 Kolichestvo [liters/30min], 3190, 110970, 190895260
23-02-2021 17:30, NC64 Kolichestvo [liters/30min], 3200, 114170, 190898460
23-02-2021 18:00, NC64 Kolichestvo [liters/30min], 3160, 117330, 190901620
23-02-2021 18:30, NC64 Kolichestvo [liters/30min], 3180, 120510, 190904800
23-02-2021 19:00, NC64 Kolichestvo [liters/30min], 3190, 123700, 190907990
23-02-2021 19:30, NC64 Kolichestvo [liters/30min], 3190, 126890, 190911180
23-02-2021 20:00, NC64 Kolichestvo [liters/30min], 3190, 130080, 190914370
23-02-2021 20:30, NC64 Kolichestvo [liters/30min], 3180, 133260, 190917550
23-02-2021 21:00, NC64 Kolichestvo [liters/30min], 3170, 136430, 190920720
23-02-2021 21:30, NC64 Kolichestvo [liters/30min], 3170, 139600, 190923890
23-02-2021 22:00, NC64 Kolichestvo [liters/30min], 3170, 142770, 190927060
23-02-2021 22:30, NC64 Kolichestvo [liters/30min], 3190, 145960, 190930250
23-02-2021 23:00, NC64 Kolichestvo [liters/30min], 3180, 149140, 190933430
23-02-2021 00:00, NC65 Kolichestvo [liters/30min], 770, 770, 74008810
23-02-2021 00:30, NC65 Kolichestvo [liters/30min], 770, 1540, 74009580
23-02-2021 01:00, NC65 Kolichestvo [liters/30min], 770, 2310, 74010350
23-02-2021 01:30, NC65 Kolichestvo [liters/30min], 730, 3040, 74011080
23-02-2021 02:00, NC65 Kolichestvo [liters/30min], 730, 3770, 74011810
23-02-2021 02:30, NC65 Kolichestvo [liters/30min], 730, 4500, 74012540
23-02-2021 03:00, NC65 Kolichestvo [liters/30min], 740, 5240, 74013280
23-02-2021 03:30, NC65 Kolichestvo [liters/30min], 740, 5980, 74014020
23-02-2021 04:00, NC65 Kolichestvo [liters/30min], 730, 6710, 74014750
23-02-2021 04:30, NC65 Kolichestvo [liters/30min], 730, 7440, 74015480
23-02-2021 05:00, NC65 Kolichestvo [liters/30min], 740, 8180, 74016220
23-02-2021 05:30, NC65 Kolichestvo [liters/30min], 720, 8900, 74016940
23-02-2021 06:00, NC65 Kolichestvo [liters/30min], 730, 9630, 74017670
23-02-2021 06:30, NC65 Kolichestvo [liters/30min], 730, 10360, 74018400
23-02-2021 07:00, NC65 Kolichestvo [liters/30min], 740, 11100, 74019140
23-02-2021 07:30, NC65 Kolichestvo [liters/30min], 730, 11830, 74019870
23-02-2021 08:00, NC65 Kolichestvo [liters/30min], 730, 12560, 74020600
23-02-2021 08:30, NC65 Kolichestvo [liters/30min], 730, 13290, 74021330
23-02-2021 09:00, NC65 Kolichestvo [liters/30min], 740, 14030, 74022070
23-02-2021 09:30, NC65 Kolichestvo [liters/30min], 740, 14770, 74022810
23-02-2021 10:00, NC65 Kolichestvo [liters/30min], 740, 15510, 74023550
23-02-2021 10:30, NC65 Kolichestvo [liters/30min], 760, 16270, 74024310
23-02-2021 11:00, NC65 Kolichestvo [liters/30min], 760, 17030, 74025070
23-02-2021 11:30, NC65 Kolichestvo [liters/30min], 770, 17800, 74025840
23-02-2021 12:00, NC65 Kolichestvo [liters/30min], 770, 18570, 74026610
23-02-2021 12:30, NC65 Kolichestvo [liters/30min], 780, 19350, 74027390
23-02-2021 13:00, NC65 Kolichestvo [liters/30min], 790, 20140, 74028180
23-02-2021 13:30, NC65 Kolichestvo [liters/30min], 790, 20930, 74028970
23-02-2021 14:00, NC65 Kolichestvo [liters/30min], 790, 21720, 74029760
23-02-2021 14:30, NC65 Kolichestvo [liters/30min], 800, 22520, 74030560
23-02-2021 15:00, NC65 Kolichestvo [liters/30min], 790, 23310, 74031350
23-02-2021 15:30, NC65 Kolichestvo [liters/30min], 790, 24100, 74032140
23-02-2021 16:00, NC65 Kolichestvo [liters/30min], 790, 24890, 74032930
23-02-2021 16:30, NC65 Kolichestvo [liters/30min], 800, 25690, 74033730
23-02-2021 17:00, NC65 Kolichestvo [liters/30min], 790, 26480, 74034520
23-02-2021 17:30, NC65 Kolichestvo [liters/30min], 790, 27270, 74035310
23-02-2021 18:00, NC65 Kolichestvo [liters/30min], 790, 28060, 74036100
23-02-2021 18:30, NC65 Kolichestvo [liters/30min], 790, 28850, 74036890
23-02-2021 19:00, NC65 Kolichestvo [liters/30min], 800, 29650, 74037690
23-02-2021 19:30, NC65 Kolichestvo [liters/30min], 780, 30430, 74038470
23-02-2021 20:00, NC65 Kolichestvo [liters/30min], 790, 31220, 74039260
23-02-2021 20:30, NC65 Kolichestvo [liters/30min], 770, 31990, 74040030
23-02-2021 21:00, NC65 Kolichestvo [liters/30min], 770, 32760, 74040800
23-02-2021 21:30, NC65 Kolichestvo [liters/30min], 780, 33540, 74041580
23-02-2021 22:00, NC65 Kolichestvo [liters/30min], 770, 34310, 74042350
23-02-2021 22:30, NC65 Kolichestvo [liters/30min], 790, 35100, 74043140
23-02-2021 23:00, NC65 Kolichestvo [liters/30min], 780, 35880, 74043920
23-02-2021 00:00, SK16 Kolichestvo [liters/30min], 2801.423, 2801.423, 168730137.929684
23-02-2021 00:30, SK16 Kolichestvo [liters/30min], 2809.193, 5610.616, 168732947.122684
23-02-2021 01:00, SK16 Kolichestvo [liters/30min], 2805.734, 8416.35, 168735752.856684
23-02-2021 01:30, SK16 Kolichestvo [liters/30min], 2794.12, 11210.47, 168738546.976684
23-02-2021 02:00, SK16 Kolichestvo [liters/30min], 2791.924, 14002.394, 168741338.900684
23-02-2021 02:30, SK16 Kolichestvo [liters/30min], 2794.631, 16797.025, 168744133.531684
23-02-2021 03:00, SK16 Kolichestvo [liters/30min], 2805.098, 19602.123, 168746938.629684
23-02-2021 03:30, SK16 Kolichestvo [liters/30min], 2809.317, 22411.44, 168749747.946684
23-02-2021 04:00, SK16 Kolichestvo [liters/30min], 2790.145, 25201.585, 168752538.091684
23-02-2021 04:30, SK16 Kolichestvo [liters/30min], 2793.61, 27995.195, 168755331.701684
23-02-2021 05:00, SK16 Kolichestvo [liters/30min], 2786.235, 30781.43, 168758117.936684
23-02-2021 05:30, SK16 Kolichestvo [liters/30min], 2793.757, 33575.187, 168760911.693684
23-02-2021 06:00, SK16 Kolichestvo [liters/30min], 2797.55, 36372.737, 168763709.243684
23-02-2021 06:30, SK16 Kolichestvo [liters/30min], 2826.955, 39199.692, 168766536.198684
23-02-2021 07:00, SK16 Kolichestvo [liters/30min], 2809.76, 42009.452, 168769345.958684
23-02-2021 07:30, SK16 Kolichestvo [liters/30min], 2761.639, 44771.091, 168772107.597684
23-02-2021 08:00, SK16 Kolichestvo [liters/30min], 2787.401, 47558.492, 168774894.998684
23-02-2021 08:30, SK16 Kolichestvo [liters/30min], 2796.52, 50355.012, 168777691.518684
23-02-2021 09:00, SK16 Kolichestvo [liters/30min], 2786.17, 53141.182, 168780477.688684
23-02-2021 09:30, SK16 Kolichestvo [liters/30min], 2785.445, 55926.627, 168783263.133684
23-02-2021 10:00, SK16 Kolichestvo [liters/30min], 2801.267, 58727.894, 168786064.400684
23-02-2021 10:30, SK16 Kolichestvo [liters/30min], 2794.98, 61522.874, 168788859.380684
23-02-2021 11:00, SK16 Kolichestvo [liters/30min], 2780.547, 64303.421, 168791639.927684
23-02-2021 11:30, SK16 Kolichestvo [liters/30min], 2788.484, 67091.905, 168794428.411684
23-02-2021 12:00, SK16 Kolichestvo [liters/30min], 2772.178, 69864.083, 168797200.589684
23-02-2021 12:30, SK16 Kolichestvo [liters/30min], 2790.632, 72654.715, 168799991.221684
23-02-2021 13:00, SK16 Kolichestvo [liters/30min], 2776.32, 75431.035, 168802767.541684
23-02-2021 13:30, SK16 Kolichestvo [liters/30min], 2340.401, 77771.436, 168805107.942684
23-02-2021 14:00, SK16 Kolichestvo [liters/30min], 2770.563, 80541.999, 168807878.505684
23-02-2021 14:30, SK16 Kolichestvo [liters/30min], 1376.296, 81918.295, 168809254.801684
23-02-2021 15:00, SK16 Kolichestvo [liters/30min], 65.06214, 81983.35714, 168809319.863824
23-02-2021 15:30, SK16 Kolichestvo [liters/30min], 1007.47, 82990.82714, 168810327.333824
23-02-2021 16:00, SK16 Kolichestvo [liters/30min], 2703.963, 85694.79014, 168813031.296824
23-02-2021 16:30, SK16 Kolichestvo [liters/30min], 2734.015, 88428.80514, 168815765.311824
23-02-2021 17:00, SK16 Kolichestvo [liters/30min], 2726.211, 91155.01614, 168818491.522824
23-02-2021 17:30, SK16 Kolichestvo [liters/30min], 2743.733, 93898.74914, 168821235.255824
23-02-2021 18:00, SK16 Kolichestvo [liters/30min], 2738.704, 96637.45314, 168823973.959824
23-02-2021 18:30, SK16 Kolichestvo [liters/30min], 2742.051, 99379.50414, 168826716.010824
23-02-2021 19:00, SK16 Kolichestvo [liters/30min], 2745.853, 102125.35714, 168829461.863824
23-02-2021 19:30, SK16 Kolichestvo [liters/30min], 2743.098, 104868.45514, 168832204.961824
23-02-2021 20:00, SK16 Kolichestvo [liters/30min], 2752.47, 107620.92514, 168834957.431824
23-02-2021 20:30, SK16 Kolichestvo [liters/30min], 2734.413, 110355.33814, 168837691.844824
23-02-2021 21:00, SK16 Kolichestvo [liters/30min], 2727.474, 113082.81214, 168840419.318824
23-02-2021 21:30, SK16 Kolichestvo [liters/30min], 2740.139, 115822.95114, 168843159.457824
23-02-2021 22:00, SK16 Kolichestvo [liters/30min], 2741.13, 118564.08114, 168845900.587824
23-02-2021 22:30, SK16 Kolichestvo [liters/30min], 2724.749, 121288.83014, 168848625.336824
23-02-2021 23:00, SK16 Kolichestvo [liters/30min], 2731.016, 124019.84614, 168851356.352824
23-02-2021 00:00, SK22 Kolichestvo [liters/30min], 2275.375, 2275.375, 282191067.85816
23-02-2021 00:30, SK22 Kolichestvo [liters/30min], 2265.26, 4540.635, 282193333.11816
23-02-2021 01:00, SK22 Kolichestvo [liters/30min], 2261.302, 6801.937, 282195594.42016
23-02-2021 01:30, SK22 Kolichestvo [liters/30min], 2286.435, 9088.372, 282197880.85516
23-02-2021 02:00, SK22 Kolichestvo [liters/30min], 2287.438, 11375.81, 282200168.29316
23-02-2021 02:30, SK22 Kolichestvo [liters/30min], 2290.034, 13665.844, 282202458.32716
23-02-2021 03:00, SK22 Kolichestvo [liters/30min], 2286.192, 15952.036, 282204744.51916
23-02-2021 03:30, SK22 Kolichestvo [liters/30min], 2288.817, 18240.853, 282207033.33616
23-02-2021 04:00, SK22 Kolichestvo [liters/30min], 2269.069, 20509.922, 282209302.40516
23-02-2021 04:30, SK22 Kolichestvo [liters/30min], 2280.213, 22790.135, 282211582.61816
23-02-2021 05:00, SK22 Kolichestvo [liters/30min], 2264.926, 25055.061, 282213847.54416
23-02-2021 05:30, SK22 Kolichestvo [liters/30min], 2266.958, 27322.019, 282216114.50216
23-02-2021 06:00, SK22 Kolichestvo [liters/30min], 2296.368, 29618.387, 282218410.87016
23-02-2021 06:30, SK22 Kolichestvo [liters/30min], 2291.552, 31909.939, 282220702.42216
23-02-2021 07:00, SK22 Kolichestvo [liters/30min], 2286.018, 34195.957, 282222988.44016
23-02-2021 07:30, SK22 Kolichestvo [liters/30min], 2288.589, 36484.546, 282225277.02916
23-02-2021 08:00, SK22 Kolichestvo [liters/30min], 2287.992, 38772.538, 282227565.02116
23-02-2021 08:30, SK22 Kolichestvo [liters/30min], 2275.574, 41048.112, 282229840.59516
23-02-2021 09:00, SK22 Kolichestvo [liters/30min], 2280.228, 43328.34, 282232120.82316
23-02-2021 09:30, SK22 Kolichestvo [liters/30min], 2275.885, 45604.225, 282234396.70816
23-02-2021 10:00, SK22 Kolichestvo [liters/30min], 2273.513, 47877.738, 282236670.22116
23-02-2021 10:30, SK22 Kolichestvo [liters/30min], 2273.499, 50151.237, 282238943.72016
23-02-2021 11:00, SK22 Kolichestvo [liters/30min], 2271.166, 52422.403, 282241214.88616
23-02-2021 11:30, SK22 Kolichestvo [liters/30min], 2274.183, 54696.586, 282243489.06916
23-02-2021 12:00, SK22 Kolichestvo [liters/30min], 2258.491, 56955.077, 282245747.56016
23-02-2021 12:30, SK22 Kolichestvo [liters/30min], 2267.839, 59222.916, 282248015.39916
23-02-2021 13:00, SK22 Kolichestvo [liters/30min], 2253.875, 61476.791, 282250269.27416
23-02-2021 13:30, SK22 Kolichestvo [liters/30min], 2265.905, 63742.696, 282252535.17916
23-02-2021 14:00, SK22 Kolichestvo [liters/30min], 2265.535, 66008.231, 282254800.71416
23-02-2021 14:30, SK22 Kolichestvo [liters/30min], 2268.639, 68276.87, 282257069.35316
23-02-2021 15:00, SK22 Kolichestvo [liters/30min], 2272.242, 70549.112, 282259341.59516
23-02-2021 15:30, SK22 Kolichestvo [liters/30min], 2251.067, 72800.179, 282261592.66216
23-02-2021 16:00, SK22 Kolichestvo [liters/30min], 2276.02, 75076.199, 282263868.68216
23-02-2021 16:30, SK22 Kolichestvo [liters/30min], 2267.86, 77344.059, 282266136.54216
23-02-2021 17:00, SK22 Kolichestvo [liters/30min], 2272.709, 79616.768, 282268409.25116
23-02-2021 17:30, SK22 Kolichestvo [liters/30min], 2274.176, 81890.944, 282270683.42716
23-02-2021 18:00, SK22 Kolichestvo [liters/30min], 2295.915, 84186.859, 282272979.34216
23-02-2021 18:30, SK22 Kolichestvo [liters/30min], 2286.091, 86472.95, 282275265.43316
23-02-2021 19:00, SK22 Kolichestvo [liters/30min], 2271.004, 88743.954, 282277536.43716
23-02-2021 19:30, SK22 Kolichestvo [liters/30min], 2263.521, 91007.475, 282279799.95816
23-02-2021 20:00, SK22 Kolichestvo [liters/30min], 2278.174, 93285.649, 282282078.13216
23-02-2021 20:30, SK22 Kolichestvo [liters/30min], 2285.707, 95571.356, 282284363.83916
23-02-2021 21:00, SK22 Kolichestvo [liters/30min], 2276.689, 97848.045, 282286640.52816
23-02-2021 21:30, SK22 Kolichestvo [liters/30min], 2262.421, 100110.466, 282288902.94916
23-02-2021 22:00, SK22 Kolichestvo [liters/30min], 2271.731, 102382.197, 282291174.68016
23-02-2021 22:30, SK22 Kolichestvo [liters/30min], 2291.544, 104673.741, 282293466.22416
23-02-2021 23:00, SK22 Kolichestvo [liters/30min], 2266.198, 106939.939, 282295732.42216
23-02-2021 00:00, EG53 LOT, 54.41099, 54.41099, 988731.312565002
23-02-2021 01:00, EG53 LOT, 54.39826, 108.80925, 988785.710825002
23-02-2021 02:00, EG53 LOT, 54.38603, 163.19528, 988840.096855002
23-02-2021 03:00, EG53 LOT, 54.37549, 217.57077, 988894.472345002
23-02-2021 04:00, EG53 LOT, 54.37064, 271.94141, 988948.842985002
23-02-2021 05:00, EG53 LOT, 54.37204, 326.31345, 989003.215025002
23-02-2021 06:00, EG53 LOT, 54.37, 380.68345, 989057.585025002
23-02-2021 07:00, EG53 LOT, 54.37169, 435.05514, 989111.956715002
23-02-2021 08:00, EG53 LOT, 54.37098, 489.42612, 989166.327695002
23-02-2021 09:00, EG53 LOT, 54.37035, 543.79647, 989220.698045002
23-02-2021 10:00, EG53 LOT, 54.37303, 598.1695, 989275.071075002
23-02-2021 11:00, EG53 LOT, 54.37, 652.5395, 989329.441075002
23-02-2021 12:00, EG53 LOT, 54.36607, 706.90557, 989383.807145002
23-02-2021 13:00, EG53 LOT, 54.35889, 761.26446, 989438.166035002
23-02-2021 14:00, EG53 LOT, 54.3494, 815.61386, 989492.515435002
23-02-2021 15:00, EG53 LOT, 54.34512, 869.95898, 989546.860555002
23-02-2021 16:00, EG53 LOT, 54.33759, 924.29657, 989601.198145002
23-02-2021 17:00, EG53 LOT, 54.34104, 978.63761, 989655.539185002
23-02-2021 18:00, EG53 LOT, 54.34055, 1032.97816, 989709.879735002
23-02-2021 19:00, EG53 LOT, 54.34525, 1087.32341, 989764.224985002
23-02-2021 20:00, EG53 LOT, 54.34567, 1141.66908, 989818.570655002
23-02-2021 21:00, EG53 LOT, 54.34561, 1196.01469, 989872.916265002
23-02-2021 22:00, EG53 LOT, 54.33997, 1250.35466, 989927.256235002
23-02-2021 23:00, EG53 LOT, 54.33477, 1304.68943, 989981.591005002
23-02-2021 00:00, EG56 LOT, 40.38254, 40.38254, 542563.452008999
23-02-2021 01:00, EG56 LOT, 40.3729, 80.75544, 542603.824908999
23-02-2021 02:00, EG56 LOT, 40.36819, 121.12363, 542644.193098999
23-02-2021 03:00, EG56 LOT, 40.3921, 161.51573, 542684.585198999
23-02-2021 04:00, EG56 LOT, 40.3845, 201.90023, 542724.969698999
23-02-2021 05:00, EG56 LOT, 40.38029, 242.28052, 542765.349988999
23-02-2021 06:00, EG56 LOT, 40.3845, 282.66502, 542805.734488999
23-02-2021 07:00, EG56 LOT, 40.38163, 323.04665, 542846.116118999
23-02-2021 08:00, EG56 LOT, 40.40504, 363.45169, 542886.521158999
23-02-2021 09:00, EG56 LOT, 40.42318, 403.87487, 542926.944338999
23-02-2021 10:00, EG56 LOT, 40.43259, 444.30746, 542967.376928999
23-02-2021 11:00, EG56 LOT, 40.44757, 484.75503, 543007.824498999
23-02-2021 12:00, EG56 LOT, 40.47998, 525.23501, 543048.304478999
23-02-2021 13:00, EG56 LOT, 40.49882, 565.73383, 543088.803298999
23-02-2021 14:00, EG56 LOT, 40.50501, 606.23884, 543129.308308999
23-02-2021 15:00, EG56 LOT, 40.5036, 646.74244, 543169.811908999
23-02-2021 16:00, EG56 LOT, 40.4527, 687.19514, 543210.264608999
23-02-2021 17:00, EG56 LOT, 40.46304, 727.65818, 543250.727648999
23-02-2021 18:00, EG56 LOT, 40.48238, 768.14056, 543291.210028999
23-02-2021 19:00, EG56 LOT, 40.50085, 808.64141, 543331.710878999
23-02-2021 20:00, EG56 LOT, 40.51802, 849.15943, 543372.228898999
23-02-2021 21:00, EG56 LOT, 40.52921, 889.68864, 543412.758108999
23-02-2021 22:00, EG56 LOT, 40.53236, 930.221, 543453.290468999
23-02-2021 23:00, EG56 LOT, 40.52927, 970.75027, 543493.819738999
23-02-2021 00:00, SK22 LOT, 52.19411, 52.19411, 1747237.40679
23-02-2021 00:30, SK22 LOT, 52.20523, 104.39934, 1747289.61202
23-02-2021 01:00, SK22 LOT, 52.18845, 156.58779, 1747341.80047
23-02-2021 01:30, SK22 LOT, 52.1864, 208.77419, 1747393.98687
23-02-2021 02:00, SK22 LOT, 52.18082, 260.95501, 1747446.16769
23-02-2021 02:30, SK22 LOT, 52.20746, 313.16247, 1747498.37515
23-02-2021 03:00, SK22 LOT, 52.2396, 365.40207, 1747550.61475
23-02-2021 03:30, SK22 LOT, 52.17212, 417.57419, 1747602.78687
23-02-2021 04:00, SK22 LOT, 52.16749, 469.74168, 1747654.95436
23-02-2021 04:30, SK22 LOT, 52.18286, 521.92454, 1747707.13722
23-02-2021 05:00, SK22 LOT, 52.19598, 574.12052, 1747759.3332
23-02-2021 05:30, SK22 LOT, 52.16623, 626.28675, 1747811.49943
23-02-2021 06:00, SK22 LOT, 52.17104, 678.45779, 1747863.67047
23-02-2021 06:30, SK22 LOT, 52.17363, 730.63142, 1747915.8441
23-02-2021 07:00, SK22 LOT, 52.16898, 782.8004, 1747968.01308
23-02-2021 07:30, SK22 LOT, 52.2119, 835.0123, 1748020.22498
23-02-2021 08:00, SK22 LOT, 52.14573, 887.15803, 1748072.37071
23-02-2021 08:30, SK22 LOT, 52.17042, 939.32845, 1748124.54113
23-02-2021 09:00, SK22 LOT, 52.19058, 991.51903, 1748176.73171
23-02-2021 09:30, SK22 LOT, 52.14095, 1043.65998, 1748228.87266
23-02-2021 10:00, SK22 LOT, 52.17476, 1095.83474, 1748281.04742
23-02-2021 10:30, SK22 LOT, 52.20193, 1148.03667, 1748333.24935
23-02-2021 11:00, SK22 LOT, 52.18136, 1200.21803, 1748385.43071
23-02-2021 11:30, SK22 LOT, 52.16331, 1252.38134, 1748437.59402
23-02-2021 12:00, SK22 LOT, 52.13554, 1304.51688, 1748489.72956
23-02-2021 12:30, SK22 LOT, 52.13188, 1356.64876, 1748541.86144
23-02-2021 13:00, SK22 LOT, 52.12865, 1408.77741, 1748593.99009
23-02-2021 13:30, SK22 LOT, 52.15655, 1460.93396, 1748646.14664
23-02-2021 14:00, SK22 LOT, 52.15932, 1513.09328, 1748698.30596
23-02-2021 14:30, SK22 LOT, 52.13232, 1565.2256, 1748750.43828
23-02-2021 15:00, SK22 LOT, 52.1825, 1617.4081, 1748802.62078
23-02-2021 15:30, SK22 LOT, 52.13651, 1669.54461, 1748854.75729
23-02-2021 16:00, SK22 LOT, 52.18648, 1721.73109, 1748906.94377
23-02-2021 16:30, SK22 LOT, 52.13045, 1773.86154, 1748959.07422
23-02-2021 17:00, SK22 LOT, 52.15781, 1826.01935, 1749011.23203
23-02-2021 17:30, SK22 LOT, 52.1824, 1878.20175, 1749063.41443001
23-02-2021 18:00, SK22 LOT, 52.13081, 1930.33256, 1749115.54524001
23-02-2021 18:30, SK22 LOT, 52.2572, 1982.58976, 1749167.80244001
23-02-2021 19:00, SK22 LOT, 52.26038, 2034.85014, 1749220.06282001
23-02-2021 19:30, SK22 LOT, 52.15054, 2087.00068, 1749272.21336001
23-02-2021 20:00, SK22 LOT, 52.16269, 2139.16337, 1749324.37605001
23-02-2021 20:30, SK22 LOT, 52.15017, 2191.31354, 1749376.52622001
23-02-2021 21:00, SK22 LOT, 52.25616, 2243.5697, 1749428.78238001
23-02-2021 21:30, SK22 LOT, 52.13586, 2295.70556, 1749480.91824001
23-02-2021 22:00, SK22 LOT, 52.10658, 2347.81214, 1749533.02482001
23-02-2021 22:30, SK22 LOT, 52.09317, 2399.90531, 1749585.11799001
23-02-2021 23:00, SK22 LOT, 52.06858, 2451.97389, 1749637.18657001
23-02-2021 00:00, EG46, 91.98061, 91.98061, 1439943.96823
23-02-2021 01:00, EG46, 91.96823, 183.94884, 1440035.93646
23-02-2021 02:00, EG46, 91.97309, 275.92193, 1440127.90955
23-02-2021 03:00, EG46, 91.98834, 367.91027, 1440219.89789
23-02-2021 04:00, EG46, 92.01443, 459.9247, 1440311.91232
23-02-2021 05:00, EG46, 92.00465, 551.92935, 1440403.91697
23-02-2021 06:00, EG46, 91.99024, 643.91959, 1440495.90721
23-02-2021 07:00, EG46, 91.97456, 735.89415, 1440587.88177
23-02-2021 08:00, EG46, 91.969, 827.86315, 1440679.85077
23-02-2021 09:00, EG46, 91.9541, 919.81725, 1440771.80487
23-02-2021 10:00, EG46, 91.9527, 1011.76995, 1440863.75757
23-02-2021 11:00, EG46, 91.95748, 1103.72743, 1440955.71505
23-02-2021 12:00, EG46, 91.9586, 1195.68603, 1441047.67365
23-02-2021 13:00, EG46, 91.95621, 1287.64224, 1441139.62986
23-02-2021 14:00, EG46, 91.95727, 1379.59951, 1441231.58713
23-02-2021 15:00, EG46, 91.96156, 1471.56107, 1441323.54869
23-02-2021 16:00, EG46, 91.96704, 1563.52811, 1441415.51573
23-02-2021 17:00, EG46, 91.95691, 1655.48502, 1441507.47264
23-02-2021 18:00, EG46, 91.95642, 1747.44144, 1441599.42906
23-02-2021 19:00, EG46, 91.94538, 1839.38682, 1441691.37444
23-02-2021 20:00, EG46, 91.94383, 1931.33065, 1441783.31827
23-02-2021 21:00, EG46, 91.93955, 2023.2702, 1441875.25782
23-02-2021 22:00, EG46, 91.94405, 2115.21425, 1441967.20187
23-02-2021 23:00, EG46, 91.94081, 2207.15506, 1442059.14268
23-02-2021 00:00, EG48, 89.89713, 89.89713, 1315422.81246001
23-02-2021 01:00, EG48, 89.89664, 179.79377, 1315512.7091
23-02-2021 02:00, EG48, 89.89397, 269.68774, 1315602.60307001
23-02-2021 03:00, EG48, 89.89889, 359.58663, 1315692.50196001
23-02-2021 04:00, EG48, 89.8934, 449.48003, 1315782.39536001
23-02-2021 05:00, EG48, 89.88848, 539.36851, 1315872.28384001
23-02-2021 06:00, EG48, 89.88848, 629.25699, 1315962.17232001
23-02-2021 07:00, EG48, 89.88595, 719.14294, 1316052.05827001
23-02-2021 08:00, EG48, 89.87976, 809.0227, 1316141.93803
23-02-2021 09:00, EG48, 89.87766, 898.90036, 1316231.81569
23-02-2021 10:00, EG48, 89.87505, 988.77541, 1316321.69074
23-02-2021 11:00, EG48, 89.87724, 1078.65265, 1316411.56798
23-02-2021 12:00, EG48, 89.87027, 1168.52292, 1316501.43825001
23-02-2021 13:00, EG48, 89.87772, 1258.40064, 1316591.31597001
23-02-2021 14:00, EG48, 89.87519, 1348.27583, 1316681.19116001
23-02-2021 15:00, EG48, 90.05257, 1438.3284, 1316771.24373001
23-02-2021 16:00, EG48, 90.03858, 1528.36698, 1316861.28231001
23-02-2021 17:00, EG48, 89.99725, 1618.36423, 1316951.27956001
23-02-2021 18:00, EG48, 89.96709, 1708.33132, 1317041.24665
23-02-2021 19:00, EG48, 89.94339, 1798.27471, 1317131.19004
23-02-2021 20:00, EG48, 89.92596, 1888.20067, 1317221.116
23-02-2021 21:00, EG48, 89.91238, 1978.11305, 1317311.02838
23-02-2021 22:00, EG48, 89.90472, 2068.01777, 1317400.9331
23-02-2021 23:00, EG48, 89.89825, 2157.91602, 1317490.83135001
23-02-2021 00:00, EG49, 65.09701, 65.09701, 1226092.81896
23-02-2021 01:00, EG49, 65.09715, 130.19416, 1226157.91611
23-02-2021 02:00, EG49, 65.1016, 195.29576, 1226223.01771
23-02-2021 03:00, EG49, 65.10931, 260.40507, 1226288.12702
23-02-2021 04:00, EG49, 65.11526, 325.52033, 1226353.24228
23-02-2021 05:00, EG49, 65.11231, 390.63264, 1226418.35459
23-02-2021 06:00, EG49, 65.1076, 455.74024, 1226483.46219
23-02-2021 07:00, EG49, 65.09867, 520.83891, 1226548.56086
23-02-2021 08:00, EG49, 65.09167, 585.93058, 1226613.65253
23-02-2021 09:00, EG49, 65.09425, 651.02483, 1226678.74678
23-02-2021 10:00, EG49, 65.08459, 716.10942, 1226743.83137
23-02-2021 11:00, EG49, 65.11348, 781.2229, 1226808.94485
23-02-2021 12:00, EG49, 65.10329, 846.32619, 1226874.04814
23-02-2021 13:00, EG49, 65.09969, 911.42588, 1226939.14783
23-02-2021 14:00, EG49, 65.10223, 976.52811, 1227004.25006
23-02-2021 15:00, EG49, 65.10592, 1041.63403, 1227069.35598
23-02-2021 16:00, EG49, 65.10771, 1106.74174, 1227134.46369
23-02-2021 17:00, EG49, 65.1036, 1171.84534, 1227199.56729
23-02-2021 18:00, EG49, 65.09755, 1236.94289, 1227264.66484
23-02-2021 19:00, EG49, 65.08726, 1302.03015, 1227329.7521
23-02-2021 20:00, EG49, 65.08031, 1367.11046, 1227394.83241
23-02-2021 21:00, EG49, 65.07285, 1432.18331, 1227459.90526
23-02-2021 22:00, EG49, 65.06961, 1497.25292, 1227524.97487
23-02-2021 23:00, EG49, 65.07441, 1562.32733, 1227590.04928
23-02-2021 00:00, EG59, 132.5779, 132.5779, 1942264.0153
23-02-2021 01:00, EG59, 132.59, 265.1679, 1942396.6053
23-02-2021 02:00, EG59, 132.6021, 397.77, 1942529.2074
23-02-2021 03:00, EG59, 132.6112, 530.3812, 1942661.8186
23-02-2021 04:00, EG59, 132.619, 663.0002, 1942794.4376
23-02-2021 05:00, EG59, 132.6227, 795.6229, 1942927.0603
23-02-2021 06:00, EG59, 132.6229, 928.2458, 1943059.6832
23-02-2021 07:00, EG59, 132.627, 1060.8728, 1943192.3102
23-02-2021 08:00, EG59, 132.6283, 1193.5011, 1943324.9385
23-02-2021 09:00, EG59, 132.6339, 1326.135, 1943457.5724
23-02-2021 10:00, EG59, 132.6363, 1458.7713, 1943590.2087
23-02-2021 11:00, EG59, 132.6441, 1591.4154, 1943722.8528
23-02-2021 12:00, EG59, 132.6446, 1724.06, 1943855.4974
23-02-2021 13:00, EG59, 132.653, 1856.713, 1943988.1504
23-02-2021 14:00, EG59, 132.6583, 1989.3713, 1944120.8087
23-02-2021 15:00, EG59, 132.6675, 2122.0388, 1944253.4762
23-02-2021 16:00, EG59, 132.6673, 2254.7061, 1944386.1435
23-02-2021 17:00, EG59, 132.67, 2387.3761, 1944518.8135
23-02-2021 18:00, EG59, 132.6716, 2520.0477, 1944651.4851
23-02-2021 19:00, EG59, 132.6746, 2652.7223, 1944784.1597
23-02-2021 20:00, EG59, 132.6711, 2785.3934, 1944916.8308
23-02-2021 21:00, EG59, 132.6711, 2918.0645, 1945049.5019
23-02-2021 22:00, EG59, 132.6794, 3050.7439, 1945182.1813
23-02-2021 23:00, EG59, 132.6847, 3183.4286, 1945314.866
23-02-2021 00:00, EG60, 65.71107, 65.71107, 5662573.02446002
23-02-2021 01:00, EG60, 65.70921, 131.42028, 5662638.73367002
23-02-2021 02:00, EG60, 65.70757, 197.12785, 5662704.44124002
23-02-2021 03:00, EG60, 65.705, 262.83285, 5662770.14624002
23-02-2021 04:00, EG60, 65.69511, 328.52796, 5662835.84135002
23-02-2021 05:00, EG60, 65.68736, 394.21532, 5662901.52871002
23-02-2021 06:00, EG60, 65.67882, 459.89414, 5662967.20753002
23-02-2021 07:00, EG60, 65.66932, 525.56346, 5663032.87685002
23-02-2021 08:00, EG60, 65.65852, 591.22198, 5663098.53537002
23-02-2021 09:00, EG60, 65.64835, 656.87033, 5663164.18372002
23-02-2021 10:00, EG60, 65.64206, 722.51239, 5663229.82578002
23-02-2021 11:00, EG60, 65.63178, 788.14417, 5663295.45756002
23-02-2021 12:00, EG60, 65.62357, 853.76774, 5663361.08113002
23-02-2021 13:00, EG60, 65.61927, 919.38701, 5663426.70040002
23-02-2021 14:00, EG60, 65.6161, 985.00311, 5663492.31650002
23-02-2021 15:00, EG60, 65.61211, 1050.61522, 5663557.92861002
23-02-2021 16:00, EG60, 65.60406, 1116.21928, 5663623.53267002
23-02-2021 17:00, EG60, 65.59549, 1181.81477, 5663689.12816002
23-02-2021 18:00, EG60, 65.58437, 1247.39914, 5663754.71253002
23-02-2021 19:00, EG60, 65.57277, 1312.97191, 5663820.28530002
23-02-2021 20:00, EG60, 65.56417, 1378.53608, 5663885.84947002
23-02-2021 21:00, EG60, 65.55466, 1444.09074, 5663951.40413002
23-02-2021 22:00, EG60, 65.55363, 1509.64437, 5664016.95776002
23-02-2021 23:00, EG60, 65.5477, 1575.19207, 5664082.50546002
23-02-2021 00:00, NC83 Kolichestvo [liters/30min], 0, 0, 433596.091116863
23-02-2021 00:30, NC83 Kolichestvo [liters/30min], 0, 0, 433596.091116863
23-02-2021 01:00, NC83 Kolichestvo [liters/30min], 0, 0, 433596.091116863
23-02-2021 01:30, NC83 Kolichestvo [liters/30min], 0, 0, 433596.091116863
23-02-2021 02:00, NC83 Kolichestvo [liters/30min], 0, 0, 433596.091116863
23-02-2021 02:30, NC83 Kolichestvo [liters/30min], 0, 0, 433596.091116863
23-02-2021 03:00, NC83 Kolichestvo [liters/30min], 0, 0, 433596.091116863
23-02-2021 03:30, NC83 Kolichestvo [liters/30min], 0, 0, 433596.091116863
23-02-2021 04:00, NC83 Kolichestvo [liters/30min], 0, 0, 433596.091116863
23-02-2021 04:30, NC83 Kolichestvo [liters/30min], 0, 0, 433596.091116863
23-02-2021 05:00, NC83 Kolichestvo [liters/30min], 0, 0, 433596.091116863
23-02-2021 05:30, NC83 Kolichestvo [liters/30min], 0, 0, 433596.091116863
23-02-2021 06:00, NC83 Kolichestvo [liters/30min], 0, 0, 433596.091116863
23-02-2021 06:30, NC83 Kolichestvo [liters/30min], 0, 0, 433596.091116863
23-02-2021 07:00, NC83 Kolichestvo [liters/30min], 0.02317429, 0.02317429, 433596.114291153
23-02-2021 07:30, NC83 Kolichestvo [liters/30min], 0, 0.02317429, 433596.114291153
23-02-2021 08:00, NC83 Kolichestvo [liters/30min], 0, 0.02317429, 433596.114291153
23-02-2021 08:30, NC83 Kolichestvo [liters/30min], 0, 0.02317429, 433596.114291153
23-02-2021 09:00, NC83 Kolichestvo [liters/30min], 0, 0.02317429, 433596.114291153
23-02-2021 09:30, NC83 Kolichestvo [liters/30min], 0, 0.02317429, 433596.114291153
23-02-2021 10:00, NC83 Kolichestvo [liters/30min], 0, 0.02317429, 433596.114291153
23-02-2021 10:30, NC83 Kolichestvo [liters/30min], 0, 0.02317429, 433596.114291153
23-02-2021 11:00, NC83 Kolichestvo [liters/30min], 0, 0.02317429, 433596.114291153
23-02-2021 11:30, NC83 Kolichestvo [liters/30min], 0, 0.02317429, 433596.114291153
23-02-2021 12:00, NC83 Kolichestvo [liters/30min], 0, 0.02317429, 433596.114291153
23-02-2021 12:30, NC83 Kolichestvo [liters/30min], 0, 0.02317429, 433596.114291153
23-02-2021 13:00, NC83 Kolichestvo [liters/30min], 0, 0.02317429, 433596.114291153
23-02-2021 13:30, NC83 Kolichestvo [liters/30min], 0, 0.02317429, 433596.114291153
23-02-2021 14:00, NC83 Kolichestvo [liters/30min], 0, 0.02317429, 433596.114291153
23-02-2021 14:30, NC83 Kolichestvo [liters/30min], 0, 0.02317429, 433596.114291153
23-02-2021 15:00, NC83 Kolichestvo [liters/30min], 0, 0.02317429, 433596.114291153
23-02-2021 15:30, NC83 Kolichestvo [liters/30min], 0, 0.02317429, 433596.114291153
23-02-2021 16:00, NC83 Kolichestvo [liters/30min], 0, 0.02317429, 433596.114291153
23-02-2021 16:30, NC83 Kolichestvo [liters/30min], 0, 0.02317429, 433596.114291153
23-02-2021 17:00, NC83 Kolichestvo [liters/30min], 0, 0.02317429, 433596.114291153
23-02-2021 17:30, NC83 Kolichestvo [liters/30min], 0, 0.02317429, 433596.114291153
23-02-2021 18:00, NC83 Kolichestvo [liters/30min], 0, 0.02317429, 433596.114291153
23-02-2021 18:30, NC83 Kolichestvo [liters/30min], 0, 0.02317429, 433596.114291153
23-02-2021 19:00, NC83 Kolichestvo [liters/30min], 0, 0.02317429, 433596.114291153
23-02-2021 19:30, NC83 Kolichestvo [liters/30min], 0, 0.02317429, 433596.114291153
23-02-2021 20:00, NC83 Kolichestvo [liters/30min], 0, 0.02317429, 433596.114291153
23-02-2021 20:30, NC83 Kolichestvo [liters/30min], 0, 0.02317429, 433596.114291153
23-02-2021 21:00, NC83 Kolichestvo [liters/30min], 0, 0.02317429, 433596.114291153
23-02-2021 21:30, NC83 Kolichestvo [liters/30min], 0, 0.02317429, 433596.114291153
23-02-2021 22:00, NC83 Kolichestvo [liters/30min], 0, 0.02317429, 433596.114291153
23-02-2021 22:30, NC83 Kolichestvo [liters/30min], 0, 0.02317429, 433596.114291153
23-02-2021 23:00, NC83 Kolichestvo [liters/30min], 0, 0.02317429, 433596.114291153
23-02-2021 00:00, NC84 Kolichestvo [liters/30min], 81.95672, 81.95672, 250775.891992958
23-02-2021 00:30, NC84 Kolichestvo [liters/30min], 79.5453, 161.50202, 250855.437292958
23-02-2021 01:00, NC84 Kolichestvo [liters/30min], 78.73378, 240.2358, 250934.171072958
23-02-2021 01:30, NC84 Kolichestvo [liters/30min], 75.4602, 315.696, 251009.631272958
23-02-2021 02:00, NC84 Kolichestvo [liters/30min], 74.35555, 390.05155, 251083.986822958
23-02-2021 02:30, NC84 Kolichestvo [liters/30min], 76.688, 466.73955, 251160.674822958
23-02-2021 03:00, NC84 Kolichestvo [liters/30min], 71.52357, 538.26312, 251232.198392958
23-02-2021 03:30, NC84 Kolichestvo [liters/30min], 70.1078, 608.37092, 251302.306192958
23-02-2021 04:00, NC84 Kolichestvo [liters/30min], 71.59267, 679.96359, 251373.898862958
23-02-2021 04:30, NC84 Kolichestvo [liters/30min], 68.89458, 748.85817, 251442.793442958
23-02-2021 05:00, NC84 Kolichestvo [liters/30min], 67.6526, 816.51077, 251510.446042958
23-02-2021 05:30, NC84 Kolichestvo [liters/30min], 65.89608, 882.40685, 251576.342122958
23-02-2021 06:00, NC84 Kolichestvo [liters/30min], 59.91711, 942.32396, 251636.259232958
23-02-2021 06:30, NC84 Kolichestvo [liters/30min], 56.3251, 998.64906, 251692.584332958
23-02-2021 07:00, NC84 Kolichestvo [liters/30min], 55.32174, 1053.9708, 251747.906072958
23-02-2021 07:30, NC84 Kolichestvo [liters/30min], 51.4761, 1105.4469, 251799.382172958
23-02-2021 08:00, NC84 Kolichestvo [liters/30min], 45.84861, 1151.29551, 251845.230782958
23-02-2021 08:30, NC84 Kolichestvo [liters/30min], 44.6856, 1195.98111, 251889.916382958
23-02-2021 09:00, NC84 Kolichestvo [liters/30min], 46.04001, 1242.02112, 251935.956392958
23-02-2021 09:30, NC84 Kolichestvo [liters/30min], 45.76492, 1287.78604, 251981.721312958
23-02-2021 10:00, NC84 Kolichestvo [liters/30min], 43.74061, 1331.52665, 252025.461922958
23-02-2021 10:30, NC84 Kolichestvo [liters/30min], 41.59312, 1373.11977, 252067.055042958
23-02-2021 11:00, NC84 Kolichestvo [liters/30min], 35.8532, 1408.97297, 252102.908242958
23-02-2021 11:30, NC84 Kolichestvo [liters/30min], 35.28843, 1444.2614, 252138.196672958
23-02-2021 12:00, NC84 Kolichestvo [liters/30min], 37.86678, 1482.12818, 252176.063452958
23-02-2021 12:30, NC84 Kolichestvo [liters/30min], 36.02013, 1518.14831, 252212.083582958
23-02-2021 13:00, NC84 Kolichestvo [liters/30min], 33.09374, 1551.24205, 252245.177322958
23-02-2021 13:30, NC84 Kolichestvo [liters/30min], 32.63755, 1583.8796, 252277.814872958
23-02-2021 14:00, NC84 Kolichestvo [liters/30min], 29.81286, 1613.69246, 252307.627732958
23-02-2021 14:30, NC84 Kolichestvo [liters/30min], 27.12979, 1640.82225, 252334.757522958
23-02-2021 15:00, NC84 Kolichestvo [liters/30min], 29.3026, 1670.12485, 252364.060122958
23-02-2021 15:30, NC84 Kolichestvo [liters/30min], 26.90835, 1697.0332, 252390.968472958
23-02-2021 16:00, NC84 Kolichestvo [liters/30min], 27.84305, 1724.87625, 252418.811522958
23-02-2021 16:30, NC84 Kolichestvo [liters/30min], 26.07923, 1750.95548, 252444.890752958
23-02-2021 17:00, NC84 Kolichestvo [liters/30min], 23.78712, 1774.7426, 252468.677872958
23-02-2021 17:30, NC84 Kolichestvo [liters/30min], 24.16735, 1798.90995, 252492.845222958
23-02-2021 18:00, NC84 Kolichestvo [liters/30min], 25.36211, 1824.27206, 252518.207332958
23-02-2021 18:30, NC84 Kolichestvo [liters/30min], 29.27341, 1853.54547, 252547.480742958
23-02-2021 19:00, NC84 Kolichestvo [liters/30min], 30.46474, 1884.01021, 252577.945482958
23-02-2021 19:30, NC84 Kolichestvo [liters/30min], 30.36003, 1914.37024, 252608.305512958
23-02-2021 20:00, NC84 Kolichestvo [liters/30min], 30.36003, 1944.73027, 252638.665542958
23-02-2021 20:30, NC84 Kolichestvo [liters/30min], 32.26461, 1976.99488, 252670.930152958
23-02-2021 21:00, NC84 Kolichestvo [liters/30min], 32.38778, 2009.38266, 252703.317932958
23-02-2021 21:30, NC84 Kolichestvo [liters/30min], 32.48563, 2041.86829, 252735.803562958
23-02-2021 22:00, NC84 Kolichestvo [liters/30min], 38.01913, 2079.88742, 252773.822692958
23-02-2021 22:30, NC84 Kolichestvo [liters/30min], 35.23049, 2115.11791, 252809.053182958
23-02-2021 23:00, NC84 Kolichestvo [liters/30min], 34.97343, 2150.09134, 252844.026612958
23-02-2021 00:00, EG47 LOT, 126.7513, 126.7513, 1263312.24827
23-02-2021 01:00, EG47 LOT, 126.7375, 253.4888, 1263438.98577
23-02-2021 02:00, EG47 LOT, 126.8087, 380.2975, 1263565.79447
23-02-2021 03:00, EG47 LOT, 126.8828, 507.1803, 1263692.67727
23-02-2021 04:00, EG47 LOT, 126.8485, 634.0288, 1263819.52577
23-02-2021 05:00, EG47 LOT, 126.821, 760.8498, 1263946.34677
23-02-2021 06:00, EG47 LOT, 126.7826, 887.6324, 1264073.12937
23-02-2021 07:00, EG47 LOT, 126.806, 1014.4384, 1264199.93537
23-02-2021 08:00, EG47 LOT, 126.8163, 1141.2547, 1264326.75167
23-02-2021 09:00, EG47 LOT, 126.8111, 1268.0658, 1264453.56277
23-02-2021 10:00, EG47 LOT, 126.8157, 1394.8815, 1264580.37847
23-02-2021 11:00, EG47 LOT, 126.8159, 1521.6974, 1264707.19437
23-02-2021 12:00, EG47 LOT, 126.8502, 1648.5476, 1264834.04457
23-02-2021 13:00, EG47 LOT, 126.8704, 1775.418, 1264960.91497
23-02-2021 14:00, EG47 LOT, 126.9275, 1902.3455, 1265087.84247
23-02-2021 15:00, EG47 LOT, 126.9848, 2029.3303, 1265214.82727
23-02-2021 16:00, EG47 LOT, 126.9649, 2156.2952, 1265341.79217
23-02-2021 17:00, EG47 LOT, 126.9734, 2283.2686, 1265468.76557
23-02-2021 18:00, EG47 LOT, 126.9758, 2410.2444, 1265595.74137
23-02-2021 19:00, EG47 LOT, 126.9221, 2537.1665, 1265722.66347
23-02-2021 20:00, EG47 LOT, 126.9306, 2664.0971, 1265849.59407
23-02-2021 21:00, EG47 LOT, 126.9921, 2791.0892, 1265976.58617
23-02-2021 22:00, EG47 LOT, 127.006, 2918.0952, 1266103.59217
23-02-2021 23:00, EG47 LOT, 127.0103, 3045.1055, 1266230.60247
23-02-2021 00:00, EG50 LOT, 67.31596, 67.31596, 760873.19849
23-02-2021 01:00, EG50 LOT, 67.32046, 134.63642, 760940.51895
23-02-2021 02:00, EG50 LOT, 67.31216, 201.94858, 761007.83111
23-02-2021 03:00, EG50 LOT, 67.32481, 269.27339, 761075.15592
23-02-2021 04:00, EG50 LOT, 67.32616, 336.59955, 761142.48208
23-02-2021 05:00, EG50 LOT, 67.33283, 403.93238, 761209.81491
23-02-2021 06:00, EG50 LOT, 67.34351, 471.27589, 761277.15842
23-02-2021 07:00, EG50 LOT, 67.35435, 538.63024, 761344.51277
23-02-2021 08:00, EG50 LOT, 67.35828, 605.98852, 761411.87105
23-02-2021 09:00, EG50 LOT, 67.35645, 673.34497, 761479.2275
23-02-2021 10:00, EG50 LOT, 67.36194, 740.70691, 761546.58944
23-02-2021 11:00, EG50 LOT, 67.35849, 808.0654, 761613.94793
23-02-2021 12:00, EG50 LOT, 67.36573, 875.43113, 761681.31366
23-02-2021 13:00, EG50 LOT, 67.37481, 942.80594, 761748.68847
23-02-2021 14:00, EG50 LOT, 67.37988, 1010.18582, 761816.06835
23-02-2021 15:00, EG50 LOT, 67.38634, 1077.57216, 761883.45469
23-02-2021 16:00, EG50 LOT, 67.38445, 1144.95661, 761950.83914
23-02-2021 17:00, EG50 LOT, 67.38767, 1212.34428, 762018.22681
23-02-2021 18:00, EG50 LOT, 67.45405, 1279.79833, 762085.68086
23-02-2021 19:00, EG50 LOT, 67.479, 1347.27733, 762153.15986
23-02-2021 20:00, EG50 LOT, 67.4707, 1414.74803, 762220.63056
23-02-2021 21:00, EG50 LOT, 67.48153, 1482.22956, 762288.11209
23-02-2021 22:00, EG50 LOT, 67.4847, 1549.71426, 762355.59679
23-02-2021 23:00, EG50 LOT, 67.48561, 1617.19987, 762423.0824
23-02-2021 00:00, EG58 LOT, 59.34173, 59.34173, 777219.346930001
23-02-2021 01:00, EG58 LOT, 59.33801, 118.67974, 777278.684940001
23-02-2021 02:00, EG58 LOT, 59.32845, 178.00819, 777338.013390001
23-02-2021 03:00, EG58 LOT, 59.32191, 237.3301, 777397.335300001
23-02-2021 04:00, EG58 LOT, 59.32099, 296.65109, 777456.656290001
23-02-2021 05:00, EG58 LOT, 59.31747, 355.96856, 777515.973760001
23-02-2021 06:00, EG58 LOT, 59.3186, 415.28716, 777575.292360001
23-02-2021 07:00, EG58 LOT, 59.32535, 474.61251, 777634.617710001
23-02-2021 08:00, EG58 LOT, 59.33147, 533.94398, 777693.949180001
23-02-2021 09:00, EG58 LOT, 59.33231, 593.27629, 777753.281490001
23-02-2021 10:00, EG58 LOT, 59.33253, 652.60882, 777812.614020001
23-02-2021 11:00, EG58 LOT, 59.33253, 711.94135, 777871.946550001
23-02-2021 12:00, EG58 LOT, 59.33076, 771.27211, 777931.277310001
23-02-2021 13:00, EG58 LOT, 59.32767, 830.59978, 777990.604980001
23-02-2021 14:00, EG58 LOT, 59.31951, 889.91929, 778049.924490001
23-02-2021 15:00, EG58 LOT, 59.31839, 949.23768, 778109.242880001
23-02-2021 16:00, EG58 LOT, 59.31452, 1008.5522, 778168.557400001
23-02-2021 17:00, EG58 LOT, 59.32135, 1067.87355, 778227.878750001
23-02-2021 18:00, EG58 LOT, 59.32767, 1127.20122, 778287.206420001
23-02-2021 19:00, EG58 LOT, 59.33322, 1186.53444, 778346.539640001
23-02-2021 20:00, EG58 LOT, 59.3347, 1245.86914, 778405.874340001
23-02-2021 21:00, EG58 LOT, 59.33723, 1305.20637, 778465.211570001
23-02-2021 22:00, EG58 LOT, 59.33358, 1364.53995, 778524.545150001
23-02-2021 23:00, EG58 LOT, 59.33287, 1423.87282, 778583.878020001
23-02-2021 00:00, SK33 Kolichestvo [liters/30min], 407.1928, 407.1928, 10820369.4133854
23-02-2021 00:30, SK33 Kolichestvo [liters/30min], 408.1666, 815.3594, 10820777.5799854
23-02-2021 01:00, SK33 Kolichestvo [liters/30min], 402.9931, 1218.3525, 10821180.5730854
23-02-2021 01:30, SK33 Kolichestvo [liters/30min], 402.1279, 1620.4804, 10821582.7009854
23-02-2021 02:00, SK33 Kolichestvo [liters/30min], 404.0209, 2024.5013, 10821986.7218854
23-02-2021 02:30, SK33 Kolichestvo [liters/30min], 403.3081, 2427.8094, 10822390.0299854
23-02-2021 03:00, SK33 Kolichestvo [liters/30min], 401.3387, 2829.1481, 10822791.3686854
23-02-2021 03:30, SK33 Kolichestvo [liters/30min], 395.1443, 3224.2924, 10823186.5129854
23-02-2021 04:00, SK33 Kolichestvo [liters/30min], 403.5072, 3627.7996, 10823590.0201854
23-02-2021 04:30, SK33 Kolichestvo [liters/30min], 406.2513, 4034.0509, 10823996.2714854
23-02-2021 05:00, SK33 Kolichestvo [liters/30min], 404.8466, 4438.8975, 10824401.1180854
23-02-2021 05:30, SK33 Kolichestvo [liters/30min], 399.3401, 4838.2376, 10824800.4581854
23-02-2021 06:00, SK33 Kolichestvo [liters/30min], 408.4742, 5246.7118, 10825208.9323854
23-02-2021 06:30, SK33 Kolichestvo [liters/30min], 403.1811, 5649.8929, 10825612.1134854
23-02-2021 07:00, SK33 Kolichestvo [liters/30min], 412.6448, 6062.5377, 10826024.7582854
23-02-2021 07:30, SK33 Kolichestvo [liters/30min], 399.6079, 6462.1456, 10826424.3661854
23-02-2021 08:00, SK33 Kolichestvo [liters/30min], 398.7029, 6860.8485, 10826823.0690854
23-02-2021 08:30, SK33 Kolichestvo [liters/30min], 400.8932, 7261.7417, 10827223.9622854
23-02-2021 09:00, SK33 Kolichestvo [liters/30min], 397.7072, 7659.4489, 10827621.6694854
23-02-2021 09:30, SK33 Kolichestvo [liters/30min], 399.0578, 8058.5067, 10828020.7272854
23-02-2021 10:00, SK33 Kolichestvo [liters/30min], 399.626, 8458.1327, 10828420.3532854
23-02-2021 10:30, SK33 Kolichestvo [liters/30min], 394.2173, 8852.35, 10828814.5705854
23-02-2021 11:00, SK33 Kolichestvo [liters/30min], 397.0446, 9249.3946, 10829211.6151854
23-02-2021 11:30, SK33 Kolichestvo [liters/30min], 393.4535, 9642.8481, 10829605.0686854
23-02-2021 12:00, SK33 Kolichestvo [liters/30min], 392.1827, 10035.0308, 10829997.2513854
23-02-2021 12:30, SK33 Kolichestvo [liters/30min], 386.3175, 10421.3483, 10830383.5688854
23-02-2021 13:00, SK33 Kolichestvo [liters/30min], 383.407, 10804.7553, 10830766.9758854
23-02-2021 13:30, SK33 Kolichestvo [liters/30min], 382.9182, 11187.6735, 10831149.8940854
23-02-2021 14:00, SK33 Kolichestvo [liters/30min], 384.9094, 11572.5829, 10831534.8034854
23-02-2021 14:30, SK33 Kolichestvo [liters/30min], 383.2731, 11955.856, 10831918.0765854
23-02-2021 15:00, SK33 Kolichestvo [liters/30min], 385.1154, 12340.9714, 10832303.1919854
23-02-2021 15:30, SK33 Kolichestvo [liters/30min], 384.37, 12725.3414, 10832687.5619854
23-02-2021 16:00, SK33 Kolichestvo [liters/30min], 383.6383, 13108.9797, 10833071.2002854
23-02-2021 16:30, SK33 Kolichestvo [liters/30min], 383.0049, 13491.9846, 10833454.2051854
23-02-2021 17:00, SK33 Kolichestvo [liters/30min], 384.9348, 13876.9194, 10833839.1399854
23-02-2021 17:30, SK33 Kolichestvo [liters/30min], 389.1666, 14266.086, 10834228.3065854
23-02-2021 18:00, SK33 Kolichestvo [liters/30min], 394.677, 14660.763, 10834622.9835854
23-02-2021 18:30, SK33 Kolichestvo [liters/30min], 395.6507, 15056.4137, 10835018.6342854
23-02-2021 19:00, SK33 Kolichestvo [liters/30min], 401.0958, 15457.5095, 10835419.7300854
23-02-2021 19:30, SK33 Kolichestvo [liters/30min], 388.9422, 15846.4517, 10835808.6722854
23-02-2021 20:00, SK33 Kolichestvo [liters/30min], 389.431, 16235.8827, 10836198.1032854
23-02-2021 20:30, SK33 Kolichestvo [liters/30min], 392.6097, 16628.4924, 10836590.7129854
23-02-2021 21:00, SK33 Kolichestvo [liters/30min], 388.2367, 17016.7291, 10836978.9496854
23-02-2021 21:30, SK33 Kolichestvo [liters/30min], 395.7812, 17412.5103, 10837374.7308854
23-02-2021 22:00, SK33 Kolichestvo [liters/30min], 386.0604, 17798.5707, 10837760.7912854
23-02-2021 22:30, SK33 Kolichestvo [liters/30min], 387.3745, 18185.9452, 10838148.1657854
23-02-2021 23:00, SK33 Kolichestvo [liters/30min], 389.6954, 18575.6406, 10838537.8611854
23-02-2021 00:00, SK33 LOT, 144.4297, 144.4297, 3185910.62906404
23-02-2021 00:30, SK33 LOT, 144.3628, 288.7925, 3186054.99186404
23-02-2021 01:00, SK33 LOT, 144.153, 432.9455, 3186199.14486404
23-02-2021 01:30, SK33 LOT, 144.0206, 576.9661, 3186343.16546404
23-02-2021 02:00, SK33 LOT, 143.8423, 720.8084, 3186487.00776404
23-02-2021 02:30, SK33 LOT, 143.6395, 864.4479, 3186630.64726404
23-02-2021 03:00, SK33 LOT, 143.4877, 1007.9356, 3186774.13496404
23-02-2021 03:30, SK33 LOT, 143.2561, 1151.1917, 3186917.39106404
23-02-2021 04:00, SK33 LOT, 143.0942, 1294.2859, 3187060.48526404
23-02-2021 04:30, SK33 LOT, 142.9644, 1437.2503, 3187203.44966404
23-02-2021 05:00, SK33 LOT, 142.7939, 1580.0442, 3187346.24356404
23-02-2021 05:30, SK33 LOT, 142.6497, 1722.6939, 3187488.89326404
23-02-2021 06:00, SK33 LOT, 142.6528, 1865.3467, 3187631.54606404
23-02-2021 06:30, SK33 LOT, 142.584, 2007.9307, 3187774.13006404
23-02-2021 07:00, SK33 LOT, 142.5842, 2150.5149, 3187916.71426404
23-02-2021 07:30, SK33 LOT, 142.489, 2293.0039, 3188059.20326404
23-02-2021 08:00, SK33 LOT, 142.2551, 2435.259, 3188201.45836404
23-02-2021 08:30, SK33 LOT, 141.9627, 2577.2217, 3188343.42106404
23-02-2021 09:00, SK33 LOT, 141.7922, 2719.0139, 3188485.21326404
23-02-2021 09:30, SK33 LOT, 141.5833, 2860.5972, 3188626.79656404
23-02-2021 10:00, SK33 LOT, 141.4619, 3002.0591, 3188768.25846404
23-02-2021 10:30, SK33 LOT, 141.2209, 3143.28, 3188909.47936404
23-02-2021 11:00, SK33 LOT, 141.0803, 3284.3603, 3189050.55966404
23-02-2021 11:30, SK33 LOT, 140.8585, 3425.2188, 3189191.41816404
23-02-2021 12:00, SK33 LOT, 140.6536, 3565.8724, 3189332.07176404
23-02-2021 12:30, SK33 LOT, 140.3813, 3706.2537, 3189472.45306404
23-02-2021 13:00, SK33 LOT, 140.024, 3846.2777, 3189612.47706404
23-02-2021 13:30, SK33 LOT, 139.7061, 3985.9838, 3189752.18316404
23-02-2021 14:00, SK33 LOT, 139.3267, 4125.3105, 3189891.50986404
23-02-2021 14:30, SK33 LOT, 138.9585, 4264.269, 3190030.46836404
23-02-2021 15:00, SK33 LOT, 138.6874, 4402.9564, 3190169.15576404
23-02-2021 15:30, SK33 LOT, 138.4575, 4541.4139, 3190307.61326404
23-02-2021 16:00, SK33 LOT, 138.2473, 4679.6612, 3190445.86056404
23-02-2021 16:30, SK33 LOT, 138.0701, 4817.7313, 3190583.93066404
23-02-2021 17:00, SK33 LOT, 137.9874, 4955.7187, 3190721.91806404
23-02-2021 17:30, SK33 LOT, 137.9744, 5093.6931, 3190859.89246404
23-02-2021 18:00, SK33 LOT, 138.0134, 5231.7065, 3190997.90586404
23-02-2021 18:30, SK33 LOT, 138.0558, 5369.7623, 3191135.96166404
23-02-2021 19:00, SK33 LOT, 138.2224, 5507.9847, 3191274.18406404
23-02-2021 19:30, SK33 LOT, 138.0652, 5646.0499, 3191412.24926404
23-02-2021 20:00, SK33 LOT, 137.9978, 5784.0477, 3191550.24706404
23-02-2021 20:30, SK33 LOT, 137.9302, 5921.9779, 3191688.17726404
23-02-2021 21:00, SK33 LOT, 137.9082, 6059.8861, 3191826.08546404
23-02-2021 21:30, SK33 LOT, 137.7646, 6197.6507, 3191963.85006404
23-02-2021 22:00, SK33 LOT, 137.6411, 6335.2918, 3192101.49116404
23-02-2021 22:30, SK33 LOT, 137.5171, 6472.8089, 3192239.00826404
23-02-2021 23:00, SK33 LOT, 137.3686, 6610.1775, 3192376.37686404
23-02-2021 00:00, EG-61, 141.266, 141.266, 61269.557
23-02-2021 02:00, EG-61, 141.273, 282.539, 61410.83
23-02-2021 04:00, EG-61, 141.314, 423.853, 61552.144
23-02-2021 06:00, EG-61, 141.335, 565.188, 61693.479
23-02-2021 08:00, EG-61, 141.356, 706.544, 61834.835
23-02-2021 10:00, EG-61, 141.356, 847.9, 61976.191
23-02-2021 12:00, EG-61, 141.428, 989.328, 62117.619
23-02-2021 14:00, EG-61, 141.469, 1130.797, 62259.088
23-02-2021 16:00, EG-61, 141.477, 1272.274, 62400.565
23-02-2021 18:00, EG-61, 141.505, 1413.779, 62542.07
23-02-2021 20:00, EG-61, 141.554, 1555.333, 62683.624
23-02-2021 22:00, EG-61, 141.563, 1696.896, 62825.187
23-02-2021 00:00, EG-67, 63.925, 63.925, 43705.985
23-02-2021 02:00, EG-67, 63.861, 127.786, 43769.846
23-02-2021 04:00, EG-67, 63.804, 191.59, 43833.65
23-02-2021 06:00, EG-67, 63.745, 255.335, 43897.395
23-02-2021 08:00, EG-67, 63.69, 319.025, 43961.085
23-02-2021 10:00, EG-67, 63.651, 382.676, 44024.736
23-02-2021 12:00, EG-67, 63.592, 446.268, 44088.328
23-02-2021 14:00, EG-67, 63.56, 509.828, 44151.888
23-02-2021 16:00, EG-67, 63.497, 573.325, 44215.385
23-02-2021 18:00, EG-67, 63.473, 636.798, 44278.858
23-02-2021 20:00, EG-67, 63.444, 700.242, 44342.302
23-02-2021 22:00, EG-67, 63.397, 763.639, 44405.699
23-02-2021 00:00, SK 40 LOT, 125.156, 125.156, 1307495.926
23-02-2021 01:00, SK 40 LOT, 125.169, 250.325, 1307621.095
23-02-2021 02:00, SK 40 LOT, 125.182, 375.507, 1307746.277
23-02-2021 03:00, SK 40 LOT, 125.174, 500.681, 1307871.451
23-02-2021 04:00, SK 40 LOT, 125.219, 625.9, 1307996.67
23-02-2021 05:00, SK 40 LOT, 125.19, 751.09, 1308121.86
23-02-2021 06:00, SK 40 LOT, 125.245, 876.335, 1308247.105
23-02-2021 07:00, SK 40 LOT, 125.225, 1001.56, 1308372.33
23-02-2021 08:00, SK 40 LOT, 125.243, 1126.803, 1308497.573
23-02-2021 09:00, SK 40 LOT, 125.219, 1252.022, 1308622.792
23-02-2021 10:00, SK 40 LOT, 125.226, 1377.248, 1308748.018
23-02-2021 11:00, SK 40 LOT, 125.225, 1502.473, 1308873.243
23-02-2021 12:00, SK 40 LOT, 125.255, 1627.728, 1308998.498
23-02-2021 13:00, SK 40 LOT, 125.257, 1752.985, 1309123.755
23-02-2021 14:00, SK 40 LOT, 125.241, 1878.226, 1309248.996
23-02-2021 15:00, SK 40 LOT, 125.268, 2003.494, 1309374.264
23-02-2021 16:00, SK 40 LOT, 125.289, 2128.783, 1309499.553
23-02-2021 17:00, SK 40 LOT, 125.275, 2254.058, 1309624.828
23-02-2021 18:00, SK 40 LOT, 125.318, 2379.376, 1309750.146
23-02-2021 19:00, SK 40 LOT, 125.358, 2504.734, 1309875.504
23-02-2021 20:00, SK 40 LOT, 125.287, 2630.021, 1310000.791
23-02-2021 21:00, SK 40 LOT, 125.336, 2755.357, 1310126.127
23-02-2021 22:00, SK 40 LOT, 125.344, 2880.701, 1310251.471
23-02-2021 23:00, SK 40 LOT, 125.376, 3006.077, 1310376.847
23-02-2021 00:00, EG-68, 37.596, 37.596, 17247.26
23-02-2021 02:00, EG-68, 37.548, 75.144, 17284.808
23-02-2021 04:00, EG-68, 37.56, 112.704, 17322.368
23-02-2021 06:00, EG-68, 37.539, 150.243, 17359.907
23-02-2021 08:00, EG-68, 37.558, 187.801, 17397.465
23-02-2021 10:00, EG-68, 37.559, 225.36, 17435.024
23-02-2021 12:00, EG-68, 37.539, 262.899, 17472.563
23-02-2021 14:00, EG-68, 37.525, 300.424, 17510.088
23-02-2021 16:00, EG-68, 37.54, 337.964, 17547.628
23-02-2021 18:00, EG-68, 37.551, 375.515, 17585.179
23-02-2021 20:00, EG-68, 37.57, 413.085, 17622.749
23-02-2021 22:00, EG-68, 37.574, 450.659, 17660.323
23-02-2021 00:00, SK 39 LOT, 132.286, 132.286, 68564.1409999999
23-02-2021 01:00, SK 39 LOT, 132.42, 264.706, 68696.5609999999
23-02-2021 02:00, SK 39 LOT, 132.856, 397.562, 68829.4169999999
23-02-2021 03:00, SK 39 LOT, 133.121, 530.683, 68962.5379999999
23-02-2021 04:00, SK 39 LOT, 133.253, 663.936, 69095.7909999999
23-02-2021 05:00, SK 39 LOT, 133.205, 797.141, 69228.9959999999
23-02-2021 06:00, SK 39 LOT, 133.813, 930.954, 69362.8089999999
23-02-2021 07:00, SK 39 LOT, 134.375, 1065.329, 69497.1839999999
23-02-2021 08:00, SK 39 LOT, 133.719, 1199.048, 69630.9029999999
23-02-2021 09:00, SK 39 LOT, 133.453, 1332.501, 69764.3559999999
23-02-2021 10:00, SK 39 LOT, 134.06, 1466.561, 69898.4159999999
23-02-2021 11:00, SK 39 LOT, 134.321, 1600.882, 70032.7369999999
23-02-2021 12:00, SK 39 LOT, 134.753, 1735.635, 70167.4899999999
23-02-2021 13:00, SK 39 LOT, 134.627, 1870.262, 70302.1169999999
23-02-2021 14:00, SK 39 LOT, 134.674, 2004.936, 70436.7909999999
23-02-2021 15:00, SK 39 LOT, 134.457, 2139.393, 70571.2479999999
23-02-2021 16:00, SK 39 LOT, 134.72, 2274.113, 70705.9679999999
23-02-2021 17:00, SK 39 LOT, 135.287, 2409.4, 70841.2549999999
23-02-2021 18:00, SK 39 LOT, 135.677, 2545.077, 70976.9319999999
23-02-2021 19:00, SK 39 LOT, 136.545, 2681.622, 71113.4769999999
23-02-2021 20:00, SK 39 LOT, 136.108, 2817.73, 71249.5849999998
23-02-2021 21:00, SK 39 LOT, 136.89, 2954.62, 71386.4749999998
23-02-2021 22:00, SK 39 LOT, 137.679, 3092.299, 71524.1539999998
23-02-2021 23:00, SK 39 LOT, 137.678, 3229.977, 71661.8319999998
23-02-2021 00:00, SK 38 LOT, 81.12, 81.12, 48091.916
23-02-2021 01:00, SK 38 LOT, 81.155, 162.275, 48173.071
23-02-2021 02:00, SK 38 LOT, 81.056, 243.331, 48254.127
23-02-2021 03:00, SK 38 LOT, 81.163, 324.494, 48335.29
23-02-2021 04:00, SK 38 LOT, 81.221, 405.715, 48416.511
23-02-2021 05:00, SK 38 LOT, 81.179, 486.894, 48497.69
23-02-2021 06:00, SK 38 LOT, 81.322, 568.216, 48579.012
23-02-2021 07:00, SK 38 LOT, 81.439, 649.655, 48660.451
23-02-2021 08:00, SK 38 LOT, 81.029, 730.684, 48741.48
23-02-2021 09:00, SK 38 LOT, 80.994, 811.678, 48822.474
23-02-2021 10:00, SK 38 LOT, 81.145, 892.823, 48903.619
23-02-2021 11:00, SK 38 LOT, 81.064, 973.887, 48984.683
23-02-2021 12:00, SK 38 LOT, 81.231, 1055.118, 49065.914
23-02-2021 13:00, SK 38 LOT, 81.071, 1136.189, 49146.985
23-02-2021 14:00, SK 38 LOT, 81.301, 1217.49, 49228.286
23-02-2021 15:00, SK 38 LOT, 81.215, 1298.705, 49309.501
23-02-2021 16:00, SK 38 LOT, 81.246, 1379.951, 49390.747
23-02-2021 17:00, SK 38 LOT, 81.402, 1461.353, 49472.149
23-02-2021 18:00, SK 38 LOT, 81.423, 1542.776, 49553.572
23-02-2021 19:00, SK 38 LOT, 81.502, 1624.278, 49635.074
23-02-2021 20:00, SK 38 LOT, 81.202, 1705.48, 49716.276
23-02-2021 21:00, SK 38 LOT, 81.607, 1787.087, 49797.883
23-02-2021 22:00, SK 38 LOT, 81.746, 1868.833, 49879.629
23-02-2021 23:00, SK 38 LOT, 81.508, 1950.341, 49961.137
