DATE STAMP, SENSOR NAME, DEBIT l/30min, TOTAL LITERS FOR THE DAY,TOTAL LITERS FROM THE START
22-02-2021 00:00, NC64 Kolichestvo [liters/30min], 3140, 3140, 190647520
22-02-2021 00:30, NC64 Kolichestvo [liters/30min], 3150, 6290, 190650670
22-02-2021 01:00, NC64 Kolichestvo [liters/30min], 3150, 9440, 190653820
22-02-2021 01:30, NC64 Kolichestvo [liters/30min], 3150, 12590, 190656970
22-02-2021 02:00, NC64 Kolichestvo [liters/30min], 3150, 15740, 190660120
22-02-2021 02:30, NC64 Kolichestvo [liters/30min], 3150, 18890, 190663270
22-02-2021 03:00, NC64 Kolichestvo [liters/30min], 3140, 22030, 190666410
22-02-2021 03:30, NC64 Kolichestvo [liters/30min], 3140, 25170, 190669550
22-02-2021 04:00, NC64 Kolichestvo [liters/30min], 3130, 28300, 190672680
22-02-2021 04:30, NC64 Kolichestvo [liters/30min], 3120, 31420, 190675800
22-02-2021 05:00, NC64 Kolichestvo [liters/30min], 3110, 34530, 190678910
22-02-2021 05:30, NC64 Kolichestvo [liters/30min], 3120, 37650, 190682030
22-02-2021 06:00, NC64 Kolichestvo [liters/30min], 3120, 40770, 190685150
22-02-2021 06:30, NC64 Kolichestvo [liters/30min], 3110, 43880, 190688260
22-02-2021 07:00, NC64 Kolichestvo [liters/30min], 3120, 47000, 190691380
22-02-2021 07:30, NC64 Kolichestvo [liters/30min], 3120, 50120, 190694500
22-02-2021 08:00, NC64 Kolichestvo [liters/30min], 3120, 53240, 190697620
22-02-2021 08:30, NC64 Kolichestvo [liters/30min], 3080, 56320, 190700700
22-02-2021 09:00, NC64 Kolichestvo [liters/30min], 3080, 59400, 190703780
22-02-2021 09:30, NC64 Kolichestvo [liters/30min], 3130, 62530, 190706910
22-02-2021 10:00, NC64 Kolichestvo [liters/30min], 3110, 65640, 190710020
22-02-2021 10:30, NC64 Kolichestvo [liters/30min], 3110, 68750, 190713130
22-02-2021 11:00, NC64 Kolichestvo [liters/30min], 3140, 71890, 190716270
22-02-2021 11:30, NC64 Kolichestvo [liters/30min], 3140, 75030, 190719410
22-02-2021 12:00, NC64 Kolichestvo [liters/30min], 3170, 78200, 190722580
22-02-2021 12:30, NC64 Kolichestvo [liters/30min], 3200, 81400, 190725780
22-02-2021 13:00, NC64 Kolichestvo [liters/30min], 3190, 84590, 190728970
22-02-2021 13:30, NC64 Kolichestvo [liters/30min], 3190, 87780, 190732160
22-02-2021 14:00, NC64 Kolichestvo [liters/30min], 3190, 90970, 190735350
22-02-2021 14:30, NC64 Kolichestvo [liters/30min], 20, 90990, 190735370
22-02-2021 16:00, NC64 Kolichestvo [liters/30min], 1300, 92290, 190736670
22-02-2021 16:30, NC64 Kolichestvo [liters/30min], 3200, 95490, 190739870
22-02-2021 17:00, NC64 Kolichestvo [liters/30min], 3200, 98690, 190743070
22-02-2021 17:30, NC64 Kolichestvo [liters/30min], 3200, 101890, 190746270
22-02-2021 18:00, NC64 Kolichestvo [liters/30min], 3180, 105070, 190749450
22-02-2021 18:30, NC64 Kolichestvo [liters/30min], 3200, 108270, 190752650
22-02-2021 19:00, NC64 Kolichestvo [liters/30min], 3170, 111440, 190755820
22-02-2021 19:30, NC64 Kolichestvo [liters/30min], 3160, 114600, 190758980
22-02-2021 20:00, NC64 Kolichestvo [liters/30min], 3160, 117760, 190762140
22-02-2021 20:30, NC64 Kolichestvo [liters/30min], 3170, 120930, 190765310
22-02-2021 21:00, NC64 Kolichestvo [liters/30min], 3170, 124100, 190768480
22-02-2021 21:30, NC64 Kolichestvo [liters/30min], 3170, 127270, 190771650
22-02-2021 22:00, NC64 Kolichestvo [liters/30min], 3170, 130440, 190774820
22-02-2021 22:30, NC64 Kolichestvo [liters/30min], 3160, 133600, 190777980
22-02-2021 23:00, NC64 Kolichestvo [liters/30min], 3160, 136760, 190781140
22-02-2021 00:00, NC65 Kolichestvo [liters/30min], 790, 790, 73971680
22-02-2021 00:30, NC65 Kolichestvo [liters/30min], 790, 1580, 73972470
22-02-2021 01:00, NC65 Kolichestvo [liters/30min], 790, 2370, 73973260
22-02-2021 01:30, NC65 Kolichestvo [liters/30min], 790, 3160, 73974050
22-02-2021 02:00, NC65 Kolichestvo [liters/30min], 790, 3950, 73974840
22-02-2021 02:30, NC65 Kolichestvo [liters/30min], 790, 4740, 73975630
22-02-2021 03:00, NC65 Kolichestvo [liters/30min], 790, 5530, 73976420
22-02-2021 03:30, NC65 Kolichestvo [liters/30min], 790, 6320, 73977210
22-02-2021 04:00, NC65 Kolichestvo [liters/30min], 800, 7120, 73978010
22-02-2021 04:30, NC65 Kolichestvo [liters/30min], 780, 7900, 73978790
22-02-2021 05:00, NC65 Kolichestvo [liters/30min], 790, 8690, 73979580
22-02-2021 05:30, NC65 Kolichestvo [liters/30min], 800, 9490, 73980380
22-02-2021 06:00, NC65 Kolichestvo [liters/30min], 780, 10270, 73981160
22-02-2021 06:30, NC65 Kolichestvo [liters/30min], 780, 11050, 73981940
22-02-2021 07:00, NC65 Kolichestvo [liters/30min], 800, 11850, 73982740
22-02-2021 07:30, NC65 Kolichestvo [liters/30min], 790, 12640, 73983530
22-02-2021 08:00, NC65 Kolichestvo [liters/30min], 790, 13430, 73984320
22-02-2021 08:30, NC65 Kolichestvo [liters/30min], 750, 14180, 73985070
22-02-2021 09:00, NC65 Kolichestvo [liters/30min], 740, 14920, 73985810
22-02-2021 09:30, NC65 Kolichestvo [liters/30min], 820, 15740, 73986630
22-02-2021 10:00, NC65 Kolichestvo [liters/30min], 780, 16520, 73987410
22-02-2021 10:30, NC65 Kolichestvo [liters/30min], 770, 17290, 73988180
22-02-2021 11:00, NC65 Kolichestvo [liters/30min], 780, 18070, 73988960
22-02-2021 11:30, NC65 Kolichestvo [liters/30min], 750, 18820, 73989710
22-02-2021 12:00, NC65 Kolichestvo [liters/30min], 740, 19560, 73990450
22-02-2021 12:30, NC65 Kolichestvo [liters/30min], 770, 20330, 73991220
22-02-2021 13:00, NC65 Kolichestvo [liters/30min], 770, 21100, 73991990
22-02-2021 13:30, NC65 Kolichestvo [liters/30min], 790, 21890, 73992780
22-02-2021 14:00, NC65 Kolichestvo [liters/30min], 780, 22670, 73993560
22-02-2021 14:30, NC65 Kolichestvo [liters/30min], 790, 23460, 73994350
22-02-2021 15:00, NC65 Kolichestvo [liters/30min], 790, 24250, 73995140
22-02-2021 15:30, NC65 Kolichestvo [liters/30min], 780, 25030, 73995920
22-02-2021 16:00, NC65 Kolichestvo [liters/30min], 760, 25790, 73996680
22-02-2021 16:30, NC65 Kolichestvo [liters/30min], 770, 26560, 73997450
22-02-2021 17:00, NC65 Kolichestvo [liters/30min], 770, 27330, 73998220
22-02-2021 17:30, NC65 Kolichestvo [liters/30min], 790, 28120, 73999010
22-02-2021 18:00, NC65 Kolichestvo [liters/30min], 780, 28900, 73999790
22-02-2021 18:30, NC65 Kolichestvo [liters/30min], 790, 29690, 74000580
22-02-2021 19:00, NC65 Kolichestvo [liters/30min], 770, 30460, 74001350
22-02-2021 19:30, NC65 Kolichestvo [liters/30min], 760, 31220, 74002110
22-02-2021 20:00, NC65 Kolichestvo [liters/30min], 730, 31950, 74002840
22-02-2021 20:30, NC65 Kolichestvo [liters/30min], 720, 32670, 74003560
22-02-2021 21:00, NC65 Kolichestvo [liters/30min], 730, 33400, 74004290
22-02-2021 21:30, NC65 Kolichestvo [liters/30min], 730, 34130, 74005020
22-02-2021 22:00, NC65 Kolichestvo [liters/30min], 750, 34880, 74005770
22-02-2021 22:30, NC65 Kolichestvo [liters/30min], 740, 35620, 74006510
22-02-2021 23:00, NC65 Kolichestvo [liters/30min], 760, 36380, 74007270
22-02-2021 00:00, SK16 Kolichestvo [liters/30min], 2296.629, 2296.629, 168674442.554214
22-02-2021 00:30, SK16 Kolichestvo [liters/30min], 71.45938, 2368.08838, 168674514.013594
22-02-2021 01:00, SK16 Kolichestvo [liters/30min], 79.56157, 2447.64995, 168674593.575164
22-02-2021 01:30, SK16 Kolichestvo [liters/30min], 99.15884, 2546.80879, 168674692.734004
22-02-2021 02:00, SK16 Kolichestvo [liters/30min], 73.22641, 2620.0352, 168674765.960414
22-02-2021 02:30, SK16 Kolichestvo [liters/30min], 74.52894, 2694.56414, 168674840.489354
22-02-2021 03:00, SK16 Kolichestvo [liters/30min], 65.55675, 2760.12089, 168674906.046104
22-02-2021 03:30, SK16 Kolichestvo [liters/30min], 79.46083, 2839.58172, 168674985.506934
22-02-2021 04:00, SK16 Kolichestvo [liters/30min], 73.15612, 2912.73784, 168675058.663054
22-02-2021 04:30, SK16 Kolichestvo [liters/30min], 91.48753, 3004.22537, 168675150.150584
22-02-2021 05:00, SK16 Kolichestvo [liters/30min], 72.24561, 3076.47098, 168675222.396194
22-02-2021 05:30, SK16 Kolichestvo [liters/30min], 84.97741, 3161.44839, 168675307.373604
22-02-2021 06:00, SK16 Kolichestvo [liters/30min], 90.83011, 3252.2785, 168675398.203714
22-02-2021 06:30, SK16 Kolichestvo [liters/30min], 90.35594, 3342.63444, 168675488.559654
22-02-2021 07:00, SK16 Kolichestvo [liters/30min], 83.6458, 3426.28024, 168675572.205454
22-02-2021 07:30, SK16 Kolichestvo [liters/30min], 86.84566, 3513.1259, 168675659.051114
22-02-2021 08:00, SK16 Kolichestvo [liters/30min], 90.6319, 3603.7578, 168675749.683014
22-02-2021 08:30, SK16 Kolichestvo [liters/30min], 89.42318, 3693.18098, 168675839.106194
22-02-2021 09:00, SK16 Kolichestvo [liters/30min], 365.2689, 4058.44988, 168676204.375094
22-02-2021 09:30, SK16 Kolichestvo [liters/30min], 131.124, 4189.57388, 168676335.499094
22-02-2021 10:00, SK16 Kolichestvo [liters/30min], 85.26852, 4274.8424, 168676420.767614
22-02-2021 10:30, SK16 Kolichestvo [liters/30min], 67.78297, 4342.62537, 168676488.550584
22-02-2021 11:00, SK16 Kolichestvo [liters/30min], 68.46506, 4411.09043, 168676557.015644
22-02-2021 11:30, SK16 Kolichestvo [liters/30min], 62.62994, 4473.72037, 168676619.645584
22-02-2021 12:00, SK16 Kolichestvo [liters/30min], 71.36448, 4545.08485, 168676691.010064
22-02-2021 12:30, SK16 Kolichestvo [liters/30min], 58.04839, 4603.13324, 168676749.058454
22-02-2021 13:00, SK16 Kolichestvo [liters/30min], 81.98655, 4685.11979, 168676831.045004
22-02-2021 13:30, SK16 Kolichestvo [liters/30min], 87.73318, 4772.85297, 168676918.778184
22-02-2021 14:00, SK16 Kolichestvo [liters/30min], 808.8605, 5581.71347, 168677727.638684
22-02-2021 14:30, SK16 Kolichestvo [liters/30min], 1349.042, 6930.75547, 168679076.680684
22-02-2021 15:00, SK16 Kolichestvo [liters/30min], 1320.479, 8251.23447, 168680397.159684
22-02-2021 15:30, SK16 Kolichestvo [liters/30min], 1914.077, 10165.31147, 168682311.236684
22-02-2021 16:00, SK16 Kolichestvo [liters/30min], 2823.667, 12988.97847, 168685134.903684
22-02-2021 16:30, SK16 Kolichestvo [liters/30min], 2818.45, 15807.42847, 168687953.353684
22-02-2021 17:00, SK16 Kolichestvo [liters/30min], 2827.054, 18634.48247, 168690780.407684
22-02-2021 17:30, SK16 Kolichestvo [liters/30min], 2829.086, 21463.56847, 168693609.493684
22-02-2021 18:00, SK16 Kolichestvo [liters/30min], 2825.593, 24289.16147, 168696435.086684
22-02-2021 18:30, SK16 Kolichestvo [liters/30min], 2822.68, 27111.84147, 168699257.766684
22-02-2021 19:00, SK16 Kolichestvo [liters/30min], 2814.414, 29926.25547, 168702072.180684
22-02-2021 19:30, SK16 Kolichestvo [liters/30min], 2802.25, 32728.50547, 168704874.430684
22-02-2021 20:00, SK16 Kolichestvo [liters/30min], 2806.033, 35534.53847, 168707680.463684
22-02-2021 20:30, SK16 Kolichestvo [liters/30min], 2812.341, 38346.87947, 168710492.804684
22-02-2021 21:00, SK16 Kolichestvo [liters/30min], 2808.35, 41155.22947, 168713301.154684
22-02-2021 21:30, SK16 Kolichestvo [liters/30min], 2802.204, 43957.43347, 168716103.358684
22-02-2021 22:00, SK16 Kolichestvo [liters/30min], 2816.944, 46774.37747, 168718920.302684
22-02-2021 22:30, SK16 Kolichestvo [liters/30min], 2804.034, 49578.41147, 168721724.336684
22-02-2021 23:00, SK16 Kolichestvo [liters/30min], 2817.683, 52396.09447, 168724542.019684
22-02-2021 08:30, SK22 Kolichestvo [liters/30min], 2302.01, 2302.01, 282120609.63616
22-02-2021 09:00, SK22 Kolichestvo [liters/30min], 2286.203, 4588.213, 282122895.83916
22-02-2021 09:30, SK22 Kolichestvo [liters/30min], 2259.625, 6847.838, 282125155.46416
22-02-2021 10:00, SK22 Kolichestvo [liters/30min], 2257.618, 9105.456, 282127413.08216
22-02-2021 10:30, SK22 Kolichestvo [liters/30min], 2278.974, 11384.43, 282129692.05616
22-02-2021 11:00, SK22 Kolichestvo [liters/30min], 2268.791, 13653.221, 282131960.84716
22-02-2021 11:30, SK22 Kolichestvo [liters/30min], 2250.499, 15903.72, 282134211.34616
22-02-2021 12:00, SK22 Kolichestvo [liters/30min], 2279.858, 18183.578, 282136491.20416
22-02-2021 12:30, SK22 Kolichestvo [liters/30min], 2239.483, 20423.061, 282138730.68716
22-02-2021 13:00, SK22 Kolichestvo [liters/30min], 2309.231, 22732.292, 282141039.91816
22-02-2021 13:30, SK22 Kolichestvo [liters/30min], 2272.604, 25004.896, 282143312.52216
22-02-2021 14:00, SK22 Kolichestvo [liters/30min], 2269.83, 27274.726, 282145582.35216
22-02-2021 14:30, SK22 Kolichestvo [liters/30min], 2273.307, 29548.033, 282147855.65916
22-02-2021 15:00, SK22 Kolichestvo [liters/30min], 2257.582, 31805.615, 282150113.24116
22-02-2021 15:30, SK22 Kolichestvo [liters/30min], 2262.341, 34067.956, 282152375.58216
22-02-2021 16:00, SK22 Kolichestvo [liters/30min], 2275.559, 36343.515, 282154651.14116
22-02-2021 16:30, SK22 Kolichestvo [liters/30min], 2277.58, 38621.095, 282156928.72116
22-02-2021 17:00, SK22 Kolichestvo [liters/30min], 2260.324, 40881.419, 282159189.04516
22-02-2021 17:30, SK22 Kolichestvo [liters/30min], 2272.416, 43153.835, 282161461.46116
22-02-2021 18:00, SK22 Kolichestvo [liters/30min], 2292.533, 45446.368, 282163753.99416
22-02-2021 18:30, SK22 Kolichestvo [liters/30min], 2288.839, 47735.207, 282166042.83316
22-02-2021 19:00, SK22 Kolichestvo [liters/30min], 2262.436, 49997.643, 282168305.26916
22-02-2021 19:30, SK22 Kolichestvo [liters/30min], 2269.678, 52267.321, 282170574.94716
22-02-2021 20:00, SK22 Kolichestvo [liters/30min], 2282.755, 54550.076, 282172857.70216
22-02-2021 20:30, SK22 Kolichestvo [liters/30min], 2262.073, 56812.149, 282175119.77516
22-02-2021 21:00, SK22 Kolichestvo [liters/30min], 2284.74, 59096.889, 282177404.51516
22-02-2021 21:30, SK22 Kolichestvo [liters/30min], 2265.397, 61362.286, 282179669.91216
22-02-2021 22:00, SK22 Kolichestvo [liters/30min], 2276.428, 63638.714, 282181946.34016
22-02-2021 22:30, SK22 Kolichestvo [liters/30min], 2287.941, 65926.655, 282184234.28116
22-02-2021 23:00, SK22 Kolichestvo [liters/30min], 2290.306, 68216.961, 282186524.58716
22-02-2021 00:00, EG53 LOT, 54.49515, 54.49515, 987424.662765002
22-02-2021 01:00, EG53 LOT, 54.48911, 108.98426, 987479.151875002
22-02-2021 02:00, EG53 LOT, 54.48278, 163.46704, 987533.634655002
22-02-2021 03:00, EG53 LOT, 54.47617, 217.94321, 987588.110825002
22-02-2021 04:00, EG53 LOT, 54.46681, 272.41002, 987642.577635002
22-02-2021 05:00, EG53 LOT, 54.46323, 326.87325, 987697.040865002
22-02-2021 06:00, EG53 LOT, 54.46422, 381.33747, 987751.505085002
22-02-2021 07:00, EG53 LOT, 54.45817, 435.79564, 987805.963255002
22-02-2021 08:00, EG53 LOT, 54.45859, 490.25423, 987860.421845002
22-02-2021 09:00, EG53 LOT, 54.45901, 544.71324, 987914.880855002
22-02-2021 10:00, EG53 LOT, 54.45619, 599.16943, 987969.337045002
22-02-2021 11:00, EG53 LOT, 54.45261, 653.62204, 988023.789655002
22-02-2021 12:00, EG53 LOT, 54.44784, 708.06988, 988078.237495002
22-02-2021 13:00, EG53 LOT, 54.43419, 762.50407, 988132.671685002
22-02-2021 14:00, EG53 LOT, 54.43025, 816.93432, 988187.101935002
22-02-2021 15:00, EG53 LOT, 54.4273, 871.36162, 988241.529235002
22-02-2021 16:00, EG53 LOT, 54.42146, 925.78308, 988295.950695002
22-02-2021 17:00, EG53 LOT, 54.41901, 980.20209, 988350.369705002
22-02-2021 18:00, EG53 LOT, 54.42097, 1034.62306, 988404.790675002
22-02-2021 19:00, EG53 LOT, 54.42554, 1089.0486, 988459.216215002
22-02-2021 20:00, EG53 LOT, 54.42406, 1143.47266, 988513.640275002
22-02-2021 21:00, EG53 LOT, 54.42336, 1197.89602, 988568.063635002
22-02-2021 22:00, EG53 LOT, 54.42168, 1252.3177, 988622.485315002
22-02-2021 23:00, EG53 LOT, 54.41626, 1306.73396, 988676.901575002
22-02-2021 00:00, EG56 LOT, 40.29282, 40.29282, 541595.082328999
22-02-2021 01:00, EG56 LOT, 40.27701, 80.56983, 541635.359338999
22-02-2021 02:00, EG56 LOT, 40.26963, 120.83946, 541675.628968999
22-02-2021 03:00, EG56 LOT, 40.26765, 161.10711, 541715.896618999
22-02-2021 04:00, EG56 LOT, 40.2652, 201.37231, 541756.161818999
22-02-2021 05:00, EG56 LOT, 40.2654, 241.63771, 541796.427218999
22-02-2021 06:00, EG56 LOT, 40.2763, 281.91401, 541836.703519
22-02-2021 07:00, EG56 LOT, 40.28284, 322.19685, 541876.986359
22-02-2021 08:00, EG56 LOT, 40.29375, 362.4906, 541917.280108999
22-02-2021 09:00, EG56 LOT, 40.30218, 402.79278, 541957.582288999
22-02-2021 10:00, EG56 LOT, 40.30963, 443.10241, 541997.891918999
22-02-2021 11:00, EG56 LOT, 40.31721, 483.41962, 542038.209129
22-02-2021 12:00, EG56 LOT, 40.35961, 523.77923, 542078.568739
22-02-2021 13:00, EG56 LOT, 40.38956, 564.16879, 542118.958299
22-02-2021 14:00, EG56 LOT, 40.41924, 604.58803, 542159.377539
22-02-2021 15:00, EG56 LOT, 40.43436, 645.02239, 542199.811899
22-02-2021 16:00, EG56 LOT, 40.4463, 685.46869, 542240.258198999
22-02-2021 17:00, EG56 LOT, 40.44173, 725.91042, 542280.699928999
22-02-2021 18:00, EG56 LOT, 40.39484, 766.30526, 542321.094768999
22-02-2021 19:00, EG56 LOT, 40.38718, 806.69244, 542361.481948999
22-02-2021 20:00, EG56 LOT, 40.39182, 847.08426, 542401.873768999
22-02-2021 21:00, EG56 LOT, 40.39765, 887.48191, 542442.271418999
22-02-2021 22:00, EG56 LOT, 40.40314, 927.88505, 542482.674558999
22-02-2021 23:00, EG56 LOT, 40.39491, 968.27996, 542523.069468999
22-02-2021 08:30, SK22 LOT, 52.27551, 52.27551, 1745617.90116
22-02-2021 09:00, SK22 LOT, 52.31966, 104.59517, 1745670.22082
22-02-2021 09:30, SK22 LOT, 52.30321, 156.89838, 1745722.52403
22-02-2021 10:00, SK22 LOT, 52.25701, 209.15539, 1745774.78104
22-02-2021 10:30, SK22 LOT, 52.26608, 261.42147, 1745827.04712
22-02-2021 11:00, SK22 LOT, 52.23501, 313.65648, 1745879.28213
22-02-2021 11:30, SK22 LOT, 52.25214, 365.90862, 1745931.53427
22-02-2021 12:00, SK22 LOT, 52.2459, 418.15452, 1745983.78017
22-02-2021 12:30, SK22 LOT, 52.2224, 470.37692, 1746036.00257
22-02-2021 13:00, SK22 LOT, 52.25571, 522.63263, 1746088.25828
22-02-2021 13:30, SK22 LOT, 52.2486, 574.88123, 1746140.50688
22-02-2021 14:00, SK22 LOT, 52.22157, 627.1028, 1746192.72845
22-02-2021 14:30, SK22 LOT, 52.25407, 679.35687, 1746244.98252
22-02-2021 15:00, SK22 LOT, 52.2206, 731.57747, 1746297.20312
22-02-2021 15:30, SK22 LOT, 52.24716, 783.82463, 1746349.45028
22-02-2021 16:00, SK22 LOT, 52.2248, 836.04943, 1746401.67508
22-02-2021 16:30, SK22 LOT, 52.27569, 888.32512, 1746453.95077
22-02-2021 17:00, SK22 LOT, 52.23118, 940.5563, 1746506.18195
22-02-2021 17:30, SK22 LOT, 52.23952, 992.79582, 1746558.42147
22-02-2021 18:00, SK22 LOT, 52.24805, 1045.04387, 1746610.66952
22-02-2021 18:30, SK22 LOT, 52.2238, 1097.26767, 1746662.89332
22-02-2021 19:00, SK22 LOT, 52.18827, 1149.45594, 1746715.08159
22-02-2021 19:30, SK22 LOT, 52.21286, 1201.6688, 1746767.29445
22-02-2021 20:00, SK22 LOT, 52.23537, 1253.90417, 1746819.52982
22-02-2021 20:30, SK22 LOT, 52.2543, 1306.15847, 1746871.78412
22-02-2021 21:00, SK22 LOT, 52.2272, 1358.38567, 1746924.01132
22-02-2021 21:30, SK22 LOT, 52.28242, 1410.66809, 1746976.29374
22-02-2021 22:00, SK22 LOT, 52.23297, 1462.90106, 1747028.52671
22-02-2021 22:30, SK22 LOT, 52.21694, 1515.118, 1747080.74365
22-02-2021 23:00, SK22 LOT, 52.2462, 1567.3642, 1747132.98985
22-02-2021 00:00, EG46, 92.42185, 92.42185, 1437730.70897
22-02-2021 01:00, EG46, 92.42017, 184.84202, 1437823.12914
22-02-2021 02:00, EG46, 92.40533, 277.24735, 1437915.53447
22-02-2021 03:00, EG46, 92.40533, 369.65268, 1438007.9398
22-02-2021 04:00, EG46, 92.41904, 462.07172, 1438100.35884
22-02-2021 05:00, EG46, 92.4111, 554.48282, 1438192.76994
22-02-2021 06:00, EG46, 92.42495, 646.90777, 1438285.19489
22-02-2021 07:00, EG46, 92.3924, 739.30017, 1438377.58729
22-02-2021 08:00, EG46, 92.28336, 831.58353, 1438469.87065
22-02-2021 09:00, EG46, 92.2207, 923.80423, 1438562.09135
22-02-2021 10:00, EG46, 92.18414, 1015.98837, 1438654.27549
22-02-2021 11:00, EG46, 92.15089, 1108.13926, 1438746.42638
22-02-2021 12:00, EG46, 92.1381, 1200.27736, 1438838.56448
22-02-2021 13:00, EG46, 92.13163, 1292.40899, 1438930.69611
22-02-2021 14:00, EG46, 92.15005, 1384.55904, 1439022.84616
22-02-2021 15:00, EG46, 92.14696, 1476.706, 1439114.99312
22-02-2021 16:00, EG46, 92.14991, 1568.85591, 1439207.14303
22-02-2021 17:00, EG46, 92.15244, 1661.00835, 1439299.29547
22-02-2021 18:00, EG46, 92.14906, 1753.15741, 1439391.44453
22-02-2021 19:00, EG46, 92.13232, 1845.28973, 1439483.57685
22-02-2021 20:00, EG46, 92.12706, 1937.41679, 1439575.70391
22-02-2021 21:00, EG46, 92.12009, 2029.53688, 1439667.824
22-02-2021 22:00, EG46, 92.11461, 2121.65149, 1439759.93861
22-02-2021 23:00, EG46, 92.04901, 2213.7005, 1439851.98762
22-02-2021 00:00, EG48, 89.77044, 89.77044, 1313263.58245
22-02-2021 01:00, EG48, 90.06129, 179.83173, 1313353.64374
22-02-2021 02:00, EG48, 90.23896, 270.07069, 1313443.8827
22-02-2021 03:00, EG48, 90.15009, 360.22078, 1313534.03279
22-02-2021 04:00, EG48, 90.07761, 450.29839, 1313624.1104
22-02-2021 05:00, EG48, 90.0324, 540.33079, 1313714.1428
22-02-2021 06:00, EG48, 89.99472, 630.32551, 1313804.13752
22-02-2021 07:00, EG48, 89.97306, 720.29857, 1313894.11058
22-02-2021 08:00, EG48, 89.95563, 810.2542, 1313984.06621
22-02-2021 09:00, EG48, 89.94473, 900.19893, 1314074.01094
22-02-2021 10:00, EG48, 89.93333, 990.13226, 1314163.94427
22-02-2021 11:00, EG48, 89.92736, 1080.05962, 1314253.87163
22-02-2021 12:00, EG48, 89.91962, 1169.97924, 1314343.79125
22-02-2021 13:00, EG48, 89.96554, 1259.94478, 1314433.75679
22-02-2021 14:00, EG48, 89.94585, 1349.89063, 1314523.70264
22-02-2021 15:00, EG48, 89.93924, 1439.82987, 1314613.64188
22-02-2021 16:00, EG48, 89.93166, 1529.76153, 1314703.57354
22-02-2021 17:00, EG48, 89.92082, 1619.68235, 1314793.49436001
22-02-2021 18:00, EG48, 89.91401, 1709.59636, 1314883.40837
22-02-2021 19:00, EG48, 89.90775, 1799.50411, 1314973.31612
22-02-2021 20:00, EG48, 89.90648, 1889.41059, 1315063.2226
22-02-2021 21:00, EG48, 89.89889, 1979.30948, 1315153.12149
22-02-2021 22:00, EG48, 89.89755, 2069.20703, 1315243.01904001
22-02-2021 23:00, EG48, 89.89629, 2159.10332, 1315332.91533001
22-02-2021 00:00, EG49, 65.10617, 65.10617, 1224530.33031
22-02-2021 01:00, EG49, 65.1062, 130.21237, 1224595.43651
22-02-2021 02:00, EG49, 65.10724, 195.31961, 1224660.54375
22-02-2021 03:00, EG49, 65.10746, 260.42707, 1224725.65121
22-02-2021 04:00, EG49, 65.1124, 325.53947, 1224790.76361
22-02-2021 05:00, EG49, 65.11604, 390.65551, 1224855.87965
22-02-2021 06:00, EG49, 65.11997, 455.77548, 1224920.99962
22-02-2021 07:00, EG49, 65.12067, 520.89615, 1224986.12029
22-02-2021 08:00, EG49, 65.10817, 586.00432, 1225051.22846
22-02-2021 09:00, EG49, 65.09774, 651.10206, 1225116.3262
22-02-2021 10:00, EG49, 65.09641, 716.19847, 1225181.42261
22-02-2021 11:00, EG49, 65.08865, 781.28712, 1225246.51126
22-02-2021 12:00, EG49, 65.07907, 846.36619, 1225311.59033
22-02-2021 13:00, EG49, 65.08192, 911.44811, 1225376.67225
22-02-2021 14:00, EG49, 65.10357, 976.55168, 1225441.77582
22-02-2021 15:00, EG49, 65.11283, 1041.66451, 1225506.88865
22-02-2021 16:00, EG49, 65.1156, 1106.78011, 1225572.00425
22-02-2021 17:00, EG49, 65.11568, 1171.89579, 1225637.11993
22-02-2021 18:00, EG49, 65.11122, 1237.00701, 1225702.23115
22-02-2021 19:00, EG49, 65.11124, 1302.11825, 1225767.34239
22-02-2021 20:00, EG49, 65.10295, 1367.2212, 1225832.44534
22-02-2021 21:00, EG49, 65.09287, 1432.31407, 1225897.53821
22-02-2021 22:00, EG49, 65.0932, 1497.40727, 1225962.63141
22-02-2021 23:00, EG49, 65.09054, 1562.49781, 1226027.72195
22-02-2021 00:00, EG59, 132.5633, 132.5633, 1939082.5267
22-02-2021 01:00, EG59, 132.5662, 265.1295, 1939215.0929
22-02-2021 02:00, EG59, 132.5666, 397.6961, 1939347.6595
22-02-2021 03:00, EG59, 132.5658, 530.2619, 1939480.2253
22-02-2021 04:00, EG59, 132.5674, 662.8293, 1939612.7927
22-02-2021 05:00, EG59, 132.5638, 795.3931, 1939745.3565
22-02-2021 06:00, EG59, 132.5636, 927.9567, 1939877.9201
22-02-2021 07:00, EG59, 132.5627, 1060.5194, 1940010.4828
22-02-2021 08:00, EG59, 132.5598, 1193.0792, 1940143.0426
22-02-2021 09:00, EG59, 132.5585, 1325.6377, 1940275.6011
22-02-2021 10:00, EG59, 132.5593, 1458.197, 1940408.1604
22-02-2021 11:00, EG59, 132.5598, 1590.7568, 1940540.7202
22-02-2021 12:00, EG59, 132.5612, 1723.318, 1940673.2814
22-02-2021 13:00, EG59, 132.5635, 1855.8815, 1940805.8449
22-02-2021 14:00, EG59, 132.5646, 1988.4461, 1940938.4095
22-02-2021 15:00, EG59, 132.5619, 2121.008, 1941070.9714
22-02-2021 16:00, EG59, 132.5584, 2253.5664, 1941203.5298
22-02-2021 17:00, EG59, 132.558, 2386.1244, 1941336.0878
22-02-2021 18:00, EG59, 132.5528, 2518.6772, 1941468.6406
22-02-2021 19:00, EG59, 132.5541, 2651.2313, 1941601.1947
22-02-2021 20:00, EG59, 132.5536, 2783.7849, 1941733.7483
22-02-2021 21:00, EG59, 132.556, 2916.3409, 1941866.3043
22-02-2021 22:00, EG59, 132.5631, 3048.904, 1941998.8674
22-02-2021 23:00, EG59, 132.57, 3181.474, 1942131.4374
22-02-2021 00:00, EG60, 65.87721, 65.87721, 5660993.99406002
22-02-2021 01:00, EG60, 65.87209, 131.7493, 5661059.86615002
22-02-2021 02:00, EG60, 65.86791, 197.61721, 5661125.73406002
22-02-2021 03:00, EG60, 65.86398, 263.48119, 5661191.59804002
22-02-2021 04:00, EG60, 65.85636, 329.33755, 5661257.45440002
22-02-2021 05:00, EG60, 65.85133, 395.18888, 5661323.30573002
22-02-2021 06:00, EG60, 65.84509, 461.03397, 5661389.15082002
22-02-2021 07:00, EG60, 65.8361, 526.87007, 5661454.98692002
22-02-2021 08:00, EG60, 65.82417, 592.69424, 5661520.81109002
22-02-2021 09:00, EG60, 65.81852, 658.51276, 5661586.62961002
22-02-2021 10:00, EG60, 65.80882, 724.32158, 5661652.43843002
22-02-2021 11:00, EG60, 65.80221, 790.12379, 5661718.24064002
22-02-2021 12:00, EG60, 65.79377, 855.91756, 5661784.03441002
22-02-2021 13:00, EG60, 65.79048, 921.70804, 5661849.82489002
22-02-2021 14:00, EG60, 65.78642, 987.49446, 5661915.61131002
22-02-2021 15:00, EG60, 65.77898, 1053.27344, 5661981.39029002
22-02-2021 16:00, EG60, 65.76965, 1119.04309, 5662047.15994002
22-02-2021 17:00, EG60, 65.7647, 1184.80779, 5662112.92464002
22-02-2021 18:00, EG60, 65.75399, 1250.56178, 5662178.67863002
22-02-2021 19:00, EG60, 65.74306, 1316.30484, 5662244.42169002
22-02-2021 20:00, EG60, 65.73386, 1382.0387, 5662310.15555002
22-02-2021 21:00, EG60, 65.72598, 1447.76468, 5662375.88153002
22-02-2021 22:00, EG60, 65.71781, 1513.48249, 5662441.59934002
22-02-2021 23:00, EG60, 65.71405, 1579.19654, 5662507.31339002
22-02-2021 08:30, NC83 Kolichestvo [liters/30min], 0.02703667, 0.02703667, 433596.085967022
22-02-2021 09:00, NC83 Kolichestvo [liters/30min], 0, 0.02703667, 433596.085967022
22-02-2021 09:30, NC83 Kolichestvo [liters/30min], 0, 0.02703667, 433596.085967022
22-02-2021 10:00, NC83 Kolichestvo [liters/30min], 0, 0.02703667, 433596.085967022
22-02-2021 10:30, NC83 Kolichestvo [liters/30min], 0, 0.02703667, 433596.085967022
22-02-2021 11:00, NC83 Kolichestvo [liters/30min], 0, 0.02703667, 433596.085967022
22-02-2021 11:30, NC83 Kolichestvo [liters/30min], 0, 0.02703667, 433596.085967022
22-02-2021 12:00, NC83 Kolichestvo [liters/30min], 0, 0.02703667, 433596.085967022
22-02-2021 12:30, NC83 Kolichestvo [liters/30min], 0, 0.02703667, 433596.085967022
22-02-2021 13:00, NC83 Kolichestvo [liters/30min], 0, 0.02703667, 433596.085967022
22-02-2021 13:30, NC83 Kolichestvo [liters/30min], 0, 0.02703667, 433596.085967022
22-02-2021 14:00, NC83 Kolichestvo [liters/30min], 0, 0.02703667, 433596.085967022
22-02-2021 14:30, NC83 Kolichestvo [liters/30min], 0, 0.02703667, 433596.085967022
22-02-2021 15:00, NC83 Kolichestvo [liters/30min], 0.005149841, 0.032186511, 433596.091116863
22-02-2021 15:30, NC83 Kolichestvo [liters/30min], 0, 0.032186511, 433596.091116863
22-02-2021 16:00, NC83 Kolichestvo [liters/30min], 0, 0.032186511, 433596.091116863
22-02-2021 16:30, NC83 Kolichestvo [liters/30min], 0, 0.032186511, 433596.091116863
22-02-2021 17:00, NC83 Kolichestvo [liters/30min], 0, 0.032186511, 433596.091116863
22-02-2021 17:30, NC83 Kolichestvo [liters/30min], 0, 0.032186511, 433596.091116863
22-02-2021 18:00, NC83 Kolichestvo [liters/30min], 0, 0.032186511, 433596.091116863
22-02-2021 18:30, NC83 Kolichestvo [liters/30min], 0, 0.032186511, 433596.091116863
22-02-2021 19:00, NC83 Kolichestvo [liters/30min], 0, 0.032186511, 433596.091116863
22-02-2021 19:30, NC83 Kolichestvo [liters/30min], 0, 0.032186511, 433596.091116863
22-02-2021 20:00, NC83 Kolichestvo [liters/30min], 0, 0.032186511, 433596.091116863
22-02-2021 20:30, NC83 Kolichestvo [liters/30min], 0, 0.032186511, 433596.091116863
22-02-2021 21:00, NC83 Kolichestvo [liters/30min], 0, 0.032186511, 433596.091116863
22-02-2021 21:30, NC83 Kolichestvo [liters/30min], 0, 0.032186511, 433596.091116863
22-02-2021 22:00, NC83 Kolichestvo [liters/30min], 0, 0.032186511, 433596.091116863
22-02-2021 22:30, NC83 Kolichestvo [liters/30min], 0, 0.032186511, 433596.091116863
22-02-2021 23:00, NC83 Kolichestvo [liters/30min], 0, 0.032186511, 433596.091116863
22-02-2021 08:30, NC84 Kolichestvo [liters/30min], 22.22972, 22.22972, 249313.824152958
22-02-2021 09:00, NC84 Kolichestvo [liters/30min], 23.91028, 46.14, 249337.734432958
22-02-2021 09:30, NC84 Kolichestvo [liters/30min], 23.68927, 69.82927, 249361.423702958
22-02-2021 10:00, NC84 Kolichestvo [liters/30min], 23.37427, 93.20354, 249384.797972958
22-02-2021 10:30, NC84 Kolichestvo [liters/30min], 22.28422, 115.48776, 249407.082192958
22-02-2021 11:00, NC84 Kolichestvo [liters/30min], 21.53835, 137.02611, 249428.620542958
22-02-2021 11:30, NC84 Kolichestvo [liters/30min], 22.04175, 159.06786, 249450.662292958
22-02-2021 12:00, NC84 Kolichestvo [liters/30min], 22.89233, 181.96019, 249473.554622958
22-02-2021 12:30, NC84 Kolichestvo [liters/30min], 20.98432, 202.94451, 249494.538942958
22-02-2021 13:00, NC84 Kolichestvo [liters/30min], 18.77847, 221.72298, 249513.317412958
22-02-2021 13:30, NC84 Kolichestvo [liters/30min], 18.11242, 239.8354, 249531.429832958
22-02-2021 14:00, NC84 Kolichestvo [liters/30min], 17.98196, 257.81736, 249549.411792958
22-02-2021 14:30, NC84 Kolichestvo [liters/30min], 0, 257.81736, 249549.411792958
22-02-2021 15:00, NC84 Kolichestvo [liters/30min], 0, 257.81736, 249549.411792958
22-02-2021 15:30, NC84 Kolichestvo [liters/30min], 26.47748, 284.29484, 249575.889272958
22-02-2021 16:00, NC84 Kolichestvo [liters/30min], 35.81715, 320.11199, 249611.706422958
22-02-2021 16:30, NC84 Kolichestvo [liters/30min], 44.37061, 364.4826, 249656.077032958
22-02-2021 17:00, NC84 Kolichestvo [liters/30min], 47.23563, 411.71823, 249703.312662958
22-02-2021 17:30, NC84 Kolichestvo [liters/30min], 63.10401, 474.82224, 249766.416672958
22-02-2021 18:00, NC84 Kolichestvo [liters/30min], 64.94035, 539.76259, 249831.357022958
22-02-2021 18:30, NC84 Kolichestvo [liters/30min], 71.49868, 611.26127, 249902.855702958
22-02-2021 19:00, NC84 Kolichestvo [liters/30min], 75.86231, 687.12358, 249978.718012958
22-02-2021 19:30, NC84 Kolichestvo [liters/30min], 80.89928, 768.02286, 250059.617292958
22-02-2021 20:00, NC84 Kolichestvo [liters/30min], 80.52292, 848.54578, 250140.140212958
22-02-2021 20:30, NC84 Kolichestvo [liters/30min], 81.83742, 930.3832, 250221.977632958
22-02-2021 21:00, NC84 Kolichestvo [liters/30min], 78.54195, 1008.92515, 250300.519582958
22-02-2021 21:30, NC84 Kolichestvo [liters/30min], 78.09305, 1087.0182, 250378.612632958
22-02-2021 22:00, NC84 Kolichestvo [liters/30min], 78.26643, 1165.28463, 250456.879062958
22-02-2021 22:30, NC84 Kolichestvo [liters/30min], 79.79465, 1245.07928, 250536.673712958
22-02-2021 23:00, NC84 Kolichestvo [liters/30min], 78.28874, 1323.36802, 250614.962452958
22-02-2021 00:00, EG47 LOT, 126.7425, 126.7425, 1260271.28367
22-02-2021 01:00, EG47 LOT, 126.7031, 253.4456, 1260397.98677
22-02-2021 02:00, EG47 LOT, 126.6762, 380.1218, 1260524.66297
22-02-2021 03:00, EG47 LOT, 126.6796, 506.8014, 1260651.34257
22-02-2021 04:00, EG47 LOT, 126.6545, 633.4559, 1260777.99707
22-02-2021 05:00, EG47 LOT, 126.6533, 760.1092, 1260904.65037
22-02-2021 06:00, EG47 LOT, 126.6802, 886.7894, 1261031.33057
22-02-2021 07:00, EG47 LOT, 126.6883, 1013.4777, 1261158.01887
22-02-2021 08:00, EG47 LOT, 126.6731, 1140.1508, 1261284.69197
22-02-2021 09:00, EG47 LOT, 126.6786, 1266.8294, 1261411.37057
22-02-2021 10:00, EG47 LOT, 126.6632, 1393.4926, 1261538.03377
22-02-2021 11:00, EG47 LOT, 126.6693, 1520.1619, 1261664.70307
22-02-2021 12:00, EG47 LOT, 126.6673, 1646.8292, 1261791.37037
22-02-2021 13:00, EG47 LOT, 126.6767, 1773.5059, 1261918.04707
22-02-2021 14:00, EG47 LOT, 126.6775, 1900.1834, 1262044.72457
22-02-2021 15:00, EG47 LOT, 126.6783, 2026.8617, 1262171.40287
22-02-2021 16:00, EG47 LOT, 126.7264, 2153.5881, 1262298.12927
22-02-2021 17:00, EG47 LOT, 126.7686, 2280.3567, 1262424.89787
22-02-2021 18:00, EG47 LOT, 126.767, 2407.1237, 1262551.66487
22-02-2021 19:00, EG47 LOT, 126.7548, 2533.8785, 1262678.41967
22-02-2021 20:00, EG47 LOT, 126.7586, 2660.6371, 1262805.17827
22-02-2021 21:00, EG47 LOT, 126.7778, 2787.4149, 1262931.95607
22-02-2021 22:00, EG47 LOT, 126.7758, 2914.1907, 1263058.73187
22-02-2021 23:00, EG47 LOT, 126.7651, 3040.9558, 1263185.49697
22-02-2021 00:00, EG50 LOT, 67.20045, 67.20045, 759258.69363
22-02-2021 01:00, EG50 LOT, 67.20444, 134.40489, 759325.89807
22-02-2021 02:00, EG50 LOT, 67.20882, 201.61371, 759393.10689
22-02-2021 03:00, EG50 LOT, 67.20994, 268.82365, 759460.31683
22-02-2021 04:00, EG50 LOT, 67.22147, 336.04512, 759527.5383
22-02-2021 05:00, EG50 LOT, 67.2505, 403.29562, 759594.7888
22-02-2021 06:00, EG50 LOT, 67.25549, 470.55111, 759662.04429
22-02-2021 07:00, EG50 LOT, 67.26049, 537.8116, 759729.30478
22-02-2021 08:00, EG50 LOT, 67.26189, 605.07349, 759796.56667
22-02-2021 09:00, EG50 LOT, 67.25838, 672.33187, 759863.82505
22-02-2021 10:00, EG50 LOT, 67.26414, 739.59601, 759931.08919
22-02-2021 11:00, EG50 LOT, 67.26168, 806.85769, 759998.35087
22-02-2021 12:00, EG50 LOT, 67.27785, 874.13554, 760065.62872
22-02-2021 13:00, EG50 LOT, 67.27138, 941.40692, 760132.9001
22-02-2021 14:00, EG50 LOT, 67.26963, 1008.67655, 760200.16973
22-02-2021 15:00, EG50 LOT, 67.27602, 1075.95257, 760267.44575
22-02-2021 16:00, EG50 LOT, 67.28242, 1143.23499, 760334.72817
22-02-2021 17:00, EG50 LOT, 67.28742, 1210.52241, 760402.01559
22-02-2021 18:00, EG50 LOT, 67.29761, 1277.82002, 760469.3132
22-02-2021 19:00, EG50 LOT, 67.30928, 1345.1293, 760536.62248
22-02-2021 20:00, EG50 LOT, 67.31455, 1412.44385, 760603.93703
22-02-2021 21:00, EG50 LOT, 67.31294, 1479.75679, 760671.24997
22-02-2021 22:00, EG50 LOT, 67.31645, 1547.07324, 760738.56642
22-02-2021 23:00, EG50 LOT, 67.31611, 1614.38935, 760805.88253
22-02-2021 00:00, EG58 LOT, 59.37063, 59.37063, 775794.830850001
22-02-2021 01:00, EG58 LOT, 59.36198, 118.73261, 775854.192830001
22-02-2021 02:00, EG58 LOT, 59.36029, 178.0929, 775913.553120001
22-02-2021 03:00, EG58 LOT, 59.3572, 237.4501, 775972.910320001
22-02-2021 04:00, EG58 LOT, 59.35544, 296.80554, 776032.265760001
22-02-2021 05:00, EG58 LOT, 59.34975, 356.15529, 776091.615510001
22-02-2021 06:00, EG58 LOT, 59.35332, 415.50861, 776150.968830001
22-02-2021 07:00, EG58 LOT, 59.35601, 474.86462, 776210.324840001
22-02-2021 08:00, EG58 LOT, 59.35635, 534.22097, 776269.681190001
22-02-2021 09:00, EG58 LOT, 59.35945, 593.58042, 776329.040640001
22-02-2021 10:00, EG58 LOT, 59.35839, 652.93881, 776388.399030001
22-02-2021 11:00, EG58 LOT, 59.35783, 712.29664, 776447.756860001
22-02-2021 12:00, EG58 LOT, 59.35649, 771.65313, 776507.113350001
22-02-2021 13:00, EG58 LOT, 59.34975, 831.00288, 776566.463100001
22-02-2021 14:00, EG58 LOT, 59.34715, 890.35003, 776625.810250001
22-02-2021 15:00, EG58 LOT, 59.34743, 949.69746, 776685.157680001
22-02-2021 16:00, EG58 LOT, 59.34848, 1009.04594, 776744.506160001
22-02-2021 17:00, EG58 LOT, 59.35087, 1068.39681, 776803.857030001
22-02-2021 18:00, EG58 LOT, 59.35249, 1127.7493, 776863.209520001
22-02-2021 19:00, EG58 LOT, 59.3612, 1187.1105, 776922.570720001
22-02-2021 20:00, EG58 LOT, 59.36064, 1246.47114, 776981.931360001
22-02-2021 21:00, EG58 LOT, 59.3612, 1305.83234, 777041.292560001
22-02-2021 22:00, EG58 LOT, 59.35797, 1365.19031, 777100.650530001
22-02-2021 23:00, EG58 LOT, 59.35467, 1424.54498, 777160.005200001
22-02-2021 00:00, SK33 Kolichestvo [liters/30min], 441.8942, 441.8942, 10800525.2009854
22-02-2021 00:30, SK33 Kolichestvo [liters/30min], 439.9501, 881.8443, 10800965.1510854
22-02-2021 01:00, SK33 Kolichestvo [liters/30min], 432.2747, 1314.119, 10801397.4257854
22-02-2021 01:30, SK33 Kolichestvo [liters/30min], 439.5299, 1753.6489, 10801836.9556854
22-02-2021 02:00, SK33 Kolichestvo [liters/30min], 438.3026, 2191.9515, 10802275.2582854
22-02-2021 02:30, SK33 Kolichestvo [liters/30min], 437.1297, 2629.0812, 10802712.3879854
22-02-2021 03:00, SK33 Kolichestvo [liters/30min], 435.4388, 3064.52, 10803147.8267854
22-02-2021 03:30, SK33 Kolichestvo [liters/30min], 432.5931, 3497.1131, 10803580.4198854
22-02-2021 04:00, SK33 Kolichestvo [liters/30min], 434.5449, 3931.658, 10804014.9647854
22-02-2021 04:30, SK33 Kolichestvo [liters/30min], 437.9442, 4369.6022, 10804452.9089854
22-02-2021 05:00, SK33 Kolichestvo [liters/30min], 432.5026, 4802.1048, 10804885.4115854
22-02-2021 05:30, SK33 Kolichestvo [liters/30min], 433.2669, 5235.3717, 10805318.6784854
22-02-2021 06:00, SK33 Kolichestvo [liters/30min], 434.802, 5670.1737, 10805753.4804854
22-02-2021 06:30, SK33 Kolichestvo [liters/30min], 430.2328, 6100.4065, 10806183.7132854
22-02-2021 07:00, SK33 Kolichestvo [liters/30min], 436.2572, 6536.6637, 10806619.9704854
22-02-2021 07:30, SK33 Kolichestvo [liters/30min], 427.3004, 6963.9641, 10807047.2708854
22-02-2021 08:00, SK33 Kolichestvo [liters/30min], 432.9081, 7396.8722, 10807480.1789854
22-02-2021 08:30, SK33 Kolichestvo [liters/30min], 408.8545, 7805.7267, 10807889.0334854
22-02-2021 09:00, SK33 Kolichestvo [liters/30min], 389.2679, 8194.9946, 10808278.3013854
22-02-2021 09:30, SK33 Kolichestvo [liters/30min], 402.4537, 8597.4483, 10808680.7550854
22-02-2021 10:00, SK33 Kolichestvo [liters/30min], 404.8393, 9002.2876, 10809085.5943854
22-02-2021 10:30, SK33 Kolichestvo [liters/30min], 405.2449, 9407.5325, 10809490.8392854
22-02-2021 11:00, SK33 Kolichestvo [liters/30min], 397.1098, 9804.6423, 10809887.9490854
22-02-2021 11:30, SK33 Kolichestvo [liters/30min], 388.3122, 10192.9545, 10810276.2612854
22-02-2021 12:00, SK33 Kolichestvo [liters/30min], 396.7481, 10589.7026, 10810673.0093854
22-02-2021 12:30, SK33 Kolichestvo [liters/30min], 398.7896, 10988.4922, 10811071.7989854
22-02-2021 13:00, SK33 Kolichestvo [liters/30min], 392.914, 11381.4062, 10811464.7129854
22-02-2021 13:30, SK33 Kolichestvo [liters/30min], 399.1046, 11780.5108, 10811863.8175854
22-02-2021 14:00, SK33 Kolichestvo [liters/30min], 392.9466, 12173.4574, 10812256.7641854
22-02-2021 14:30, SK33 Kolichestvo [liters/30min], 399.9556, 12573.413, 10812656.7197854
22-02-2021 15:00, SK33 Kolichestvo [liters/30min], 395.3829, 12968.7959, 10813052.1026854
22-02-2021 15:30, SK33 Kolichestvo [liters/30min], 392.2441, 13361.04, 10813444.3467854
22-02-2021 16:00, SK33 Kolichestvo [liters/30min], 400.2993, 13761.3393, 10813844.6460854
22-02-2021 16:30, SK33 Kolichestvo [liters/30min], 396.1653, 14157.5046, 10814240.8113854
22-02-2021 17:00, SK33 Kolichestvo [liters/30min], 397.8849, 14555.3895, 10814638.6962854
22-02-2021 17:30, SK33 Kolichestvo [liters/30min], 400.6396, 14956.0291, 10815039.3358854
22-02-2021 18:00, SK33 Kolichestvo [liters/30min], 416.3016, 15372.3307, 10815455.6374854
22-02-2021 18:30, SK33 Kolichestvo [liters/30min], 414.4301, 15786.7608, 10815870.0675854
22-02-2021 19:00, SK33 Kolichestvo [liters/30min], 413.4885, 16200.2493, 10816283.5560854
22-02-2021 19:30, SK33 Kolichestvo [liters/30min], 410.9543, 16611.2036, 10816694.5103854
22-02-2021 20:00, SK33 Kolichestvo [liters/30min], 404.1621, 17015.3657, 10817098.6724854
22-02-2021 20:30, SK33 Kolichestvo [liters/30min], 411.2401, 17426.6058, 10817509.9125854
22-02-2021 21:00, SK33 Kolichestvo [liters/30min], 409.8754, 17836.4812, 10817919.7879854
22-02-2021 21:30, SK33 Kolichestvo [liters/30min], 408.4562, 18244.9374, 10818328.2441854
22-02-2021 22:00, SK33 Kolichestvo [liters/30min], 408.2065, 18653.1439, 10818736.4506854
22-02-2021 22:30, SK33 Kolichestvo [liters/30min], 411.0084, 19064.1523, 10819147.4590854
22-02-2021 23:00, SK33 Kolichestvo [liters/30min], 408.4236, 19472.5759, 10819555.8826854
22-02-2021 00:00, SK33 LOT, 154.3194, 154.3194, 3178763.26966404
22-02-2021 00:30, SK33 LOT, 154.3763, 308.6957, 3178917.64596404
22-02-2021 01:00, SK33 LOT, 154.2783, 462.974, 3179071.92426404
22-02-2021 01:30, SK33 LOT, 154.2238, 617.1978, 3179226.14806404
22-02-2021 02:00, SK33 LOT, 154.2804, 771.4782, 3179380.42846404
22-02-2021 02:30, SK33 LOT, 154.2558, 925.734, 3179534.68426404
22-02-2021 03:00, SK33 LOT, 154.1184, 1079.8524, 3179688.80266404
22-02-2021 03:30, SK33 LOT, 153.9951, 1233.8475, 3179842.79776404
22-02-2021 04:00, SK33 LOT, 154.0454, 1387.8929, 3179996.84316404
22-02-2021 04:30, SK33 LOT, 153.9033, 1541.7962, 3180150.74646404
22-02-2021 05:00, SK33 LOT, 153.8732, 1695.6694, 3180304.61966404
22-02-2021 05:30, SK33 LOT, 153.7814, 1849.4508, 3180458.40106404
22-02-2021 06:00, SK33 LOT, 153.6684, 2003.1192, 3180612.06946404
22-02-2021 06:30, SK33 LOT, 153.6041, 2156.7233, 3180765.67356404
22-02-2021 07:00, SK33 LOT, 153.529, 2310.2523, 3180919.20256404
22-02-2021 07:30, SK33 LOT, 153.3351, 2463.5874, 3181072.53766404
22-02-2021 08:00, SK33 LOT, 153.1644, 2616.7518, 3181225.70206404
22-02-2021 08:30, SK33 LOT, 152.7282, 2769.48, 3181378.43026404
22-02-2021 09:00, SK33 LOT, 151.4667, 2920.9467, 3181529.89696404
22-02-2021 09:30, SK33 LOT, 150.5981, 3071.5448, 3181680.49506404
22-02-2021 10:00, SK33 LOT, 150.0784, 3221.6232, 3181830.57346404
22-02-2021 10:30, SK33 LOT, 149.6266, 3371.2498, 3181980.20006404
22-02-2021 11:00, SK33 LOT, 149.1967, 3520.4465, 3182129.39676404
22-02-2021 11:30, SK33 LOT, 148.6334, 3669.0799, 3182278.03016404
22-02-2021 12:00, SK33 LOT, 148.1944, 3817.2743, 3182426.22456404
22-02-2021 12:30, SK33 LOT, 147.6968, 3964.9711, 3182573.92136404
22-02-2021 13:00, SK33 LOT, 147.1894, 4112.1605, 3182721.11076404
22-02-2021 13:30, SK33 LOT, 146.7749, 4258.9354, 3182867.88566404
22-02-2021 14:00, SK33 LOT, 146.3287, 4405.2641, 3183014.21436404
22-02-2021 14:30, SK33 LOT, 145.9646, 4551.2287, 3183160.17896404
22-02-2021 15:00, SK33 LOT, 145.7025, 4696.9312, 3183305.88146404
22-02-2021 15:30, SK33 LOT, 145.3164, 4842.2476, 3183451.19786404
22-02-2021 16:00, SK33 LOT, 144.9973, 4987.2449, 3183596.19516404
22-02-2021 16:30, SK33 LOT, 144.7638, 5132.0087, 3183740.95896404
22-02-2021 17:00, SK33 LOT, 144.5547, 5276.5634, 3183885.51366404
22-02-2021 17:30, SK33 LOT, 144.4096, 5420.973, 3184029.92326404
22-02-2021 18:00, SK33 LOT, 144.5741, 5565.5471, 3184174.49736404
22-02-2021 18:30, SK33 LOT, 144.7569, 5710.304, 3184319.25426404
22-02-2021 19:00, SK33 LOT, 144.8243, 5855.1283, 3184464.07856404
22-02-2021 19:30, SK33 LOT, 144.7673, 5999.8956, 3184608.84586404
22-02-2021 20:00, SK33 LOT, 144.7125, 6144.6081, 3184753.55836404
22-02-2021 20:30, SK33 LOT, 144.7566, 6289.3647, 3184898.31496404
22-02-2021 21:00, SK33 LOT, 144.7403, 6434.105, 3185043.05526404
22-02-2021 21:30, SK33 LOT, 144.6855, 6578.7905, 3185187.74076404
22-02-2021 22:00, SK33 LOT, 144.6526, 6723.4431, 3185332.39336404
22-02-2021 22:30, SK33 LOT, 144.6485, 6868.0916, 3185477.04186404
22-02-2021 23:00, SK33 LOT, 144.6103, 7012.7019, 3185621.65216404
22-02-2021 00:00, EG-61, 140.786, 140.786, 59577.025
22-02-2021 02:00, EG-61, 140.804, 281.59, 59717.829
22-02-2021 04:00, EG-61, 140.871, 422.461, 59858.7
22-02-2021 06:00, EG-61, 140.915, 563.376, 59999.615
22-02-2021 08:00, EG-61, 140.935, 704.311, 60140.55
22-02-2021 10:00, EG-61, 140.983, 845.294, 60281.533
22-02-2021 12:00, EG-61, 141.031, 986.325, 60422.564
22-02-2021 14:00, EG-61, 141.055, 1127.38, 60563.619
22-02-2021 16:00, EG-61, 141.121, 1268.501, 60704.74
22-02-2021 18:00, EG-61, 141.141, 1409.642, 60845.881
22-02-2021 20:00, EG-61, 141.18, 1550.822, 60987.061
22-02-2021 22:00, EG-61, 141.23, 1692.052, 61128.291
22-02-2021 00:00, EG-67, 63.499, 63.499, 42938.589
22-02-2021 02:00, EG-67, 63.431, 126.93, 43002.02
22-02-2021 04:00, EG-67, 63.497, 190.427, 43065.517
22-02-2021 06:00, EG-67, 63.462, 253.889, 43128.979
22-02-2021 08:00, EG-67, 64.249, 318.138, 43193.228
22-02-2021 10:00, EG-67, 64.261, 382.399, 43257.489
22-02-2021 12:00, EG-67, 64.21, 446.609, 43321.699
22-02-2021 14:00, EG-67, 64.168, 510.777, 43385.867
22-02-2021 16:00, EG-67, 64.119, 574.896, 43449.986
22-02-2021 18:00, EG-67, 64.074, 638.97, 43514.06
22-02-2021 20:00, EG-67, 64.028, 702.998, 43578.088
22-02-2021 22:00, EG-67, 63.972, 766.97, 43642.06
22-02-2021 00:00, SK 40 LOT, 124.96, 124.96, 1304494.487
22-02-2021 01:00, SK 40 LOT, 124.96, 249.92, 1304619.447
22-02-2021 02:00, SK 40 LOT, 124.98, 374.9, 1304744.427
22-02-2021 03:00, SK 40 LOT, 124.983, 499.883, 1304869.41
22-02-2021 04:00, SK 40 LOT, 124.998, 624.881, 1304994.408
22-02-2021 05:00, SK 40 LOT, 125.006, 749.887, 1305119.414
22-02-2021 06:00, SK 40 LOT, 125.032, 874.919, 1305244.446
22-02-2021 07:00, SK 40 LOT, 125.013, 999.932, 1305369.459
22-02-2021 08:00, SK 40 LOT, 125.02, 1124.952, 1305494.479
22-02-2021 09:00, SK 40 LOT, 125.026, 1249.978, 1305619.505
22-02-2021 10:00, SK 40 LOT, 125.039, 1375.017, 1305744.544
22-02-2021 11:00, SK 40 LOT, 125.062, 1500.079, 1305869.606
22-02-2021 12:00, SK 40 LOT, 125.042, 1625.121, 1305994.648
22-02-2021 13:00, SK 40 LOT, 125.059, 1750.18, 1306119.707
22-02-2021 14:00, SK 40 LOT, 125.067, 1875.247, 1306244.774
22-02-2021 15:00, SK 40 LOT, 125.08, 2000.327, 1306369.854
22-02-2021 16:00, SK 40 LOT, 125.074, 2125.401, 1306494.928
22-02-2021 17:00, SK 40 LOT, 125.087, 2250.488, 1306620.015
22-02-2021 18:00, SK 40 LOT, 125.104, 2375.592, 1306745.119
22-02-2021 19:00, SK 40 LOT, 125.106, 2500.698, 1306870.225
22-02-2021 20:00, SK 40 LOT, 125.111, 2625.809, 1306995.336
22-02-2021 21:00, SK 40 LOT, 125.123, 2750.932, 1307120.459
22-02-2021 22:00, SK 40 LOT, 125.171, 2876.103, 1307245.63
22-02-2021 23:00, SK 40 LOT, 125.14, 3001.243, 1307370.77
22-02-2021 00:00, EG-68, 37.593, 37.593, 16796.197
22-02-2021 02:00, EG-68, 37.575, 75.168, 16833.772
22-02-2021 04:00, EG-68, 37.568, 112.736, 16871.34
22-02-2021 06:00, EG-68, 37.573, 150.309, 16908.913
22-02-2021 08:00, EG-68, 37.6, 187.909, 16946.513
22-02-2021 10:00, EG-68, 37.579, 225.488, 16984.092
22-02-2021 12:00, EG-68, 37.576, 263.064, 17021.668
22-02-2021 14:00, EG-68, 37.58, 300.644, 17059.248
22-02-2021 16:00, EG-68, 37.595, 338.239, 17096.843
22-02-2021 18:00, EG-68, 37.614, 375.853, 17134.457
22-02-2021 20:00, EG-68, 37.619, 413.472, 17172.076
22-02-2021 22:00, EG-68, 37.588, 451.06, 17209.664
22-02-2021 00:00, SK 39 LOT, 126.176, 126.176, 65457.8629999999
22-02-2021 01:00, SK 39 LOT, 126.219, 252.395, 65584.0819999999
22-02-2021 02:00, SK 39 LOT, 126.695, 379.09, 65710.7769999999
22-02-2021 03:00, SK 39 LOT, 126.874, 505.964, 65837.6509999999
22-02-2021 04:00, SK 39 LOT, 127.482, 633.446, 65965.1329999999
22-02-2021 05:00, SK 39 LOT, 127.787, 761.233, 66092.9199999999
22-02-2021 06:00, SK 39 LOT, 128.176, 889.409, 66221.0959999999
22-02-2021 07:00, SK 39 LOT, 128.696, 1018.105, 66349.7919999999
22-02-2021 08:00, SK 39 LOT, 128.43, 1146.535, 66478.2219999999
22-02-2021 09:00, SK 39 LOT, 128.342, 1274.877, 66606.5639999999
22-02-2021 10:00, SK 39 LOT, 128.949, 1403.826, 66735.5129999999
22-02-2021 11:00, SK 39 LOT, 128.775, 1532.601, 66864.2879999999
22-02-2021 12:00, SK 39 LOT, 129.252, 1661.853, 66993.5399999999
22-02-2021 13:00, SK 39 LOT, 129.603, 1791.456, 67123.1429999999
22-02-2021 14:00, SK 39 LOT, 129.908, 1921.364, 67253.0509999999
22-02-2021 15:00, SK 39 LOT, 130.169, 2051.533, 67383.2199999999
22-02-2021 16:00, SK 39 LOT, 130.3, 2181.833, 67513.5199999999
22-02-2021 17:00, SK 39 LOT, 130.518, 2312.351, 67644.0379999999
22-02-2021 18:00, SK 39 LOT, 130.645, 2442.996, 67774.6829999999
22-02-2021 19:00, SK 39 LOT, 131.421, 2574.417, 67906.1039999999
22-02-2021 20:00, SK 39 LOT, 131.029, 2705.446, 68037.1329999999
22-02-2021 21:00, SK 39 LOT, 131.286, 2836.732, 68168.4189999999
22-02-2021 22:00, SK 39 LOT, 131.544, 2968.276, 68299.9629999999
22-02-2021 23:00, SK 39 LOT, 131.892, 3100.168, 68431.8549999999
22-02-2021 00:00, SK 38 LOT, 80.757, 80.757, 46149.655
22-02-2021 01:00, SK 38 LOT, 80.818, 161.575, 46230.473
22-02-2021 02:00, SK 38 LOT, 80.867, 242.442, 46311.34
22-02-2021 03:00, SK 38 LOT, 80.894, 323.336, 46392.234
22-02-2021 04:00, SK 38 LOT, 80.849, 404.185, 46473.083
22-02-2021 05:00, SK 38 LOT, 80.726, 484.911, 46553.809
22-02-2021 06:00, SK 38 LOT, 81.019, 565.93, 46634.828
22-02-2021 07:00, SK 38 LOT, 81.027, 646.957, 46715.855
22-02-2021 08:00, SK 38 LOT, 80.837, 727.794, 46796.692
22-02-2021 09:00, SK 38 LOT, 80.69, 808.484, 46877.382
22-02-2021 10:00, SK 38 LOT, 80.875, 889.359, 46958.257
22-02-2021 11:00, SK 38 LOT, 80.69, 970.049, 47038.947
22-02-2021 12:00, SK 38 LOT, 80.877, 1050.926, 47119.824
22-02-2021 13:00, SK 38 LOT, 80.739, 1131.665, 47200.563
22-02-2021 14:00, SK 38 LOT, 80.8, 1212.465, 47281.363
22-02-2021 15:00, SK 38 LOT, 81.182, 1293.647, 47362.545
22-02-2021 16:00, SK 38 LOT, 81.086, 1374.733, 47443.631
22-02-2021 17:00, SK 38 LOT, 80.957, 1455.69, 47524.588
22-02-2021 18:00, SK 38 LOT, 81.141, 1536.831, 47605.729
22-02-2021 19:00, SK 38 LOT, 81.177, 1618.008, 47686.906
22-02-2021 20:00, SK 38 LOT, 80.939, 1698.947, 47767.845
22-02-2021 21:00, SK 38 LOT, 81.043, 1779.99, 47848.888
22-02-2021 22:00, SK 38 LOT, 80.998, 1860.988, 47929.886
22-02-2021 23:00, SK 38 LOT, 80.91, 1941.898, 48010.796
