DATE STAMP, SENSOR NAME, DEBIT l/30min, TOTAL LITERS FOR THE DAY,TOTAL LITERS FROM THE START
25-02-2021 00:00, NC64 Kolichestvo [liters/30min], 3150, 3150, 191078000
25-02-2021 00:30, NC64 Kolichestvo [liters/30min], 3140, 6290, 191081140
25-02-2021 01:00, NC64 Kolichestvo [liters/30min], 3140, 9430, 191084280
25-02-2021 01:30, NC64 Kolichestvo [liters/30min], 3150, 12580, 191087430
25-02-2021 02:00, NC64 Kolichestvo [liters/30min], 3140, 15720, 191090570
25-02-2021 02:30, NC64 Kolichestvo [liters/30min], 3140, 18860, 191093710
25-02-2021 03:00, NC64 Kolichestvo [liters/30min], 3140, 22000, 191096850
25-02-2021 03:30, NC64 Kolichestvo [liters/30min], 3140, 25140, 191099990
25-02-2021 04:00, NC64 Kolichestvo [liters/30min], 3130, 28270, 191103120
25-02-2021 04:30, NC64 Kolichestvo [liters/30min], 3140, 31410, 191106260
25-02-2021 05:00, NC64 Kolichestvo [liters/30min], 3130, 34540, 191109390
25-02-2021 05:30, NC64 Kolichestvo [liters/30min], 3130, 37670, 191112520
25-02-2021 06:00, NC64 Kolichestvo [liters/30min], 3130, 40800, 191115650
25-02-2021 06:30, NC64 Kolichestvo [liters/30min], 3120, 43920, 191118770
25-02-2021 07:00, NC64 Kolichestvo [liters/30min], 3130, 47050, 191121900
25-02-2021 07:30, NC64 Kolichestvo [liters/30min], 3130, 50180, 191125030
25-02-2021 08:00, NC64 Kolichestvo [liters/30min], 3130, 53310, 191128160
25-02-2021 08:30, NC64 Kolichestvo [liters/30min], 3130, 56440, 191131290
25-02-2021 09:00, NC64 Kolichestvo [liters/30min], 3150, 59590, 191134440
25-02-2021 09:30, NC64 Kolichestvo [liters/30min], 3140, 62730, 191137580
25-02-2021 10:00, NC64 Kolichestvo [liters/30min], 3150, 65880, 191140730
25-02-2021 10:30, NC64 Kolichestvo [liters/30min], 3170, 69050, 191143900
25-02-2021 11:00, NC64 Kolichestvo [liters/30min], 3160, 72210, 191147060
25-02-2021 11:30, NC64 Kolichestvo [liters/30min], 3170, 75380, 191150230
25-02-2021 12:00, NC64 Kolichestvo [liters/30min], 3180, 78560, 191153410
25-02-2021 12:30, NC64 Kolichestvo [liters/30min], 3160, 81720, 191156570
25-02-2021 13:00, NC64 Kolichestvo [liters/30min], 3180, 84900, 191159750
25-02-2021 13:30, NC64 Kolichestvo [liters/30min], 3170, 88070, 191162920
25-02-2021 14:00, NC64 Kolichestvo [liters/30min], 3180, 91250, 191166100
25-02-2021 14:30, NC64 Kolichestvo [liters/30min], 3180, 94430, 191169280
25-02-2021 15:00, NC64 Kolichestvo [liters/30min], 3190, 97620, 191172470
25-02-2021 15:30, NC64 Kolichestvo [liters/30min], 3180, 100800, 191175650
25-02-2021 16:00, NC64 Kolichestvo [liters/30min], 3170, 103970, 191178820
25-02-2021 16:30, NC64 Kolichestvo [liters/30min], 3170, 107140, 191181990
25-02-2021 17:00, NC64 Kolichestvo [liters/30min], 3170, 110310, 191185160
25-02-2021 17:30, NC64 Kolichestvo [liters/30min], 3180, 113490, 191188340
25-02-2021 18:00, NC64 Kolichestvo [liters/30min], 3160, 116650, 191191500
25-02-2021 18:30, NC64 Kolichestvo [liters/30min], 3170, 119820, 191194670
25-02-2021 19:00, NC64 Kolichestvo [liters/30min], 3170, 122990, 191197840
25-02-2021 19:30, NC64 Kolichestvo [liters/30min], 3180, 126170, 191201020
25-02-2021 20:00, NC64 Kolichestvo [liters/30min], 3160, 129330, 191204180
25-02-2021 20:30, NC64 Kolichestvo [liters/30min], 3150, 132480, 191207330
25-02-2021 21:00, NC64 Kolichestvo [liters/30min], 3150, 135630, 191210480
25-02-2021 21:30, NC64 Kolichestvo [liters/30min], 3150, 138780, 191213630
25-02-2021 22:00, NC64 Kolichestvo [liters/30min], 3140, 141920, 191216770
25-02-2021 22:30, NC64 Kolichestvo [liters/30min], 3130, 145050, 191219900
25-02-2021 23:00, NC64 Kolichestvo [liters/30min], 3140, 148190, 191223040
25-02-2021 00:00, NC65 Kolichestvo [liters/30min], 730, 730, 74078300
25-02-2021 00:30, NC65 Kolichestvo [liters/30min], 730, 1460, 74079030
25-02-2021 01:00, NC65 Kolichestvo [liters/30min], 740, 2200, 74079770
25-02-2021 01:30, NC65 Kolichestvo [liters/30min], 740, 2940, 74080510
25-02-2021 02:00, NC65 Kolichestvo [liters/30min], 750, 3690, 74081260
25-02-2021 02:30, NC65 Kolichestvo [liters/30min], 750, 4440, 74082010
25-02-2021 03:00, NC65 Kolichestvo [liters/30min], 750, 5190, 74082760
25-02-2021 03:30, NC65 Kolichestvo [liters/30min], 760, 5950, 74083520
25-02-2021 04:00, NC65 Kolichestvo [liters/30min], 750, 6700, 74084270
25-02-2021 04:30, NC65 Kolichestvo [liters/30min], 750, 7450, 74085020
25-02-2021 05:00, NC65 Kolichestvo [liters/30min], 760, 8210, 74085780
25-02-2021 05:30, NC65 Kolichestvo [liters/30min], 760, 8970, 74086540
25-02-2021 06:00, NC65 Kolichestvo [liters/30min], 760, 9730, 74087300
25-02-2021 06:30, NC65 Kolichestvo [liters/30min], 770, 10500, 74088070
25-02-2021 07:00, NC65 Kolichestvo [liters/30min], 760, 11260, 74088830
25-02-2021 07:30, NC65 Kolichestvo [liters/30min], 770, 12030, 74089600
25-02-2021 08:00, NC65 Kolichestvo [liters/30min], 760, 12790, 74090360
25-02-2021 08:30, NC65 Kolichestvo [liters/30min], 750, 13540, 74091110
25-02-2021 09:00, NC65 Kolichestvo [liters/30min], 740, 14280, 74091850
25-02-2021 09:30, NC65 Kolichestvo [liters/30min], 740, 15020, 74092590
25-02-2021 10:00, NC65 Kolichestvo [liters/30min], 730, 15750, 74093320
25-02-2021 10:30, NC65 Kolichestvo [liters/30min], 730, 16480, 74094050
25-02-2021 11:00, NC65 Kolichestvo [liters/30min], 750, 17230, 74094800
25-02-2021 11:30, NC65 Kolichestvo [liters/30min], 740, 17970, 74095540
25-02-2021 12:00, NC65 Kolichestvo [liters/30min], 770, 18740, 74096310
25-02-2021 12:30, NC65 Kolichestvo [liters/30min], 780, 19520, 74097090
25-02-2021 13:00, NC65 Kolichestvo [liters/30min], 790, 20310, 74097880
25-02-2021 13:30, NC65 Kolichestvo [liters/30min], 750, 21060, 74098630
25-02-2021 14:00, NC65 Kolichestvo [liters/30min], 750, 21810, 74099380
25-02-2021 14:30, NC65 Kolichestvo [liters/30min], 750, 22560, 74100130
25-02-2021 15:00, NC65 Kolichestvo [liters/30min], 750, 23310, 74100880
25-02-2021 15:30, NC65 Kolichestvo [liters/30min], 750, 24060, 74101630
25-02-2021 16:00, NC65 Kolichestvo [liters/30min], 760, 24820, 74102390
25-02-2021 16:30, NC65 Kolichestvo [liters/30min], 760, 25580, 74103150
25-02-2021 17:00, NC65 Kolichestvo [liters/30min], 790, 26370, 74103940
25-02-2021 17:30, NC65 Kolichestvo [liters/30min], 780, 27150, 74104720
25-02-2021 18:00, NC65 Kolichestvo [liters/30min], 770, 27920, 74105490
25-02-2021 18:30, NC65 Kolichestvo [liters/30min], 780, 28700, 74106270
25-02-2021 19:00, NC65 Kolichestvo [liters/30min], 780, 29480, 74107050
25-02-2021 19:30, NC65 Kolichestvo [liters/30min], 770, 30250, 74107820
25-02-2021 20:00, NC65 Kolichestvo [liters/30min], 770, 31020, 74108590
25-02-2021 20:30, NC65 Kolichestvo [liters/30min], 770, 31790, 74109360
25-02-2021 21:00, NC65 Kolichestvo [liters/30min], 770, 32560, 74110130
25-02-2021 21:30, NC65 Kolichestvo [liters/30min], 750, 33310, 74110880
25-02-2021 22:00, NC65 Kolichestvo [liters/30min], 750, 34060, 74111630
25-02-2021 22:30, NC65 Kolichestvo [liters/30min], 730, 34790, 74112360
25-02-2021 23:00, NC65 Kolichestvo [liters/30min], 740, 35530, 74113100
25-02-2021 00:00, SK16 Kolichestvo [liters/30min], 2727.517, 2727.517, 168985253.531624
25-02-2021 00:30, SK16 Kolichestvo [liters/30min], 2727.76, 5455.277, 168987981.291624
25-02-2021 01:00, SK16 Kolichestvo [liters/30min], 2727.771, 8183.048, 168990709.062624
25-02-2021 01:30, SK16 Kolichestvo [liters/30min], 2724.881, 10907.929, 168993433.943624
25-02-2021 02:00, SK16 Kolichestvo [liters/30min], 2733.247, 13641.176, 168996167.190624
25-02-2021 02:30, SK16 Kolichestvo [liters/30min], 2731.165, 16372.341, 168998898.355624
25-02-2021 03:00, SK16 Kolichestvo [liters/30min], 2721.934, 19094.275, 169001620.289623
25-02-2021 03:30, SK16 Kolichestvo [liters/30min], 2732.509, 21826.784, 169004352.798624
25-02-2021 04:00, SK16 Kolichestvo [liters/30min], 2719.075, 24545.859, 169007071.873623
25-02-2021 04:30, SK16 Kolichestvo [liters/30min], 2726.191, 27272.05, 169009798.064624
25-02-2021 05:00, SK16 Kolichestvo [liters/30min], 2730.725, 30002.775, 169012528.789623
25-02-2021 05:30, SK16 Kolichestvo [liters/30min], 2713.413, 32716.188, 169015242.202623
25-02-2021 06:00, SK16 Kolichestvo [liters/30min], 2738.604, 35454.792, 169017980.806623
25-02-2021 06:30, SK16 Kolichestvo [liters/30min], 2733.432, 38188.224, 169020714.238624
25-02-2021 07:00, SK16 Kolichestvo [liters/30min], 2718.884, 40907.108, 169023433.122624
25-02-2021 07:30, SK16 Kolichestvo [liters/30min], 2722.769, 43629.877, 169026155.891623
25-02-2021 08:00, SK16 Kolichestvo [liters/30min], 2715.929, 46345.806, 169028871.820623
25-02-2021 08:30, SK16 Kolichestvo [liters/30min], 2727.045, 49072.851, 169031598.865623
25-02-2021 09:00, SK16 Kolichestvo [liters/30min], 2715.799, 51788.65, 169034314.664623
25-02-2021 09:30, SK16 Kolichestvo [liters/30min], 2705.571, 54494.221, 169037020.235623
25-02-2021 10:00, SK16 Kolichestvo [liters/30min], 2711.313, 57205.534, 169039731.548623
25-02-2021 10:30, SK16 Kolichestvo [liters/30min], 2680.566, 59886.1, 169042412.114623
25-02-2021 11:00, SK16 Kolichestvo [liters/30min], 2714.46, 62600.56, 169045126.574623
25-02-2021 11:30, SK16 Kolichestvo [liters/30min], 2694.609, 65295.169, 169047821.183623
25-02-2021 12:00, SK16 Kolichestvo [liters/30min], 2682.32, 67977.489, 169050503.503623
25-02-2021 12:30, SK16 Kolichestvo [liters/30min], 2680.293, 70657.782, 169053183.796623
25-02-2021 13:00, SK16 Kolichestvo [liters/30min], 2709.756, 73367.538, 169055893.552624
25-02-2021 13:30, SK16 Kolichestvo [liters/30min], 2695.253, 76062.791, 169058588.805624
25-02-2021 14:00, SK16 Kolichestvo [liters/30min], 2717.969, 78780.76, 169061306.774624
25-02-2021 14:30, SK16 Kolichestvo [liters/30min], 2734.944, 81515.704, 169064041.718624
25-02-2021 15:00, SK16 Kolichestvo [liters/30min], 2706.207, 84221.911, 169066747.925624
25-02-2021 15:30, SK16 Kolichestvo [liters/30min], 2709.903, 86931.814, 169069457.828624
25-02-2021 16:00, SK16 Kolichestvo [liters/30min], 2716.56, 89648.374, 169072174.388624
25-02-2021 16:30, SK16 Kolichestvo [liters/30min], 2723.331, 92371.705, 169074897.719624
25-02-2021 17:00, SK16 Kolichestvo [liters/30min], 2712.428, 95084.133, 169077610.147624
25-02-2021 17:30, SK16 Kolichestvo [liters/30min], 2727.819, 97811.952, 169080337.966624
25-02-2021 18:00, SK16 Kolichestvo [liters/30min], 2736.26, 100548.212, 169083074.226624
25-02-2021 18:30, SK16 Kolichestvo [liters/30min], 2756.917, 103305.129, 169085831.143624
25-02-2021 19:00, SK16 Kolichestvo [liters/30min], 2748.99, 106054.119, 169088580.133624
25-02-2021 19:30, SK16 Kolichestvo [liters/30min], 2746.516, 108800.635, 169091326.649624
25-02-2021 20:00, SK16 Kolichestvo [liters/30min], 2743.636, 111544.271, 169094070.285624
25-02-2021 20:30, SK16 Kolichestvo [liters/30min], 2733.651, 114277.922, 169096803.936624
25-02-2021 21:00, SK16 Kolichestvo [liters/30min], 2749.484, 117027.406, 169099553.420624
25-02-2021 21:30, SK16 Kolichestvo [liters/30min], 2733.093, 119760.499, 169102286.513624
25-02-2021 22:00, SK16 Kolichestvo [liters/30min], 2753.453, 122513.952, 169105039.966624
25-02-2021 22:30, SK16 Kolichestvo [liters/30min], 2744.164, 125258.116, 169107784.130624
25-02-2021 23:00, SK16 Kolichestvo [liters/30min], 2742.949, 128001.065, 169110527.079624
25-02-2021 00:00, SK22 Kolichestvo [liters/30min], 0, 0, 282357180.68316
25-02-2021 00:30, SK22 Kolichestvo [liters/30min], 0, 0, 282357180.68316
25-02-2021 01:00, SK22 Kolichestvo [liters/30min], 0, 0, 282357180.68316
25-02-2021 01:30, SK22 Kolichestvo [liters/30min], 0, 0, 282357180.68316
25-02-2021 02:00, SK22 Kolichestvo [liters/30min], 0, 0, 282357180.68316
25-02-2021 02:30, SK22 Kolichestvo [liters/30min], 0, 0, 282357180.68316
25-02-2021 03:00, SK22 Kolichestvo [liters/30min], 0, 0, 282357180.68316
25-02-2021 03:30, SK22 Kolichestvo [liters/30min], 0, 0, 282357180.68316
25-02-2021 04:00, SK22 Kolichestvo [liters/30min], 0, 0, 282357180.68316
25-02-2021 04:30, SK22 Kolichestvo [liters/30min], 0, 0, 282357180.68316
25-02-2021 05:00, SK22 Kolichestvo [liters/30min], 0, 0, 282357180.68316
25-02-2021 05:30, SK22 Kolichestvo [liters/30min], 0, 0, 282357180.68316
25-02-2021 06:00, SK22 Kolichestvo [liters/30min], 0, 0, 282357180.68316
25-02-2021 06:30, SK22 Kolichestvo [liters/30min], 0, 0, 282357180.68316
25-02-2021 07:00, SK22 Kolichestvo [liters/30min], 0, 0, 282357180.68316
25-02-2021 07:30, SK22 Kolichestvo [liters/30min], 0, 0, 282357180.68316
25-02-2021 08:00, SK22 Kolichestvo [liters/30min], 0, 0, 282357180.68316
25-02-2021 08:30, SK22 Kolichestvo [liters/30min], 0, 0, 282357180.68316
25-02-2021 09:00, SK22 Kolichestvo [liters/30min], 0, 0, 282357180.68316
25-02-2021 09:30, SK22 Kolichestvo [liters/30min], 0, 0, 282357180.68316
25-02-2021 10:00, SK22 Kolichestvo [liters/30min], 0, 0, 282357180.68316
25-02-2021 10:30, SK22 Kolichestvo [liters/30min], 0, 0, 282357180.68316
25-02-2021 11:00, SK22 Kolichestvo [liters/30min], 0, 0, 282357180.68316
25-02-2021 11:30, SK22 Kolichestvo [liters/30min], 0, 0, 282357180.68316
25-02-2021 12:00, SK22 Kolichestvo [liters/30min], 0, 0, 282357180.68316
25-02-2021 12:30, SK22 Kolichestvo [liters/30min], 0, 0, 282357180.68316
25-02-2021 13:00, SK22 Kolichestvo [liters/30min], 0, 0, 282357180.68316
25-02-2021 13:30, SK22 Kolichestvo [liters/30min], 0, 0, 282357180.68316
25-02-2021 14:00, SK22 Kolichestvo [liters/30min], 0, 0, 282357180.68316
25-02-2021 14:30, SK22 Kolichestvo [liters/30min], 0, 0, 282357180.68316
25-02-2021 15:00, SK22 Kolichestvo [liters/30min], 0, 0, 282357180.68316
25-02-2021 15:30, SK22 Kolichestvo [liters/30min], 0, 0, 282357180.68316
25-02-2021 16:00, SK22 Kolichestvo [liters/30min], 0, 0, 282357180.68316
25-02-2021 16:30, SK22 Kolichestvo [liters/30min], 0, 0, 282357180.68316
25-02-2021 17:00, SK22 Kolichestvo [liters/30min], 2846.428, 2846.428, 282360027.11116
25-02-2021 17:30, SK22 Kolichestvo [liters/30min], 2766.329, 5612.757, 282362793.44016
25-02-2021 18:00, SK22 Kolichestvo [liters/30min], 2713.608, 8326.365, 282365507.04816
25-02-2021 18:30, SK22 Kolichestvo [liters/30min], 2607.707, 10934.072, 282368114.75516
25-02-2021 19:00, SK22 Kolichestvo [liters/30min], 2507.295, 13441.367, 282370622.05016
25-02-2021 19:30, SK22 Kolichestvo [liters/30min], 2491.788, 15933.155, 282373113.83816
25-02-2021 20:00, SK22 Kolichestvo [liters/30min], 2485.584, 18418.739, 282375599.42216
25-02-2021 20:30, SK22 Kolichestvo [liters/30min], 2482.948, 20901.687, 282378082.37016
25-02-2021 21:00, SK22 Kolichestvo [liters/30min], 2471.356, 23373.043, 282380553.72616
25-02-2021 21:30, SK22 Kolichestvo [liters/30min], 2480.84, 25853.883, 282383034.56616
25-02-2021 22:00, SK22 Kolichestvo [liters/30min], 2459.47, 28313.353, 282385494.03616
25-02-2021 22:30, SK22 Kolichestvo [liters/30min], 2487.833, 30801.186, 282387981.86916
25-02-2021 23:00, SK22 Kolichestvo [liters/30min], 2488.42, 33289.606, 282390470.28916
25-02-2021 00:00, EG53 LOT, 53.9073, 53.9073, 991335.298175002
25-02-2021 01:00, EG53 LOT, 53.88791, 107.79521, 991389.186085002
25-02-2021 02:00, EG53 LOT, 53.86302, 161.65823, 991443.049105002
25-02-2021 03:00, EG53 LOT, 53.84081, 215.49904, 991496.889915002
25-02-2021 04:00, EG53 LOT, 53.82203, 269.32107, 991550.711945002
25-02-2021 05:00, EG53 LOT, 53.8074, 323.12847, 991604.519345002
25-02-2021 06:00, EG53 LOT, 53.79257, 376.92104, 991658.311915002
25-02-2021 07:00, EG53 LOT, 53.78203, 430.70307, 991712.093945002
25-02-2021 08:00, EG53 LOT, 53.7766, 484.47967, 991765.870545002
25-02-2021 09:00, EG53 LOT, 53.76846, 538.24813, 991819.639005002
25-02-2021 10:00, EG53 LOT, 53.75074, 591.99887, 991873.389745002
25-02-2021 11:00, EG53 LOT, 53.74004, 645.73891, 991927.129785002
25-02-2021 12:00, EG53 LOT, 53.72472, 699.46363, 991980.854505002
25-02-2021 13:00, EG53 LOT, 53.70264, 753.16627, 992034.557145002
25-02-2021 14:00, EG53 LOT, 53.67987, 806.84614, 992088.237015002
25-02-2021 15:00, EG53 LOT, 53.66798, 860.51412, 992141.904995002
25-02-2021 16:00, EG53 LOT, 53.65414, 914.16826, 992195.559135002
25-02-2021 17:00, EG53 LOT, 53.80361, 967.97187, 992249.362745002
25-02-2021 18:00, EG53 LOT, 53.85676, 1021.82863, 992303.219505002
25-02-2021 19:00, EG53 LOT, 53.87244, 1075.70107, 992357.091945002
25-02-2021 20:00, EG53 LOT, 53.8839, 1129.58497, 992410.975845002
25-02-2021 21:00, EG53 LOT, 53.89852, 1183.48349, 992464.874365002
25-02-2021 22:00, EG53 LOT, 53.91033, 1237.39382, 992518.784695002
25-02-2021 23:00, EG53 LOT, 53.91751, 1291.31133, 992572.702205002
25-02-2021 00:00, EG56 LOT, 40.39976, 40.39976, 544500.729678999
25-02-2021 01:00, EG56 LOT, 40.39828, 80.79804, 544541.127958999
25-02-2021 02:00, EG56 LOT, 40.3883, 121.18634, 544581.516258999
25-02-2021 03:00, EG56 LOT, 40.37916, 161.5655, 544621.895418999
25-02-2021 04:00, EG56 LOT, 40.37101, 201.93651, 544662.266428999
25-02-2021 05:00, EG56 LOT, 40.37382, 242.31033, 544702.640248999
25-02-2021 06:00, EG56 LOT, 40.3753, 282.68563, 544743.015548999
25-02-2021 07:00, EG56 LOT, 40.38858, 323.07421, 544783.404128999
25-02-2021 08:00, EG56 LOT, 40.40757, 363.48178, 544823.811698999
25-02-2021 09:00, EG56 LOT, 40.43076, 403.91254, 544864.242458999
25-02-2021 10:00, EG56 LOT, 40.44939, 444.36193, 544904.691848999
25-02-2021 11:00, EG56 LOT, 40.4506, 484.81253, 544945.142448999
25-02-2021 12:00, EG56 LOT, 40.44504, 525.25757, 544985.587488999
25-02-2021 13:00, EG56 LOT, 40.43211, 565.68968, 545026.019598999
25-02-2021 14:00, EG56 LOT, 40.42085, 606.11053, 545066.440448999
25-02-2021 15:00, EG56 LOT, 40.41396, 646.52449, 545106.854408999
25-02-2021 16:00, EG56 LOT, 40.41066, 686.93515, 545147.265068999
25-02-2021 17:00, EG56 LOT, 40.41473, 727.34988, 545187.679798999
25-02-2021 18:00, EG56 LOT, 40.42844, 767.77832, 545228.108238999
25-02-2021 19:00, EG56 LOT, 40.44722, 808.22554, 545268.555458999
25-02-2021 20:00, EG56 LOT, 40.46648, 848.69202, 545309.021938999
25-02-2021 21:00, EG56 LOT, 40.48772, 889.17974, 545349.509658999
25-02-2021 22:00, EG56 LOT, 40.50558, 929.68532, 545390.015238999
25-02-2021 23:00, EG56 LOT, 40.51802, 970.20334, 545430.533258999
25-02-2021 00:00, SK22 LOT, 50.97459, 50.97459, 1752218.43969001
25-02-2021 00:30, SK22 LOT, 50.96392, 101.93851, 1752269.40361001
25-02-2021 01:00, SK22 LOT, 50.95409, 152.8926, 1752320.35770001
25-02-2021 01:30, SK22 LOT, 50.94383, 203.83643, 1752371.30153001
25-02-2021 02:00, SK22 LOT, 50.9326, 254.76903, 1752422.23413001
25-02-2021 02:30, SK22 LOT, 50.92401, 305.69304, 1752473.15814001
25-02-2021 03:00, SK22 LOT, 50.91331, 356.60635, 1752524.07145001
25-02-2021 03:30, SK22 LOT, 50.90451, 407.51086, 1752574.97596001
25-02-2021 04:00, SK22 LOT, 50.89484, 458.4057, 1752625.87080001
25-02-2021 04:30, SK22 LOT, 50.88797, 509.29367, 1752676.75877001
25-02-2021 05:00, SK22 LOT, 50.88106, 560.17473, 1752727.63983001
25-02-2021 05:30, SK22 LOT, 50.87473, 611.04946, 1752778.51456001
25-02-2021 06:00, SK22 LOT, 50.86826, 661.91772, 1752829.38282001
25-02-2021 06:30, SK22 LOT, 50.86199, 712.77971, 1752880.24481001
25-02-2021 07:00, SK22 LOT, 50.85472, 763.63443, 1752931.09953001
25-02-2021 07:30, SK22 LOT, 50.8496, 814.48403, 1752981.94913001
25-02-2021 08:00, SK22 LOT, 50.84349, 865.32752, 1753032.79262001
25-02-2021 08:30, SK22 LOT, 50.83864, 916.16616, 1753083.63126001
25-02-2021 09:00, SK22 LOT, 50.83316, 966.99932, 1753134.46442001
25-02-2021 09:30, SK22 LOT, 50.82673, 1017.82605, 1753185.29115001
25-02-2021 10:00, SK22 LOT, 50.81992, 1068.64597, 1753236.11107001
25-02-2021 10:30, SK22 LOT, 50.80711, 1119.45308, 1753286.91818001
25-02-2021 11:00, SK22 LOT, 50.80568, 1170.25876, 1753337.72386001
25-02-2021 11:30, SK22 LOT, 50.80173, 1221.06049, 1753388.52559001
25-02-2021 12:00, SK22 LOT, 50.79491, 1271.8554, 1753439.32050001
25-02-2021 12:30, SK22 LOT, 50.7889, 1322.6443, 1753490.10940001
25-02-2021 13:00, SK22 LOT, 50.78166, 1373.42596, 1753540.89106001
25-02-2021 13:30, SK22 LOT, 50.77431, 1424.20027, 1753591.66537001
25-02-2021 14:00, SK22 LOT, 50.76767, 1474.96794, 1753642.43304001
25-02-2021 14:30, SK22 LOT, 50.76134, 1525.72928, 1753693.19438001
25-02-2021 15:00, SK22 LOT, 50.75418, 1576.48346, 1753743.94856001
25-02-2021 15:30, SK22 LOT, 50.74708, 1627.23054, 1753794.69564001
25-02-2021 16:00, SK22 LOT, 50.74171, 1677.97225, 1753845.43735001
25-02-2021 16:30, SK22 LOT, 50.72707, 1728.69932, 1753896.16442001
25-02-2021 17:00, SK22 LOT, 51.44299, 1780.14231, 1753947.60741001
25-02-2021 17:30, SK22 LOT, 51.64607, 1831.78838, 1753999.25348001
25-02-2021 18:00, SK22 LOT, 51.59465, 1883.38303, 1754050.84813001
25-02-2021 18:30, SK22 LOT, 51.79404, 1935.17707, 1754102.64217001
25-02-2021 19:00, SK22 LOT, 51.65939, 1986.83646, 1754154.30156001
25-02-2021 19:30, SK22 LOT, 51.79919, 2038.63565, 1754206.10075001
25-02-2021 20:00, SK22 LOT, 51.67074, 2090.30639, 1754257.77149001
25-02-2021 20:30, SK22 LOT, 51.64988, 2141.95627, 1754309.42137001
25-02-2021 21:00, SK22 LOT, 51.59239, 2193.54866, 1754361.01376
25-02-2021 21:30, SK22 LOT, 51.68443, 2245.23309, 1754412.69819
25-02-2021 22:00, SK22 LOT, 51.71868, 2296.95177, 1754464.41687
25-02-2021 22:30, SK22 LOT, 51.75307, 2348.70484, 1754516.16994
25-02-2021 23:00, SK22 LOT, 51.71749, 2400.42233, 1754567.88743
25-02-2021 00:00, EG46, 91.49915, 91.49915, 1444348.60653
25-02-2021 01:00, EG46, 91.48952, 182.98867, 1444440.09605
25-02-2021 02:00, EG46, 91.47524, 274.46391, 1444531.57129
25-02-2021 03:00, EG46, 91.50308, 365.96699, 1444623.07437
25-02-2021 04:00, EG46, 91.54259, 457.50958, 1444714.61696
25-02-2021 05:00, EG46, 91.57289, 549.08247, 1444806.18985
25-02-2021 06:00, EG46, 91.59336, 640.67583, 1444897.78321
25-02-2021 07:00, EG46, 91.59511, 732.27094, 1444989.37832
25-02-2021 08:00, EG46, 91.56396, 823.8349, 1445080.94228
25-02-2021 09:00, EG46, 91.5587, 915.3936, 1445172.50098
25-02-2021 10:00, EG46, 91.53472, 1006.92832, 1445264.0357
25-02-2021 11:00, EG46, 91.51398, 1098.4423, 1445355.54968
25-02-2021 12:00, EG46, 91.51116, 1189.95346, 1445447.06084
25-02-2021 13:00, EG46, 91.51573, 1281.46919, 1445538.57657
25-02-2021 14:00, EG46, 91.5563, 1373.02549, 1445630.13287
25-02-2021 15:00, EG46, 91.58654, 1464.61203, 1445721.71941
25-02-2021 16:00, EG46, 91.60419, 1556.21622, 1445813.3236
25-02-2021 17:00, EG46, 91.6347, 1647.85092, 1445904.9583
25-02-2021 18:00, EG46, 91.61529, 1739.46621, 1445996.57359
25-02-2021 19:00, EG46, 91.59758, 1831.06379, 1446088.17117
25-02-2021 20:00, EG46, 91.59153, 1922.65532, 1446179.7627
25-02-2021 21:00, EG46, 91.59069, 2014.24601, 1446271.35339
25-02-2021 22:00, EG46, 91.57732, 2105.82333, 1446362.93071
25-02-2021 23:00, EG46, 91.56551, 2197.38884, 1446454.49622
25-02-2021 00:00, EG48, 89.82991, 89.82991, 1319737.5228
25-02-2021 01:00, EG48, 89.8214, 179.65131, 1319827.3442
25-02-2021 02:00, EG48, 89.81649, 269.4678, 1319917.16069
25-02-2021 03:00, EG48, 89.80672, 359.27452, 1320006.96741
25-02-2021 04:00, EG48, 89.79476, 449.06928, 1320096.76217
25-02-2021 05:00, EG48, 89.78499, 538.85427, 1320186.54716
25-02-2021 06:00, EG48, 89.77585, 628.63012, 1320276.32301001
25-02-2021 07:00, EG48, 89.76791, 718.39803, 1320366.09092
25-02-2021 08:00, EG48, 89.75785, 808.15588, 1320455.84877
25-02-2021 09:00, EG48, 89.74689, 897.90277, 1320545.59566001
25-02-2021 10:00, EG48, 89.73795, 987.64072, 1320635.33361
25-02-2021 11:00, EG48, 89.73219, 1077.37291, 1320725.0658
25-02-2021 12:00, EG48, 89.72952, 1167.10243, 1320814.79532
25-02-2021 13:00, EG48, 89.7317, 1256.83413, 1320904.52702
25-02-2021 14:00, EG48, 89.7279, 1346.56203, 1320994.25492
25-02-2021 15:00, EG48, 89.72157, 1436.2836, 1321083.97649
25-02-2021 16:00, EG48, 89.71841, 1526.00201, 1321173.6949
25-02-2021 17:00, EG48, 89.71426, 1615.71627, 1321263.40916
25-02-2021 18:00, EG48, 89.70934, 1705.42561, 1321353.1185
25-02-2021 19:00, EG48, 89.70139, 1795.127, 1321442.81989001
25-02-2021 20:00, EG48, 89.6943, 1884.8213, 1321532.51419001
25-02-2021 21:00, EG48, 89.6853, 1974.5066, 1321622.19949001
25-02-2021 22:00, EG48, 89.68044, 2064.18704, 1321711.87993001
25-02-2021 23:00, EG48, 89.67299, 2153.86003, 1321801.55292001
25-02-2021 00:00, EG49, 64.9855, 64.9855, 1229215.99117
25-02-2021 01:00, EG49, 64.98302, 129.96852, 1229280.97419
25-02-2021 02:00, EG49, 64.99225, 194.96077, 1229345.96644
25-02-2021 03:00, EG49, 65.00356, 259.96433, 1229410.97
25-02-2021 04:00, EG49, 65.00237, 324.9667, 1229475.97237
25-02-2021 05:00, EG49, 65.0078, 389.9745, 1229540.98017
25-02-2021 06:00, EG49, 65.02219, 454.99669, 1229606.00236
25-02-2021 07:00, EG49, 65.0254, 520.02209, 1229671.02776
25-02-2021 08:00, EG49, 65.03035, 585.05244, 1229736.05811
25-02-2021 09:00, EG49, 65.02486, 650.0773, 1229801.08297
25-02-2021 10:00, EG49, 65.02422, 715.10152, 1229866.10719
25-02-2021 11:00, EG49, 65.04272, 780.14424, 1229931.14991
25-02-2021 12:00, EG49, 65.03019, 845.17443, 1229996.1801
25-02-2021 13:00, EG49, 65.04938, 910.22381, 1230061.22948
25-02-2021 14:00, EG49, 65.06291, 975.28672, 1230126.29239
25-02-2021 15:00, EG49, 65.06601, 1040.35273, 1230191.3584
25-02-2021 16:00, EG49, 65.08404, 1105.43677, 1230256.44244
25-02-2021 17:00, EG49, 65.10117, 1170.53794, 1230321.54361
25-02-2021 18:00, EG49, 65.07735, 1235.61529, 1230386.62096
25-02-2021 19:00, EG49, 65.07108, 1300.68637, 1230451.69204
25-02-2021 20:00, EG49, 65.06692, 1365.75329, 1230516.75896
25-02-2021 21:00, EG49, 65.06238, 1430.81567, 1230581.82134
25-02-2021 22:00, EG49, 65.06791, 1495.88358, 1230646.88925
25-02-2021 23:00, EG49, 65.06936, 1560.95294, 1230711.95861
25-02-2021 00:00, EG59, 132.7765, 132.7765, 1948633.4759
25-02-2021 01:00, EG59, 132.7891, 265.5656, 1948766.265
25-02-2021 02:00, EG59, 132.7955, 398.3611, 1948899.0605
25-02-2021 03:00, EG59, 132.8089, 531.17, 1949031.8694
25-02-2021 04:00, EG59, 132.81, 663.98, 1949164.6794
25-02-2021 05:00, EG59, 132.8179, 796.7979, 1949297.4973
25-02-2021 06:00, EG59, 132.8205, 929.6184, 1949430.3178
25-02-2021 07:00, EG59, 132.8203, 1062.4387, 1949563.1381
25-02-2021 08:00, EG59, 132.8172, 1195.2559, 1949695.9553
25-02-2021 09:00, EG59, 132.818, 1328.0739, 1949828.7733
25-02-2021 10:00, EG59, 132.8187, 1460.8926, 1949961.592
25-02-2021 11:00, EG59, 132.8176, 1593.7102, 1950094.4096
25-02-2021 12:00, EG59, 132.824, 1726.5342, 1950227.2336
25-02-2021 13:00, EG59, 132.833, 1859.3672, 1950360.0666
25-02-2021 14:00, EG59, 132.8392, 1992.2064, 1950492.9058
25-02-2021 15:00, EG59, 132.8457, 2125.0521, 1950625.7515
25-02-2021 16:00, EG59, 132.8501, 2257.9022, 1950758.6016
25-02-2021 17:00, EG59, 132.8494, 2390.7516, 1950891.451
25-02-2021 18:00, EG59, 132.8498, 2523.6014, 1951024.3008
25-02-2021 19:00, EG59, 132.8467, 2656.4481, 1951157.1475
25-02-2021 20:00, EG59, 132.8422, 2789.2903, 1951289.9897
25-02-2021 21:00, EG59, 132.8409, 2922.1312, 1951422.8306
25-02-2021 22:00, EG59, 132.8414, 3054.9726, 1951555.672
25-02-2021 23:00, EG59, 132.8428, 3187.8154, 1951688.5148
25-02-2021 00:00, EG60, 65.44312, 65.44312, 5665719.96346002
25-02-2021 01:00, EG60, 65.44443, 130.88755, 5665785.40789002
25-02-2021 02:00, EG60, 65.44706, 196.33461, 5665850.85495002
25-02-2021 03:00, EG60, 65.44759, 261.7822, 5665916.30254002
25-02-2021 04:00, EG60, 65.44472, 327.22692, 5665981.74726002
25-02-2021 05:00, EG60, 65.44316, 392.67008, 5666047.19042002
25-02-2021 06:00, EG60, 65.43956, 458.10964, 5666112.62998002
25-02-2021 07:00, EG60, 65.43233, 523.54197, 5666178.06231002
25-02-2021 08:00, EG60, 65.4233, 588.96527, 5666243.48561002
25-02-2021 09:00, EG60, 65.41142, 654.37669, 5666308.89703002
25-02-2021 10:00, EG60, 65.40791, 719.7846, 5666374.30494002
25-02-2021 11:00, EG60, 65.4165, 785.2011, 5666439.72144002
25-02-2021 12:00, EG60, 65.42836, 850.62946, 5666505.14980002
25-02-2021 13:00, EG60, 65.44497, 916.07443, 5666570.59477002
25-02-2021 14:00, EG60, 65.45719, 981.53162, 5666636.05196002
25-02-2021 15:00, EG60, 65.46779, 1046.99941, 5666701.51975002
25-02-2021 16:00, EG60, 65.47484, 1112.47425, 5666766.99459002
25-02-2021 17:00, EG60, 65.47733, 1177.95158, 5666832.47192002
25-02-2021 18:00, EG60, 65.47549, 1243.42707, 5666897.94741002
25-02-2021 19:00, EG60, 65.47421, 1308.90128, 5666963.42162002
25-02-2021 20:00, EG60, 65.47575, 1374.37703, 5667028.89737002
25-02-2021 21:00, EG60, 65.47246, 1439.84949, 5667094.36983002
25-02-2021 22:00, EG60, 65.4733, 1505.32279, 5667159.84313002
25-02-2021 23:00, EG60, 65.47778, 1570.80057, 5667225.32091002
25-02-2021 00:00, NC83 Kolichestvo [liters/30min], 0, 0, 433627.147661153
25-02-2021 00:30, NC83 Kolichestvo [liters/30min], 0, 0, 433627.147661153
25-02-2021 01:00, NC83 Kolichestvo [liters/30min], 0, 0, 433627.147661153
25-02-2021 01:30, NC83 Kolichestvo [liters/30min], 0, 0, 433627.147661153
25-02-2021 02:00, NC83 Kolichestvo [liters/30min], 0, 0, 433627.147661153
25-02-2021 02:30, NC83 Kolichestvo [liters/30min], 0.008583069, 0.008583069, 433627.156244222
25-02-2021 03:00, NC83 Kolichestvo [liters/30min], 0, 0.008583069, 433627.156244222
25-02-2021 03:30, NC83 Kolichestvo [liters/30min], 0, 0.008583069, 433627.156244222
25-02-2021 04:00, NC83 Kolichestvo [liters/30min], 0, 0.008583069, 433627.156244222
25-02-2021 04:30, NC83 Kolichestvo [liters/30min], 0, 0.008583069, 433627.156244222
25-02-2021 05:00, NC83 Kolichestvo [liters/30min], 0, 0.008583069, 433627.156244222
25-02-2021 05:30, NC83 Kolichestvo [liters/30min], 0, 0.008583069, 433627.156244222
25-02-2021 06:00, NC83 Kolichestvo [liters/30min], 0, 0.008583069, 433627.156244222
25-02-2021 06:30, NC83 Kolichestvo [liters/30min], 0, 0.008583069, 433627.156244222
25-02-2021 07:00, NC83 Kolichestvo [liters/30min], 0, 0.008583069, 433627.156244222
25-02-2021 07:30, NC83 Kolichestvo [liters/30min], 0, 0.008583069, 433627.156244222
25-02-2021 08:00, NC83 Kolichestvo [liters/30min], 0, 0.008583069, 433627.156244222
25-02-2021 08:30, NC83 Kolichestvo [liters/30min], 17.14725, 17.155833069, 433644.303494222
25-02-2021 09:00, NC83 Kolichestvo [liters/30min], 18.04118, 35.197013069, 433662.344674222
25-02-2021 09:30, NC83 Kolichestvo [liters/30min], 0, 35.197013069, 433662.344674222
25-02-2021 10:00, NC83 Kolichestvo [liters/30min], 16.37263, 51.569643069, 433678.717304222
25-02-2021 10:30, NC83 Kolichestvo [liters/30min], 0, 51.569643069, 433678.717304222
25-02-2021 11:00, NC83 Kolichestvo [liters/30min], 15.97824, 67.547883069, 433694.695544222
25-02-2021 11:30, NC83 Kolichestvo [liters/30min], 14.58478, 82.132663069, 433709.280324222
25-02-2021 12:00, NC83 Kolichestvo [liters/30min], 15.85121, 97.983873069, 433725.131534222
25-02-2021 12:30, NC83 Kolichestvo [liters/30min], 14.61353, 112.597403069, 433739.745064222
25-02-2021 13:00, NC83 Kolichestvo [liters/30min], 20.014, 132.611403069, 433759.759064222
25-02-2021 13:30, NC83 Kolichestvo [liters/30min], 0, 132.611403069, 433759.759064222
25-02-2021 14:00, NC83 Kolichestvo [liters/30min], 0, 132.611403069, 433759.759064222
25-02-2021 14:30, NC83 Kolichestvo [liters/30min], 15.67054, 148.281943069, 433775.429604222
25-02-2021 15:00, NC83 Kolichestvo [liters/30min], 16.83955, 165.121493069, 433792.269154222
25-02-2021 15:30, NC83 Kolichestvo [liters/30min], 16.83612, 181.957613069, 433809.105274222
25-02-2021 16:00, NC83 Kolichestvo [liters/30min], 16.23487, 198.192483069, 433825.340144222
25-02-2021 16:30, NC83 Kolichestvo [liters/30min], 18.42484, 216.617323069, 433843.764984222
25-02-2021 17:00, NC83 Kolichestvo [liters/30min], 16.75973, 233.377053069, 433860.524714222
25-02-2021 17:30, NC83 Kolichestvo [liters/30min], 0, 233.377053069, 433860.524714222
25-02-2021 18:00, NC83 Kolichestvo [liters/30min], 15.6126, 248.989653069, 433876.137314222
25-02-2021 18:30, NC83 Kolichestvo [liters/30min], 0, 248.989653069, 433876.137314222
25-02-2021 19:00, NC83 Kolichestvo [liters/30min], 0, 248.989653069, 433876.137314222
25-02-2021 19:30, NC83 Kolichestvo [liters/30min], 0, 248.989653069, 433876.137314222
25-02-2021 20:00, NC83 Kolichestvo [liters/30min], 0, 248.989653069, 433876.137314222
25-02-2021 20:30, NC83 Kolichestvo [liters/30min], 0, 248.989653069, 433876.137314222
25-02-2021 21:00, NC83 Kolichestvo [liters/30min], 0, 248.989653069, 433876.137314222
25-02-2021 21:30, NC83 Kolichestvo [liters/30min], 0, 248.989653069, 433876.137314222
25-02-2021 22:00, NC83 Kolichestvo [liters/30min], 0, 248.989653069, 433876.137314222
25-02-2021 22:30, NC83 Kolichestvo [liters/30min], 0, 248.989653069, 433876.137314222
25-02-2021 23:00, NC83 Kolichestvo [liters/30min], 0, 248.989653069, 433876.137314222
25-02-2021 00:00, NC84 Kolichestvo [liters/30min], 16.56618, 16.56618, 254221.338812958
25-02-2021 00:30, NC84 Kolichestvo [liters/30min], 15.87095, 32.43713, 254237.209762958
25-02-2021 01:00, NC84 Kolichestvo [liters/30min], 0, 32.43713, 254237.209762958
25-02-2021 01:30, NC84 Kolichestvo [liters/30min], 16.23659, 48.67372, 254253.446352958
25-02-2021 02:00, NC84 Kolichestvo [liters/30min], 0, 48.67372, 254253.446352958
25-02-2021 02:30, NC84 Kolichestvo [liters/30min], 0, 48.67372, 254253.446352958
25-02-2021 03:00, NC84 Kolichestvo [liters/30min], 0, 48.67372, 254253.446352958
25-02-2021 03:30, NC84 Kolichestvo [liters/30min], 0, 48.67372, 254253.446352958
25-02-2021 04:00, NC84 Kolichestvo [liters/30min], 16.01558, 64.6893, 254269.461932958
25-02-2021 04:30, NC84 Kolichestvo [liters/30min], 16.5988, 81.2881, 254286.060732958
25-02-2021 05:00, NC84 Kolichestvo [liters/30min], 0.4617691, 81.7498691, 254286.522502058
25-02-2021 05:30, NC84 Kolichestvo [liters/30min], 0, 81.7498691, 254286.522502058
25-02-2021 06:00, NC84 Kolichestvo [liters/30min], 0, 81.7498691, 254286.522502058
25-02-2021 06:30, NC84 Kolichestvo [liters/30min], 0, 81.7498691, 254286.522502058
25-02-2021 07:00, NC84 Kolichestvo [liters/30min], 0, 81.7498691, 254286.522502058
25-02-2021 07:30, NC84 Kolichestvo [liters/30min], 0, 81.7498691, 254286.522502058
25-02-2021 08:00, NC84 Kolichestvo [liters/30min], 0, 81.7498691, 254286.522502058
25-02-2021 08:30, NC84 Kolichestvo [liters/30min], 15.95421, 97.7040791, 254302.476712058
25-02-2021 09:00, NC84 Kolichestvo [liters/30min], 0, 97.7040791, 254302.476712058
25-02-2021 09:30, NC84 Kolichestvo [liters/30min], 0, 97.7040791, 254302.476712058
25-02-2021 10:00, NC84 Kolichestvo [liters/30min], 0, 97.7040791, 254302.476712058
25-02-2021 10:30, NC84 Kolichestvo [liters/30min], 0, 97.7040791, 254302.476712058
25-02-2021 11:00, NC84 Kolichestvo [liters/30min], 0, 97.7040791, 254302.476712058
25-02-2021 11:30, NC84 Kolichestvo [liters/30min], 0, 97.7040791, 254302.476712058
25-02-2021 12:00, NC84 Kolichestvo [liters/30min], 0, 97.7040791, 254302.476712058
25-02-2021 12:30, NC84 Kolichestvo [liters/30min], 0, 97.7040791, 254302.476712058
25-02-2021 13:00, NC84 Kolichestvo [liters/30min], 0, 97.7040791, 254302.476712058
25-02-2021 13:30, NC84 Kolichestvo [liters/30min], 0, 97.7040791, 254302.476712058
25-02-2021 14:00, NC84 Kolichestvo [liters/30min], 0, 97.7040791, 254302.476712058
25-02-2021 14:30, NC84 Kolichestvo [liters/30min], 0, 97.7040791, 254302.476712058
25-02-2021 15:00, NC84 Kolichestvo [liters/30min], 0, 97.7040791, 254302.476712058
25-02-2021 15:30, NC84 Kolichestvo [liters/30min], 16.38851, 114.0925891, 254318.865222058
25-02-2021 16:00, NC84 Kolichestvo [liters/30min], 14.86759, 128.9601791, 254333.732812058
25-02-2021 16:30, NC84 Kolichestvo [liters/30min], 0, 128.9601791, 254333.732812058
25-02-2021 17:00, NC84 Kolichestvo [liters/30min], 0, 128.9601791, 254333.732812058
25-02-2021 17:30, NC84 Kolichestvo [liters/30min], 0, 128.9601791, 254333.732812058
25-02-2021 18:00, NC84 Kolichestvo [liters/30min], 0, 128.9601791, 254333.732812058
25-02-2021 18:30, NC84 Kolichestvo [liters/30min], 0, 128.9601791, 254333.732812058
25-02-2021 19:00, NC84 Kolichestvo [liters/30min], 0, 128.9601791, 254333.732812058
25-02-2021 19:30, NC84 Kolichestvo [liters/30min], 0, 128.9601791, 254333.732812058
25-02-2021 20:00, NC84 Kolichestvo [liters/30min], 0, 128.9601791, 254333.732812058
25-02-2021 20:30, NC84 Kolichestvo [liters/30min], 0, 128.9601791, 254333.732812058
25-02-2021 21:00, NC84 Kolichestvo [liters/30min], 0, 128.9601791, 254333.732812058
25-02-2021 21:30, NC84 Kolichestvo [liters/30min], 0, 128.9601791, 254333.732812058
25-02-2021 22:00, NC84 Kolichestvo [liters/30min], 15.61732, 144.5774991, 254349.350132058
25-02-2021 22:30, NC84 Kolichestvo [liters/30min], 17.06185, 161.6393491, 254366.411982058
25-02-2021 23:00, NC84 Kolichestvo [liters/30min], 17.87338, 179.5127291, 254384.285362058
25-02-2021 00:00, EG47 LOT, 126.9914, 126.9914, 1269405.32417
25-02-2021 01:00, EG47 LOT, 126.9986, 253.99, 1269532.32277
25-02-2021 02:00, EG47 LOT, 126.9437, 380.9337, 1269659.26647
25-02-2021 03:00, EG47 LOT, 126.8945, 507.8282, 1269786.16097
25-02-2021 04:00, EG47 LOT, 126.8936, 634.7218, 1269913.05457
25-02-2021 05:00, EG47 LOT, 126.8973, 761.6191, 1270039.95187
25-02-2021 06:00, EG47 LOT, 126.9105, 888.5296, 1270166.86237
25-02-2021 07:00, EG47 LOT, 126.929, 1015.4586, 1270293.79137
25-02-2021 08:00, EG47 LOT, 126.9253, 1142.3839, 1270420.71667
25-02-2021 09:00, EG47 LOT, 126.9228, 1269.3067, 1270547.63947
25-02-2021 10:00, EG47 LOT, 126.9133, 1396.22, 1270674.55277
25-02-2021 11:00, EG47 LOT, 126.925, 1523.145, 1270801.47777
25-02-2021 12:00, EG47 LOT, 126.9453, 1650.0903, 1270928.42307
25-02-2021 13:00, EG47 LOT, 126.9302, 1777.0205, 1271055.35327
25-02-2021 14:00, EG47 LOT, 126.9475, 1903.968, 1271182.30077
25-02-2021 15:00, EG47 LOT, 127.0367, 2031.0047, 1271309.33747
25-02-2021 16:00, EG47 LOT, 127.0385, 2158.0432, 1271436.37597
25-02-2021 17:00, EG47 LOT, 127.0199, 2285.0631, 1271563.39587
25-02-2021 18:00, EG47 LOT, 126.9929, 2412.056, 1271690.38877
25-02-2021 19:00, EG47 LOT, 126.9927, 2539.0487, 1271817.38147
25-02-2021 20:00, EG47 LOT, 126.9968, 2666.0455, 1271944.37827
25-02-2021 21:00, EG47 LOT, 127.0362, 2793.0817, 1272071.41447
25-02-2021 22:00, EG47 LOT, 127.064, 2920.1457, 1272198.47847
25-02-2021 23:00, EG47 LOT, 127.0688, 3047.2145, 1272325.54727
25-02-2021 00:00, EG50 LOT, 67.6497, 67.6497, 764111.3939
25-02-2021 01:00, EG50 LOT, 67.66982, 135.31952, 764179.06372
25-02-2021 02:00, EG50 LOT, 67.68246, 203.00198, 764246.74618
25-02-2021 03:00, EG50 LOT, 67.6881, 270.69008, 764314.43428
25-02-2021 04:00, EG50 LOT, 67.70405, 338.39413, 764382.13833
25-02-2021 05:00, EG50 LOT, 67.70925, 406.10338, 764449.84758
25-02-2021 06:00, EG50 LOT, 67.71762, 473.821, 764517.5652
25-02-2021 07:00, EG50 LOT, 67.72684, 541.54784, 764585.29204
25-02-2021 08:00, EG50 LOT, 67.74644, 609.29428, 764653.03848
25-02-2021 09:00, EG50 LOT, 67.8259, 677.12018, 764720.86438
25-02-2021 10:00, EG50 LOT, 67.85964, 744.97982, 764788.72402
25-02-2021 11:00, EG50 LOT, 67.80045, 812.78027, 764856.52447
25-02-2021 12:00, EG50 LOT, 67.80354, 880.58381, 764924.32801
25-02-2021 13:00, EG50 LOT, 67.76009, 948.3439, 764992.0881
25-02-2021 14:00, EG50 LOT, 67.73006, 1016.07396, 765059.81816
25-02-2021 15:00, EG50 LOT, 67.70834, 1083.7823, 765127.5265
25-02-2021 16:00, EG50 LOT, 67.68985, 1151.47215, 765195.21635
25-02-2021 17:00, EG50 LOT, 67.63888, 1219.11103, 765262.85523
25-02-2021 18:00, EG50 LOT, 67.63269, 1286.74372, 765330.48792
25-02-2021 19:00, EG50 LOT, 67.6263, 1354.37002, 765398.11422
25-02-2021 20:00, EG50 LOT, 67.61434, 1421.98436, 765465.72856
25-02-2021 21:00, EG50 LOT, 67.60542, 1489.58978, 765533.33398
25-02-2021 22:00, EG50 LOT, 67.59965, 1557.18943, 765600.93363
25-02-2021 23:00, EG50 LOT, 67.59452, 1624.78395, 765668.52815
25-02-2021 00:00, EG58 LOT, 59.30608, 59.30608, 780066.439350001
25-02-2021 01:00, EG58 LOT, 59.29399, 118.60007, 780125.733340001
25-02-2021 02:00, EG58 LOT, 59.28309, 177.88316, 780185.016430001
25-02-2021 03:00, EG58 LOT, 59.27143, 237.15459, 780244.287860001
25-02-2021 04:00, EG58 LOT, 59.26348, 296.41807, 780303.551340001
25-02-2021 05:00, EG58 LOT, 59.26208, 355.68015, 780362.813420001
25-02-2021 06:00, EG58 LOT, 59.25976, 414.93991, 780422.073180001
25-02-2021 07:00, EG58 LOT, 59.26439, 474.2043, 780481.337570001
25-02-2021 08:00, EG58 LOT, 59.27016, 533.47446, 780540.607730001
25-02-2021 09:00, EG58 LOT, 59.27804, 592.7525, 780599.885770001
25-02-2021 10:00, EG58 LOT, 59.27986, 652.03236, 780659.165630001
25-02-2021 11:00, EG58 LOT, 59.27881, 711.31117, 780718.444440001
25-02-2021 12:00, EG58 LOT, 59.2748, 770.58597, 780777.719240001
25-02-2021 13:00, EG58 LOT, 59.26073, 829.8467, 780836.979970001
25-02-2021 14:00, EG58 LOT, 59.25371, 889.10041, 780896.233680001
25-02-2021 15:00, EG58 LOT, 59.24429, 948.3447, 780955.477970001
25-02-2021 16:00, EG58 LOT, 59.24027, 1007.58497, 781014.718240001
25-02-2021 17:00, EG58 LOT, 59.2357, 1066.82067, 781073.953940001
25-02-2021 18:00, EG58 LOT, 59.2395, 1126.06017, 781133.193440001
25-02-2021 19:00, EG58 LOT, 59.24702, 1185.30719, 781192.440460001
25-02-2021 20:00, EG58 LOT, 59.25307, 1244.56026, 781251.693530001
25-02-2021 21:00, EG58 LOT, 59.26031, 1303.82057, 781310.953840001
25-02-2021 22:00, EG58 LOT, 59.2651, 1363.08567, 781370.218940001
25-02-2021 23:00, EG58 LOT, 59.26453, 1422.3502, 781429.483470001
25-02-2021 00:00, SK33 Kolichestvo [liters/30min], 368.6248, 368.6248, 10856022.1975898
25-02-2021 00:30, SK33 Kolichestvo [liters/30min], 370.2611, 738.8859, 10856392.4586898
25-02-2021 01:00, SK33 Kolichestvo [liters/30min], 373.5918, 1112.4777, 10856766.0504898
25-02-2021 01:30, SK33 Kolichestvo [liters/30min], 370.9491, 1483.4268, 10857136.9995898
25-02-2021 02:00, SK33 Kolichestvo [liters/30min], 366.9017, 1850.3285, 10857503.9012898
25-02-2021 02:30, SK33 Kolichestvo [liters/30min], 373.0382, 2223.3667, 10857876.9394898
25-02-2021 03:00, SK33 Kolichestvo [liters/30min], 359.9829, 2583.3496, 10858236.9223898
25-02-2021 03:30, SK33 Kolichestvo [liters/30min], 369.9247, 2953.2743, 10858606.8470898
25-02-2021 04:00, SK33 Kolichestvo [liters/30min], 369.2874, 3322.5617, 10858976.1344898
25-02-2021 04:30, SK33 Kolichestvo [liters/30min], 367.4266, 3689.9883, 10859343.5610898
25-02-2021 05:00, SK33 Kolichestvo [liters/30min], 365.6057, 4055.594, 10859709.1667898
25-02-2021 05:30, SK33 Kolichestvo [liters/30min], 361.4202, 4417.0142, 10860070.5869898
25-02-2021 06:00, SK33 Kolichestvo [liters/30min], 374.6059, 4791.6201, 10860445.1928898
25-02-2021 06:30, SK33 Kolichestvo [liters/30min], 370.4783, 5162.0984, 10860815.6711898
25-02-2021 07:00, SK33 Kolichestvo [liters/30min], 365.4499, 5527.5483, 10861181.1210898
25-02-2021 07:30, SK33 Kolichestvo [liters/30min], 364.4071, 5891.9554, 10861545.5281898
25-02-2021 08:00, SK33 Kolichestvo [liters/30min], 361.6373, 6253.5927, 10861907.1654898
25-02-2021 08:30, SK33 Kolichestvo [liters/30min], 360.4932, 6614.0859, 10862267.6586898
25-02-2021 09:00, SK33 Kolichestvo [liters/30min], 362.26, 6976.3459, 10862629.9186898
25-02-2021 09:30, SK33 Kolichestvo [liters/30min], 366.0361, 7342.382, 10862995.9547898
25-02-2021 10:00, SK33 Kolichestvo [liters/30min], 357.2278, 7699.6098, 10863353.1825898
25-02-2021 10:30, SK33 Kolichestvo [liters/30min], 363.8423, 8063.4521, 10863717.0248898
25-02-2021 11:00, SK33 Kolichestvo [liters/30min], 369.8161, 8433.2682, 10864086.8409898
25-02-2021 11:30, SK33 Kolichestvo [liters/30min], 363.1144, 8796.3826, 10864449.9553898
25-02-2021 12:00, SK33 Kolichestvo [liters/30min], 362.5823, 9158.9649, 10864812.5376898
25-02-2021 12:30, SK33 Kolichestvo [liters/30min], 360.222, 9519.1869, 10865172.7596898
25-02-2021 13:00, SK33 Kolichestvo [liters/30min], 360.1387, 9879.3256, 10865532.8983898
25-02-2021 13:30, SK33 Kolichestvo [liters/30min], 349.8279, 10229.1535, 10865882.7262898
25-02-2021 14:00, SK33 Kolichestvo [liters/30min], 358.4878, 10587.6413, 10866241.2140898
25-02-2021 14:30, SK33 Kolichestvo [liters/30min], 349.2953, 10936.9366, 10866590.5093898
25-02-2021 15:00, SK33 Kolichestvo [liters/30min], 357.4269, 11294.3635, 10866947.9362898
25-02-2021 15:30, SK33 Kolichestvo [liters/30min], 355.7871, 11650.1506, 10867303.7233898
25-02-2021 16:00, SK33 Kolichestvo [liters/30min], 353.5855, 12003.7361, 10867657.3088898
25-02-2021 16:30, SK33 Kolichestvo [liters/30min], 354.234, 12357.9701, 10868011.5428898
25-02-2021 17:00, SK33 Kolichestvo [liters/30min], 356.1055, 12714.0756, 10868367.6483898
25-02-2021 17:30, SK33 Kolichestvo [liters/30min], 354.7696, 13068.8452, 10868722.4179898
25-02-2021 18:00, SK33 Kolichestvo [liters/30min], 361.5253, 13430.3705, 10869083.9432898
25-02-2021 18:30, SK33 Kolichestvo [liters/30min], 356.5905, 13786.961, 10869440.5337898
25-02-2021 19:00, SK33 Kolichestvo [liters/30min], 356.9638, 14143.9248, 10869797.4975898
25-02-2021 19:30, SK33 Kolichestvo [liters/30min], 357.0432, 14500.968, 10870154.5407898
25-02-2021 20:00, SK33 Kolichestvo [liters/30min], 355.6674, 14856.6354, 10870510.2081898
25-02-2021 20:30, SK33 Kolichestvo [liters/30min], 355.1717, 15211.8071, 10870865.3798898
25-02-2021 21:00, SK33 Kolichestvo [liters/30min], 355.421, 15567.2281, 10871220.8008898
25-02-2021 21:30, SK33 Kolichestvo [liters/30min], 356.1055, 15923.3336, 10871576.9063898
25-02-2021 22:00, SK33 Kolichestvo [liters/30min], 348.8503, 16272.1839, 10871925.7566898
25-02-2021 22:30, SK33 Kolichestvo [liters/30min], 360.7541, 16632.938, 10872286.5107898
25-02-2021 23:00, SK33 Kolichestvo [liters/30min], 355.8085, 16988.7465, 10872642.3192898
25-02-2021 00:00, SK33 LOT, 128.3533, 128.3533, 3198752.35697404
25-02-2021 00:30, SK33 LOT, 128.2469, 256.6002, 3198880.60387404
25-02-2021 01:00, SK33 LOT, 128.1634, 384.7636, 3199008.76727404
25-02-2021 01:30, SK33 LOT, 127.9672, 512.7308, 3199136.73447404
25-02-2021 02:00, SK33 LOT, 127.9526, 640.6834, 3199264.68707404
25-02-2021 02:30, SK33 LOT, 127.8542, 768.5376, 3199392.54127404
25-02-2021 03:00, SK33 LOT, 127.7331, 896.2707, 3199520.27437404
25-02-2021 03:30, SK33 LOT, 127.5613, 1023.832, 3199647.83567404
25-02-2021 04:00, SK33 LOT, 127.4152, 1151.2472, 3199775.25087404
25-02-2021 04:30, SK33 LOT, 127.3677, 1278.6149, 3199902.61857404
25-02-2021 05:00, SK33 LOT, 127.1764, 1405.7913, 3200029.79497404
25-02-2021 05:30, SK33 LOT, 126.9944, 1532.7857, 3200156.78937404
25-02-2021 06:00, SK33 LOT, 126.9243, 1659.71, 3200283.71367404
25-02-2021 06:30, SK33 LOT, 126.9654, 1786.6754, 3200410.67907404
25-02-2021 07:00, SK33 LOT, 126.901, 1913.5764, 3200537.58007404
25-02-2021 07:30, SK33 LOT, 126.6993, 2040.2757, 3200664.27937404
25-02-2021 08:00, SK33 LOT, 126.5691, 2166.8448, 3200790.84847404
25-02-2021 08:30, SK33 LOT, 126.49, 2293.3348, 3200917.33847404
25-02-2021 09:00, SK33 LOT, 126.3413, 2419.6761, 3201043.67977404
25-02-2021 09:30, SK33 LOT, 126.2124, 2545.8885, 3201169.89217404
25-02-2021 10:00, SK33 LOT, 125.9907, 2671.8792, 3201295.88287404
25-02-2021 10:30, SK33 LOT, 125.8701, 2797.7493, 3201421.75297404
25-02-2021 11:00, SK33 LOT, 125.9622, 2923.7115, 3201547.71517404
25-02-2021 11:30, SK33 LOT, 125.8972, 3049.6087, 3201673.61237404
25-02-2021 12:00, SK33 LOT, 125.8598, 3175.4685, 3201799.47217404
25-02-2021 12:30, SK33 LOT, 125.7476, 3301.2161, 3201925.21977404
25-02-2021 13:00, SK33 LOT, 125.5703, 3426.7864, 3202050.79007404
25-02-2021 13:30, SK33 LOT, 125.3683, 3552.1547, 3202176.15837404
25-02-2021 14:00, SK33 LOT, 125.2132, 3677.3679, 3202301.37157404
25-02-2021 14:30, SK33 LOT, 125.0197, 3802.3876, 3202426.39127404
25-02-2021 15:00, SK33 LOT, 124.9229, 3927.3105, 3202551.31417404
25-02-2021 15:30, SK33 LOT, 124.7251, 4052.0356, 3202676.03927404
25-02-2021 16:00, SK33 LOT, 124.5297, 4176.5653, 3202800.56897404
25-02-2021 16:30, SK33 LOT, 124.3654, 4300.9307, 3202924.93437404
25-02-2021 17:00, SK33 LOT, 124.3303, 4425.261, 3203049.26467404
25-02-2021 17:30, SK33 LOT, 124.1772, 4549.4382, 3203173.44187404
25-02-2021 18:00, SK33 LOT, 124.1842, 4673.6224, 3203297.62607404
25-02-2021 18:30, SK33 LOT, 124.2023, 4797.8247, 3203421.82837404
25-02-2021 19:00, SK33 LOT, 124.1442, 4921.9689, 3203545.97257404
25-02-2021 19:30, SK33 LOT, 123.9909, 5045.9598, 3203669.96347404
25-02-2021 20:00, SK33 LOT, 123.8539, 5169.8137, 3203793.81737404
25-02-2021 20:30, SK33 LOT, 123.7388, 5293.5525, 3203917.55617404
25-02-2021 21:00, SK33 LOT, 123.6399, 5417.1924, 3204041.19607404
25-02-2021 21:30, SK33 LOT, 123.5766, 5540.769, 3204164.77267404
25-02-2021 22:00, SK33 LOT, 123.4638, 5664.2328, 3204288.23647404
25-02-2021 22:30, SK33 LOT, 123.3122, 5787.545, 3204411.54867404
25-02-2021 23:00, SK33 LOT, 123.2653, 5910.8103, 3204534.81397404
25-02-2021 00:00, EG-61, 141.764, 141.764, 64666.957
25-02-2021 02:00, EG-61, 141.814, 283.578, 64808.771
25-02-2021 04:00, EG-61, 141.817, 425.395, 64950.588
25-02-2021 06:00, EG-61, 141.872, 567.267, 65092.46
25-02-2021 08:00, EG-61, 141.842, 709.109, 65234.302
25-02-2021 10:00, EG-61, 141.871, 850.98, 65376.173
25-02-2021 12:00, EG-61, 141.857, 992.837, 65518.03
25-02-2021 14:00, EG-61, 141.829, 1134.666, 65659.859
25-02-2021 16:00, EG-61, 141.799, 1276.465, 65801.658
25-02-2021 18:00, EG-61, 141.778, 1418.243, 65943.436
25-02-2021 20:00, EG-61, 141.754, 1559.997, 66085.19
25-02-2021 22:00, EG-61, 141.714, 1701.711, 66226.904
25-02-2021 00:00, EG-67, 63.017, 63.017, 45226.632
25-02-2021 02:00, EG-67, 62.987, 126.004, 45289.619
25-02-2021 04:00, EG-67, 63.123, 189.127, 45352.742
25-02-2021 06:00, EG-67, 63.147, 252.274, 45415.889
25-02-2021 08:00, EG-67, 63.129, 315.403, 45479.018
25-02-2021 10:00, EG-67, 63.148, 378.551, 45542.166
25-02-2021 12:00, EG-67, 63.118, 441.669, 45605.284
25-02-2021 14:00, EG-67, 63.137, 504.806, 45668.421
25-02-2021 16:00, EG-67, 63.111, 567.917, 45731.532
25-02-2021 18:00, EG-67, 63.174, 631.091, 45794.706
25-02-2021 20:00, EG-67, 63.2, 694.291, 45857.906
25-02-2021 22:00, EG-67, 63.183, 757.474, 45921.089
25-02-2021 00:00, SK 40 LOT, 125.699, 125.699, 1313508.009
25-02-2021 01:00, SK 40 LOT, 125.734, 251.433, 1313633.743
25-02-2021 02:00, SK 40 LOT, 125.705, 377.138, 1313759.448
25-02-2021 03:00, SK 40 LOT, 125.728, 502.866, 1313885.176
25-02-2021 04:00, SK 40 LOT, 125.747, 628.613, 1314010.923
25-02-2021 05:00, SK 40 LOT, 125.77, 754.383, 1314136.693
25-02-2021 06:00, SK 40 LOT, 125.773, 880.156, 1314262.466
25-02-2021 07:00, SK 40 LOT, 125.799, 1005.955, 1314388.265
25-02-2021 08:00, SK 40 LOT, 125.826, 1131.781, 1314514.091
25-02-2021 09:00, SK 40 LOT, 119.659, 1251.44, 1314633.75
25-02-2021 10:00, SK 40 LOT, 119.484, 1370.924, 1314753.234
25-02-2021 11:00, SK 40 LOT, 125.14, 1496.064, 1314878.374
25-02-2021 12:00, SK 40 LOT, 119.234, 1615.298, 1314997.608
25-02-2021 13:00, SK 40 LOT, 119.041, 1734.339, 1315116.649
25-02-2021 14:00, SK 40 LOT, 118.829, 1853.168, 1315235.478
25-02-2021 15:00, SK 40 LOT, 118.901, 1972.069, 1315354.379
25-02-2021 16:00, SK 40 LOT, 118.77, 2090.839, 1315473.149
25-02-2021 17:00, SK 40 LOT, 118.628, 2209.467, 1315591.777
25-02-2021 18:00, SK 40 LOT, 118.552, 2328.019, 1315710.329
25-02-2021 19:00, SK 40 LOT, 118.441, 2446.46, 1315828.77
25-02-2021 20:00, SK 40 LOT, 118.342, 2564.802, 1315947.112
25-02-2021 21:00, SK 40 LOT, 118.265, 2683.067, 1316065.377
25-02-2021 22:00, SK 40 LOT, 118.159, 2801.226, 1316183.536
25-02-2021 23:00, SK 40 LOT, 118.079, 2919.305, 1316301.615
25-02-2021 00:00, EG-68, 37.506, 37.506, 18147.876
25-02-2021 02:00, EG-68, 37.491, 74.997, 18185.367
25-02-2021 04:00, EG-68, 37.464, 112.461, 18222.831
25-02-2021 06:00, EG-68, 37.46, 149.921, 18260.291
25-02-2021 08:00, EG-68, 37.451, 187.372, 18297.742
25-02-2021 10:00, EG-68, 37.464, 224.836, 18335.206
25-02-2021 12:00, EG-68, 37.47, 262.306, 18372.676
25-02-2021 14:00, EG-68, 37.462, 299.768, 18410.138
25-02-2021 16:00, EG-68, 37.472, 337.24, 18447.61
25-02-2021 18:00, EG-68, 37.472, 374.712, 18485.082
25-02-2021 20:00, EG-68, 37.492, 412.204, 18522.574
25-02-2021 22:00, EG-68, 37.503, 449.707, 18560.077
25-02-2021 00:00, SK 39 LOT, 53.67, 53.67, 73768.4519999998
25-02-2021 01:00, SK 39 LOT, 53.592, 107.262, 73822.0439999998
25-02-2021 02:00, SK 39 LOT, 53.518, 160.78, 73875.5619999998
25-02-2021 03:00, SK 39 LOT, 53.401, 214.181, 73928.9629999998
25-02-2021 04:00, SK 39 LOT, 53.323, 267.504, 73982.2859999998
25-02-2021 05:00, SK 39 LOT, 53.245, 320.749, 74035.5309999998
25-02-2021 06:00, SK 39 LOT, 53.169, 373.918, 74088.6999999998
25-02-2021 07:00, SK 39 LOT, 53.13, 427.048, 74141.8299999998
25-02-2021 08:00, SK 39 LOT, 53.045, 480.093, 74194.8749999998
25-02-2021 09:00, SK 39 LOT, 108.119, 588.212, 74302.9939999998
25-02-2021 10:00, SK 39 LOT, 118.599, 706.811, 74421.5929999998
25-02-2021 11:00, SK 39 LOT, 50.71, 757.521, 74472.3029999998
25-02-2021 12:00, SK 39 LOT, 44.851, 802.372, 74517.1539999998
25-02-2021 13:00, SK 39 LOT, 44.348, 846.72, 74561.5019999998
25-02-2021 14:00, SK 39 LOT, 44.314, 891.034, 74605.8159999998
25-02-2021 15:00, SK 39 LOT, 46.867, 937.901, 74652.6829999998
25-02-2021 16:00, SK 39 LOT, 48.524, 986.425, 74701.2069999998
25-02-2021 17:00, SK 39 LOT, 51.88, 1038.305, 74753.0869999998
25-02-2021 18:00, SK 39 LOT, 52.432, 1090.737, 74805.5189999998
25-02-2021 19:00, SK 39 LOT, 52.393, 1143.13, 74857.9119999998
25-02-2021 20:00, SK 39 LOT, 52.312, 1195.442, 74910.2239999998
25-02-2021 21:00, SK 39 LOT, 52.27, 1247.712, 74962.4939999998
25-02-2021 22:00, SK 39 LOT, 52.19, 1299.902, 75014.6839999998
25-02-2021 23:00, SK 39 LOT, 52.15, 1352.052, 75066.8339999998
25-02-2021 00:00, SK 38 LOT, 79.503, 79.503, 51762.975
25-02-2021 01:00, SK 38 LOT, 79.709, 159.212, 51842.684
25-02-2021 02:00, SK 38 LOT, 79.727, 238.939, 51922.411
25-02-2021 03:00, SK 38 LOT, 79.739, 318.678, 52002.15
25-02-2021 04:00, SK 38 LOT, 79.97, 398.648, 52082.12
25-02-2021 05:00, SK 38 LOT, 79.96, 478.608, 52162.08
25-02-2021 06:00, SK 38 LOT, 80.138, 558.746, 52242.218
25-02-2021 07:00, SK 38 LOT, 80.27, 639.016, 52322.488
25-02-2021 08:00, SK 38 LOT, 80.248, 719.264, 52402.736
25-02-2021 09:00, SK 38 LOT, 22.525, 741.789, 52425.261
25-02-2021 10:00, SK 38 LOT, 5.998, 747.787, 52431.259
25-02-2021 11:00, SK 38 LOT, 36.442, 784.229, 52467.701
25-02-2021 12:00, SK 38 LOT, 7.625, 791.854, 52475.326
25-02-2021 13:00, SK 38 LOT, 1.224, 793.078, 52476.55
25-02-2021 14:00, SK 38 LOT, 0.261, 793.339, 52476.811
25-02-2021 15:00, SK 38 LOT, 0.307, 793.646, 52477.118
25-02-2021 16:00, SK 38 LOT, 0.299, 793.945, 52477.417
25-02-2021 17:00, SK 38 LOT, 0.296, 794.241, 52477.713
25-02-2021 18:00, SK 38 LOT, 0.294, 794.535, 52478.007
25-02-2021 19:00, SK 38 LOT, 0.284, 794.819, 52478.291
25-02-2021 20:00, SK 38 LOT, 0.289, 795.108, 52478.58
25-02-2021 21:00, SK 38 LOT, 0.29, 795.398, 52478.87
25-02-2021 22:00, SK 38 LOT, 0.293, 795.691, 52479.163
25-02-2021 23:00, SK 38 LOT, 0.284, 795.975, 52479.447
