DATE STAMP, SENSOR NAME, DEBIT l/30min, TOTAL LITERS FOR THE DAY,TOTAL LITERS FROM THE START
24-02-2021 00:00, NC64 Kolichestvo [liters/30min], 3160, 3160, 190939770
24-02-2021 00:30, NC64 Kolichestvo [liters/30min], 3150, 6310, 190942920
24-02-2021 01:00, NC64 Kolichestvo [liters/30min], 3160, 9470, 190946080
24-02-2021 01:30, NC64 Kolichestvo [liters/30min], 3150, 12620, 190949230
24-02-2021 02:00, NC64 Kolichestvo [liters/30min], 3150, 15770, 190952380
24-02-2021 02:30, NC64 Kolichestvo [liters/30min], 3160, 18930, 190955540
24-02-2021 03:00, NC64 Kolichestvo [liters/30min], 3150, 22080, 190958690
24-02-2021 03:30, NC64 Kolichestvo [liters/30min], 3160, 25240, 190961850
24-02-2021 04:00, NC64 Kolichestvo [liters/30min], 3160, 28400, 190965010
24-02-2021 04:30, NC64 Kolichestvo [liters/30min], 3150, 31550, 190968160
24-02-2021 05:00, NC64 Kolichestvo [liters/30min], 3160, 34710, 190971320
24-02-2021 05:30, NC64 Kolichestvo [liters/30min], 3160, 37870, 190974480
24-02-2021 06:00, NC64 Kolichestvo [liters/30min], 3160, 41030, 190977640
24-02-2021 06:30, NC64 Kolichestvo [liters/30min], 3160, 44190, 190980800
24-02-2021 07:00, NC64 Kolichestvo [liters/30min], 3160, 47350, 190983960
24-02-2021 07:30, NC64 Kolichestvo [liters/30min], 3150, 50500, 190987110
24-02-2021 08:00, NC64 Kolichestvo [liters/30min], 3160, 53660, 190990270
24-02-2021 08:30, NC64 Kolichestvo [liters/30min], 3160, 56820, 190993430
24-02-2021 09:00, NC64 Kolichestvo [liters/30min], 2640, 59460, 190996070
24-02-2021 09:30, NC64 Kolichestvo [liters/30min], 0, 59460, 190996070
24-02-2021 10:00, NC64 Kolichestvo [liters/30min], 0, 59460, 190996070
24-02-2021 10:30, NC64 Kolichestvo [liters/30min], 0, 59460, 190996070
24-02-2021 11:00, NC64 Kolichestvo [liters/30min], 0, 59460, 190996070
24-02-2021 11:30, NC64 Kolichestvo [liters/30min], 2680, 62140, 190998750
24-02-2021 12:00, NC64 Kolichestvo [liters/30min], 3170, 65310, 191001920
24-02-2021 12:30, NC64 Kolichestvo [liters/30min], 3160, 68470, 191005080
24-02-2021 13:00, NC64 Kolichestvo [liters/30min], 3180, 71650, 191008260
24-02-2021 13:30, NC64 Kolichestvo [liters/30min], 3190, 74840, 191011450
24-02-2021 14:00, NC64 Kolichestvo [liters/30min], 3180, 78020, 191014630
24-02-2021 14:30, NC64 Kolichestvo [liters/30min], 3180, 81200, 191017810
24-02-2021 15:00, NC64 Kolichestvo [liters/30min], 3160, 84360, 191020970
24-02-2021 15:30, NC64 Kolichestvo [liters/30min], 3180, 87540, 191024150
24-02-2021 16:00, NC64 Kolichestvo [liters/30min], 3200, 90740, 191027350
24-02-2021 16:30, NC64 Kolichestvo [liters/30min], 3180, 93920, 191030530
24-02-2021 17:00, NC64 Kolichestvo [liters/30min], 3170, 97090, 191033700
24-02-2021 17:30, NC64 Kolichestvo [liters/30min], 3160, 100250, 191036860
24-02-2021 18:00, NC64 Kolichestvo [liters/30min], 3180, 103430, 191040040
24-02-2021 18:30, NC64 Kolichestvo [liters/30min], 3180, 106610, 191043220
24-02-2021 19:00, NC64 Kolichestvo [liters/30min], 3190, 109800, 191046410
24-02-2021 19:30, NC64 Kolichestvo [liters/30min], 3180, 112980, 191049590
24-02-2021 20:00, NC64 Kolichestvo [liters/30min], 3160, 116140, 191052750
24-02-2021 20:30, NC64 Kolichestvo [liters/30min], 3170, 119310, 191055920
24-02-2021 21:00, NC64 Kolichestvo [liters/30min], 3160, 122470, 191059080
24-02-2021 21:30, NC64 Kolichestvo [liters/30min], 3160, 125630, 191062240
24-02-2021 22:00, NC64 Kolichestvo [liters/30min], 3160, 128790, 191065400
24-02-2021 22:30, NC64 Kolichestvo [liters/30min], 3150, 131940, 191068550
24-02-2021 23:00, NC64 Kolichestvo [liters/30min], 3150, 135090, 191071700
24-02-2021 00:00, NC65 Kolichestvo [liters/30min], 770, 770, 74045470
24-02-2021 00:30, NC65 Kolichestvo [liters/30min], 750, 1520, 74046220
24-02-2021 01:00, NC65 Kolichestvo [liters/30min], 760, 2280, 74046980
24-02-2021 01:30, NC65 Kolichestvo [liters/30min], 750, 3030, 74047730
24-02-2021 02:00, NC65 Kolichestvo [liters/30min], 730, 3760, 74048460
24-02-2021 02:30, NC65 Kolichestvo [liters/30min], 730, 4490, 74049190
24-02-2021 03:00, NC65 Kolichestvo [liters/30min], 730, 5220, 74049920
24-02-2021 03:30, NC65 Kolichestvo [liters/30min], 730, 5950, 74050650
24-02-2021 04:00, NC65 Kolichestvo [liters/30min], 730, 6680, 74051380
24-02-2021 04:30, NC65 Kolichestvo [liters/30min], 730, 7410, 74052110
24-02-2021 05:00, NC65 Kolichestvo [liters/30min], 730, 8140, 74052840
24-02-2021 05:30, NC65 Kolichestvo [liters/30min], 730, 8870, 74053570
24-02-2021 06:00, NC65 Kolichestvo [liters/30min], 730, 9600, 74054300
24-02-2021 06:30, NC65 Kolichestvo [liters/30min], 730, 10330, 74055030
24-02-2021 07:00, NC65 Kolichestvo [liters/30min], 730, 11060, 74055760
24-02-2021 07:30, NC65 Kolichestvo [liters/30min], 730, 11790, 74056490
24-02-2021 08:00, NC65 Kolichestvo [liters/30min], 720, 12510, 74057210
24-02-2021 08:30, NC65 Kolichestvo [liters/30min], 740, 13250, 74057950
24-02-2021 09:00, NC65 Kolichestvo [liters/30min], 620, 13870, 74058570
24-02-2021 09:30, NC65 Kolichestvo [liters/30min], 0, 13870, 74058570
24-02-2021 10:00, NC65 Kolichestvo [liters/30min], 0, 13870, 74058570
24-02-2021 10:30, NC65 Kolichestvo [liters/30min], 0, 13870, 74058570
24-02-2021 11:00, NC65 Kolichestvo [liters/30min], 0, 13870, 74058570
24-02-2021 11:30, NC65 Kolichestvo [liters/30min], 620, 14490, 74059190
24-02-2021 12:00, NC65 Kolichestvo [liters/30min], 780, 15270, 74059970
24-02-2021 12:30, NC65 Kolichestvo [liters/30min], 770, 16040, 74060740
24-02-2021 13:00, NC65 Kolichestvo [liters/30min], 790, 16830, 74061530
24-02-2021 13:30, NC65 Kolichestvo [liters/30min], 790, 17620, 74062320
24-02-2021 14:00, NC65 Kolichestvo [liters/30min], 790, 18410, 74063110
24-02-2021 14:30, NC65 Kolichestvo [liters/30min], 790, 19200, 74063900
24-02-2021 15:00, NC65 Kolichestvo [liters/30min], 770, 19970, 74064670
24-02-2021 15:30, NC65 Kolichestvo [liters/30min], 780, 20750, 74065450
24-02-2021 16:00, NC65 Kolichestvo [liters/30min], 790, 21540, 74066240
24-02-2021 16:30, NC65 Kolichestvo [liters/30min], 780, 22320, 74067020
24-02-2021 17:00, NC65 Kolichestvo [liters/30min], 770, 23090, 74067790
24-02-2021 17:30, NC65 Kolichestvo [liters/30min], 780, 23870, 74068570
24-02-2021 18:00, NC65 Kolichestvo [liters/30min], 780, 24650, 74069350
24-02-2021 18:30, NC65 Kolichestvo [liters/30min], 790, 25440, 74070140
24-02-2021 19:00, NC65 Kolichestvo [liters/30min], 770, 26210, 74070910
24-02-2021 19:30, NC65 Kolichestvo [liters/30min], 770, 26980, 74071680
24-02-2021 20:00, NC65 Kolichestvo [liters/30min], 760, 27740, 74072440
24-02-2021 20:30, NC65 Kolichestvo [liters/30min], 750, 28490, 74073190
24-02-2021 21:00, NC65 Kolichestvo [liters/30min], 750, 29240, 74073940
24-02-2021 21:30, NC65 Kolichestvo [liters/30min], 730, 29970, 74074670
24-02-2021 22:00, NC65 Kolichestvo [liters/30min], 720, 30690, 74075390
24-02-2021 22:30, NC65 Kolichestvo [liters/30min], 730, 31420, 74076120
24-02-2021 23:00, NC65 Kolichestvo [liters/30min], 720, 32140, 74076840
24-02-2021 00:00, SK16 Kolichestvo [liters/30min], 2742.178, 2742.178, 168856833.814824
24-02-2021 00:30, SK16 Kolichestvo [liters/30min], 2742.651, 5484.829, 168859576.465824
24-02-2021 01:00, SK16 Kolichestvo [liters/30min], 2745.951, 8230.78, 168862322.416824
24-02-2021 01:30, SK16 Kolichestvo [liters/30min], 2739.525, 10970.305, 168865061.941824
24-02-2021 02:00, SK16 Kolichestvo [liters/30min], 2743.196, 13713.501, 168867805.137824
24-02-2021 02:30, SK16 Kolichestvo [liters/30min], 2757.185, 16470.686, 168870562.322824
24-02-2021 03:00, SK16 Kolichestvo [liters/30min], 2744.69, 19215.376, 168873307.012824
24-02-2021 03:30, SK16 Kolichestvo [liters/30min], 2739.88, 21955.256, 168876046.892824
24-02-2021 04:00, SK16 Kolichestvo [liters/30min], 2741.296, 24696.552, 168878788.188824
24-02-2021 04:30, SK16 Kolichestvo [liters/30min], 2755.895, 27452.447, 168881544.083824
24-02-2021 05:00, SK16 Kolichestvo [liters/30min], 2736.683, 30189.13, 168884280.766824
24-02-2021 05:30, SK16 Kolichestvo [liters/30min], 2725.832, 32914.962, 168887006.598824
24-02-2021 06:00, SK16 Kolichestvo [liters/30min], 2731.597, 35646.559, 168889738.195824
24-02-2021 06:30, SK16 Kolichestvo [liters/30min], 2744.015, 38390.574, 168892482.210824
24-02-2021 07:00, SK16 Kolichestvo [liters/30min], 2727.317, 41117.891, 168895209.527824
24-02-2021 07:30, SK16 Kolichestvo [liters/30min], 2735.573, 43853.464, 168897945.100824
24-02-2021 08:00, SK16 Kolichestvo [liters/30min], 2736.007, 46589.471, 168900681.107824
24-02-2021 08:30, SK16 Kolichestvo [liters/30min], 2731.451, 49320.922, 168903412.558824
24-02-2021 09:00, SK16 Kolichestvo [liters/30min], 2726.73, 52047.652, 168906139.288824
24-02-2021 09:30, SK16 Kolichestvo [liters/30min], 2720.203, 54767.855, 168908859.491824
24-02-2021 10:00, SK16 Kolichestvo [liters/30min], 2733.361, 57501.216, 168911592.852824
24-02-2021 10:30, SK16 Kolichestvo [liters/30min], 2722.023, 60223.239, 168914314.875824
24-02-2021 11:00, SK16 Kolichestvo [liters/30min], 2712.093, 62935.332, 168917026.968824
24-02-2021 11:30, SK16 Kolichestvo [liters/30min], 2713.723, 65649.055, 168919740.691824
24-02-2021 12:00, SK16 Kolichestvo [liters/30min], 2705.308, 68354.363, 168922445.999824
24-02-2021 12:30, SK16 Kolichestvo [liters/30min], 2700.197, 71054.56, 168925146.196824
24-02-2021 13:00, SK16 Kolichestvo [liters/30min], 2703.88, 73758.44, 168927850.076824
24-02-2021 13:30, SK16 Kolichestvo [liters/30min], 2700.466, 76458.906, 168930550.542824
24-02-2021 14:00, SK16 Kolichestvo [liters/30min], 2351.079, 78809.985, 168932901.621824
24-02-2021 14:30, SK16 Kolichestvo [liters/30min], 313.5358, 79123.5208, 168933215.157624
24-02-2021 15:00, SK16 Kolichestvo [liters/30min], 2753.922, 81877.4428, 168935969.079624
24-02-2021 15:30, SK16 Kolichestvo [liters/30min], 2737.461, 84614.9038, 168938706.540624
24-02-2021 16:00, SK16 Kolichestvo [liters/30min], 2749.849, 87364.7528, 168941456.389624
24-02-2021 16:30, SK16 Kolichestvo [liters/30min], 2743.374, 90108.1268, 168944199.763624
24-02-2021 17:00, SK16 Kolichestvo [liters/30min], 2734.482, 92842.6088, 168946934.245624
24-02-2021 17:30, SK16 Kolichestvo [liters/30min], 2739.217, 95581.8258, 168949673.462624
24-02-2021 18:00, SK16 Kolichestvo [liters/30min], 2737.274, 98319.0998, 168952410.736624
24-02-2021 18:30, SK16 Kolichestvo [liters/30min], 2734.395, 101053.4948, 168955145.131624
24-02-2021 19:00, SK16 Kolichestvo [liters/30min], 2731.861, 103785.3558, 168957876.992624
24-02-2021 19:30, SK16 Kolichestvo [liters/30min], 2739.855, 106525.2108, 168960616.847624
24-02-2021 20:00, SK16 Kolichestvo [liters/30min], 2730.824, 109256.0348, 168963347.671624
24-02-2021 20:30, SK16 Kolichestvo [liters/30min], 2737.767, 111993.8018, 168966085.438624
24-02-2021 21:00, SK16 Kolichestvo [liters/30min], 2732.926, 114726.7278, 168968818.364624
24-02-2021 21:30, SK16 Kolichestvo [liters/30min], 2748.651, 117475.3788, 168971567.015624
24-02-2021 22:00, SK16 Kolichestvo [liters/30min], 2748.423, 120223.8018, 168974315.438624
24-02-2021 22:30, SK16 Kolichestvo [liters/30min], 2739.756, 122963.5578, 168977055.194624
24-02-2021 23:00, SK16 Kolichestvo [liters/30min], 2741.859, 125705.4168, 168979797.053624
24-02-2021 00:00, SK22 Kolichestvo [liters/30min], 2280.021, 2280.021, 282300287.70516
24-02-2021 00:30, SK22 Kolichestvo [liters/30min], 2291.309, 4571.33, 282302579.01416
24-02-2021 01:00, SK22 Kolichestvo [liters/30min], 2293.232, 6864.562, 282304872.24616
24-02-2021 01:30, SK22 Kolichestvo [liters/30min], 2290.813, 9155.375, 282307163.05916
24-02-2021 02:00, SK22 Kolichestvo [liters/30min], 2291.726, 11447.101, 282309454.78516
24-02-2021 02:30, SK22 Kolichestvo [liters/30min], 2294, 13741.101, 282311748.78516
24-02-2021 03:00, SK22 Kolichestvo [liters/30min], 2292.638, 16033.739, 282314041.42316
24-02-2021 03:30, SK22 Kolichestvo [liters/30min], 2295.662, 18329.401, 282316337.08516
24-02-2021 04:00, SK22 Kolichestvo [liters/30min], 2289.545, 20618.946, 282318626.63016
24-02-2021 04:30, SK22 Kolichestvo [liters/30min], 2276.896, 22895.842, 282320903.52616
24-02-2021 05:00, SK22 Kolichestvo [liters/30min], 2290.063, 25185.905, 282323193.58916
24-02-2021 05:30, SK22 Kolichestvo [liters/30min], 2267.534, 27453.439, 282325461.12316
24-02-2021 06:00, SK22 Kolichestvo [liters/30min], 2294.239, 29747.678, 282327755.36216
24-02-2021 06:30, SK22 Kolichestvo [liters/30min], 2294.398, 32042.076, 282330049.76016
24-02-2021 07:00, SK22 Kolichestvo [liters/30min], 2284.689, 34326.765, 282332334.44916
24-02-2021 07:30, SK22 Kolichestvo [liters/30min], 2281.878, 36608.643, 282334616.32716
24-02-2021 08:00, SK22 Kolichestvo [liters/30min], 2281.744, 38890.387, 282336898.07116
24-02-2021 08:30, SK22 Kolichestvo [liters/30min], 2275.979, 41166.366, 282339174.05016
24-02-2021 09:00, SK22 Kolichestvo [liters/30min], 2270.427, 43436.793, 282341444.47716
24-02-2021 09:30, SK22 Kolichestvo [liters/30min], 2273.708, 45710.501, 282343718.18516
24-02-2021 10:00, SK22 Kolichestvo [liters/30min], 2281.375, 47991.876, 282345999.56016
24-02-2021 10:30, SK22 Kolichestvo [liters/30min], 2871.543, 50863.419, 282348871.10316
24-02-2021 11:00, SK22 Kolichestvo [liters/30min], 0, 50863.419, 282348871.10316
24-02-2021 11:30, SK22 Kolichestvo [liters/30min], 0, 50863.419, 282348871.10316
24-02-2021 12:00, SK22 Kolichestvo [liters/30min], 0, 50863.419, 282348871.10316
24-02-2021 12:30, SK22 Kolichestvo [liters/30min], 0, 50863.419, 282348871.10316
24-02-2021 13:00, SK22 Kolichestvo [liters/30min], 0, 50863.419, 282348871.10316
24-02-2021 13:30, SK22 Kolichestvo [liters/30min], 0, 50863.419, 282348871.10316
24-02-2021 14:00, SK22 Kolichestvo [liters/30min], 0, 50863.419, 282348871.10316
24-02-2021 14:30, SK22 Kolichestvo [liters/30min], 0, 50863.419, 282348871.10316
24-02-2021 15:00, SK22 Kolichestvo [liters/30min], 2824.533, 53687.952, 282351695.63616
24-02-2021 15:30, SK22 Kolichestvo [liters/30min], 2778.073, 56466.025, 282354473.70916
24-02-2021 16:00, SK22 Kolichestvo [liters/30min], 2706.974, 59172.999, 282357180.68316
24-02-2021 16:30, SK22 Kolichestvo [liters/30min], 0, 59172.999, 282357180.68316
24-02-2021 17:00, SK22 Kolichestvo [liters/30min], 0, 59172.999, 282357180.68316
24-02-2021 17:30, SK22 Kolichestvo [liters/30min], 0, 59172.999, 282357180.68316
24-02-2021 18:00, SK22 Kolichestvo [liters/30min], 0, 59172.999, 282357180.68316
24-02-2021 18:30, SK22 Kolichestvo [liters/30min], 0, 59172.999, 282357180.68316
24-02-2021 19:00, SK22 Kolichestvo [liters/30min], 0, 59172.999, 282357180.68316
24-02-2021 19:30, SK22 Kolichestvo [liters/30min], 0, 59172.999, 282357180.68316
24-02-2021 20:00, SK22 Kolichestvo [liters/30min], 0, 59172.999, 282357180.68316
24-02-2021 20:30, SK22 Kolichestvo [liters/30min], 0, 59172.999, 282357180.68316
24-02-2021 21:00, SK22 Kolichestvo [liters/30min], 0, 59172.999, 282357180.68316
24-02-2021 21:30, SK22 Kolichestvo [liters/30min], 0, 59172.999, 282357180.68316
24-02-2021 22:00, SK22 Kolichestvo [liters/30min], 0, 59172.999, 282357180.68316
24-02-2021 22:30, SK22 Kolichestvo [liters/30min], 0, 59172.999, 282357180.68316
24-02-2021 23:00, SK22 Kolichestvo [liters/30min], 0, 59172.999, 282357180.68316
24-02-2021 00:00, EG53 LOT, 54.32971, 54.32971, 990035.920715002
24-02-2021 01:00, EG53 LOT, 54.32332, 108.65303, 990090.244035002
24-02-2021 02:00, EG53 LOT, 54.31966, 162.97269, 990144.563695002
24-02-2021 03:00, EG53 LOT, 54.31178, 217.28447, 990198.875475002
24-02-2021 04:00, EG53 LOT, 54.30434, 271.58881, 990253.179815002
24-02-2021 05:00, EG53 LOT, 54.30173, 325.89054, 990307.481545002
24-02-2021 06:00, EG53 LOT, 54.29928, 380.18982, 990361.780825002
24-02-2021 07:00, EG53 LOT, 54.29984, 434.48966, 990416.080665002
24-02-2021 08:00, EG53 LOT, 54.29653, 488.78619, 990470.377195002
24-02-2021 09:00, EG53 LOT, 54.29372, 543.07991, 990524.670915002
24-02-2021 10:00, EG53 LOT, 54.29302, 597.37293, 990578.963935002
24-02-2021 11:00, EG53 LOT, 54.13398, 651.50691, 990633.097915002
24-02-2021 12:00, EG53 LOT, 54.0918, 705.59871, 990687.189715002
24-02-2021 13:00, EG53 LOT, 54.0565, 759.65521, 990741.246215002
24-02-2021 14:00, EG53 LOT, 54.02817, 813.68338, 990795.274385002
24-02-2021 15:00, EG53 LOT, 54.1645, 867.84788, 990849.438885002
24-02-2021 16:00, EG53 LOT, 54.20071, 922.04859, 990903.639595002
24-02-2021 17:00, EG53 LOT, 54.01523, 976.06382, 990957.654825002
24-02-2021 18:00, EG53 LOT, 53.99154, 1030.05536, 991011.646365002
24-02-2021 19:00, EG53 LOT, 53.97508, 1084.03044, 991065.621445002
24-02-2021 20:00, EG53 LOT, 53.95885, 1137.98929, 991119.580295002
24-02-2021 21:00, EG53 LOT, 53.94633, 1191.93562, 991173.526625002
24-02-2021 22:00, EG53 LOT, 53.9374, 1245.87302, 991227.464025002
24-02-2021 23:00, EG53 LOT, 53.92685, 1299.79987, 991281.390875002
24-02-2021 00:00, EG56 LOT, 40.51949, 40.51949, 543534.339228999
24-02-2021 01:00, EG56 LOT, 40.51035, 81.02984, 543574.849578999
24-02-2021 02:00, EG56 LOT, 40.49545, 121.52529, 543615.345028999
24-02-2021 03:00, EG56 LOT, 40.48251, 162.0078, 543655.827538999
24-02-2021 04:00, EG56 LOT, 40.47577, 202.48357, 543696.303308999
24-02-2021 05:00, EG56 LOT, 40.47871, 242.96228, 543736.782018999
24-02-2021 06:00, EG56 LOT, 40.48125, 283.44353, 543777.263268999
24-02-2021 07:00, EG56 LOT, 40.49361, 323.93714, 543817.756878999
24-02-2021 08:00, EG56 LOT, 40.50212, 364.43926, 543858.258998999
24-02-2021 09:00, EG56 LOT, 40.49925, 404.93851, 543898.758248999
24-02-2021 10:00, EG56 LOT, 40.08514, 445.02365, 543938.843388999
24-02-2021 11:00, EG56 LOT, 39.71243, 484.73608, 543978.555818999
24-02-2021 12:00, EG56 LOT, 39.74703, 524.48311, 544018.302848999
24-02-2021 13:00, EG56 LOT, 39.88519, 564.3683, 544058.188038999
24-02-2021 14:00, EG56 LOT, 39.97371, 604.34201, 544098.161748999
24-02-2021 15:00, EG56 LOT, 40.04232, 644.38433, 544138.204068999
24-02-2021 16:00, EG56 LOT, 40.09998, 684.48431, 544178.304048999
24-02-2021 17:00, EG56 LOT, 40.15122, 724.63553, 544218.455268999
24-02-2021 18:00, EG56 LOT, 40.20796, 764.84349, 544258.663228999
24-02-2021 19:00, EG56 LOT, 40.25704, 805.10053, 544298.920268999
24-02-2021 20:00, EG56 LOT, 40.30049, 845.40102, 544339.220758999
24-02-2021 21:00, EG56 LOT, 40.34169, 885.74271, 544379.562448999
24-02-2021 22:00, EG56 LOT, 40.37263, 926.11534, 544419.935078999
24-02-2021 23:00, EG56 LOT, 40.39484, 966.51018, 544460.329918999
24-02-2021 00:00, SK22 LOT, 52.14679, 52.14679, 1749741.41305001
24-02-2021 00:30, SK22 LOT, 52.11884, 104.26563, 1749793.53189001
24-02-2021 01:00, SK22 LOT, 52.12094, 156.38657, 1749845.65283001
24-02-2021 01:30, SK22 LOT, 52.12131, 208.50788, 1749897.77414001
24-02-2021 02:00, SK22 LOT, 52.10622, 260.6141, 1749949.88036001
24-02-2021 02:30, SK22 LOT, 52.13242, 312.74652, 1750002.01278001
24-02-2021 03:00, SK22 LOT, 52.09538, 364.8419, 1750054.10816001
24-02-2021 03:30, SK22 LOT, 52.09101, 416.93291, 1750106.19917001
24-02-2021 04:00, SK22 LOT, 52.10605, 469.03896, 1750158.30522001
24-02-2021 04:30, SK22 LOT, 52.1263, 521.16526, 1750210.43152001
24-02-2021 05:00, SK22 LOT, 52.13009, 573.29535, 1750262.56161001
24-02-2021 05:30, SK22 LOT, 52.05952, 625.35487, 1750314.62113001
24-02-2021 06:00, SK22 LOT, 52.06573, 677.4206, 1750366.68686001
24-02-2021 06:30, SK22 LOT, 52.0747, 729.4953, 1750418.76156001
24-02-2021 07:00, SK22 LOT, 52.03812, 781.53342, 1750470.79968001
24-02-2021 07:30, SK22 LOT, 52.18153, 833.71495, 1750522.98121001
24-02-2021 08:00, SK22 LOT, 52.1118, 885.82675, 1750575.09301001
24-02-2021 08:30, SK22 LOT, 52.10496, 937.93171, 1750627.19797
24-02-2021 09:00, SK22 LOT, 51.97837, 989.91008, 1750679.17634
24-02-2021 09:30, SK22 LOT, 52.07969, 1041.98977, 1750731.25603
24-02-2021 10:00, SK22 LOT, 52.09148, 1094.08125, 1750783.34751
24-02-2021 10:30, SK22 LOT, 52.22674, 1146.30799, 1750835.57425
24-02-2021 11:00, SK22 LOT, 51.38667, 1197.69466, 1750886.96092
24-02-2021 11:30, SK22 LOT, 51.3115, 1249.00616, 1750938.27242
24-02-2021 12:00, SK22 LOT, 51.23325, 1300.23941, 1750989.50567
24-02-2021 12:30, SK22 LOT, 51.19751, 1351.43692, 1751040.70318001
24-02-2021 13:00, SK22 LOT, 51.17376, 1402.61068, 1751091.87694
24-02-2021 13:30, SK22 LOT, 51.15616, 1453.76684, 1751143.03310001
24-02-2021 14:00, SK22 LOT, 51.14008, 1504.90692, 1751194.17318001
24-02-2021 14:30, SK22 LOT, 51.12344, 1556.03036, 1751245.29662001
24-02-2021 15:00, SK22 LOT, 51.99448, 1608.02484, 1751297.29110001
24-02-2021 15:30, SK22 LOT, 52.0169, 1660.04174, 1751349.30800001
24-02-2021 16:00, SK22 LOT, 52.07565, 1712.11739, 1751401.38365001
24-02-2021 16:30, SK22 LOT, 51.26346, 1763.38085, 1751452.64711001
24-02-2021 17:00, SK22 LOT, 51.21491, 1814.59576, 1751503.86202001
24-02-2021 17:30, SK22 LOT, 51.1353, 1865.73106, 1751554.99732001
24-02-2021 18:00, SK22 LOT, 51.10779, 1916.83885, 1751606.10511001
24-02-2021 18:30, SK22 LOT, 51.0878, 1967.92665, 1751657.19291001
24-02-2021 19:00, SK22 LOT, 51.07375, 2019.0004, 1751708.26666001
24-02-2021 19:30, SK22 LOT, 51.06195, 2070.06235, 1751759.32861001
24-02-2021 20:00, SK22 LOT, 51.05135, 2121.1137, 1751810.37996001
24-02-2021 20:30, SK22 LOT, 51.04163, 2172.15533, 1751861.42159001
24-02-2021 21:00, SK22 LOT, 51.0328, 2223.18813, 1751912.45439001
24-02-2021 21:30, SK22 LOT, 51.02135, 2274.20948, 1751963.47574001
24-02-2021 22:00, SK22 LOT, 51.01218, 2325.22166, 1752014.48792001
24-02-2021 22:30, SK22 LOT, 51.00138, 2376.22304, 1752065.48930001
24-02-2021 23:00, SK22 LOT, 50.99273, 2427.21577, 1752116.48203001
24-02-2021 00:00, EG46, 91.95734, 91.95734, 1442151.10002
24-02-2021 01:00, EG46, 91.77109, 183.72843, 1442242.87111
24-02-2021 02:00, EG46, 91.6579, 275.38633, 1442334.52901
24-02-2021 03:00, EG46, 91.63526, 367.02159, 1442426.16427
24-02-2021 04:00, EG46, 91.58871, 458.6103, 1442517.75298
24-02-2021 05:00, EG46, 91.55771, 550.16801, 1442609.31069
24-02-2021 06:00, EG46, 91.55462, 641.72263, 1442700.86531
24-02-2021 07:00, EG46, 91.54829, 733.27092, 1442792.4136
24-02-2021 08:00, EG46, 91.54309, 824.81401, 1442883.95669
24-02-2021 09:00, EG46, 91.52551, 916.33952, 1442975.4822
24-02-2021 10:00, EG46, 91.52192, 1007.86144, 1443067.00412
24-02-2021 11:00, EG46, 91.51482, 1099.37626, 1443158.51894
24-02-2021 12:00, EG46, 91.51686, 1190.89312, 1443250.0358
24-02-2021 13:00, EG46, 91.52586, 1282.41898, 1443341.56166
24-02-2021 14:00, EG46, 91.54653, 1373.96551, 1443433.10819
24-02-2021 15:00, EG46, 91.56396, 1465.52947, 1443524.67215
24-02-2021 16:00, EG46, 91.56882, 1557.09829, 1443616.24097
24-02-2021 17:00, EG46, 91.58203, 1648.68032, 1443707.823
24-02-2021 18:00, EG46, 91.55757, 1740.23789, 1443799.38057
24-02-2021 19:00, EG46, 91.53943, 1831.77732, 1443890.92
24-02-2021 20:00, EG46, 91.55215, 1923.32947, 1443982.47215
24-02-2021 21:00, EG46, 91.55321, 2014.88268, 1444074.02536
24-02-2021 22:00, EG46, 91.54906, 2106.43174, 1444165.57442
24-02-2021 23:00, EG46, 91.53296, 2197.9647, 1444257.10738
24-02-2021 00:00, EG48, 89.89326, 89.89326, 1317580.72461001
24-02-2021 01:00, EG48, 89.8856, 179.77886, 1317670.61021
24-02-2021 02:00, EG48, 89.88469, 269.66355, 1317760.4949
24-02-2021 03:00, EG48, 89.88286, 359.54641, 1317850.37776
24-02-2021 04:00, EG48, 89.87787, 449.42428, 1317940.25563
24-02-2021 05:00, EG48, 89.87421, 539.29849, 1318030.12984
24-02-2021 06:00, EG48, 89.8707, 629.16919, 1318120.00054001
24-02-2021 07:00, EG48, 89.86711, 719.0363, 1318209.86765001
24-02-2021 08:00, EG48, 89.86254, 808.89884, 1318299.73019
24-02-2021 09:00, EG48, 89.86127, 898.76011, 1318389.59146
24-02-2021 10:00, EG48, 89.85537, 988.61548, 1318479.44683
24-02-2021 11:00, EG48, 89.85235, 1078.46783, 1318569.29918
24-02-2021 12:00, EG48, 89.84735, 1168.31518, 1318659.14653
24-02-2021 13:00, EG48, 89.85052, 1258.1657, 1318748.99705001
24-02-2021 14:00, EG48, 89.85298, 1348.01868, 1318838.85003
24-02-2021 15:00, EG48, 89.92582, 1437.9445, 1318928.77585
24-02-2021 16:00, EG48, 89.90543, 1527.84993, 1319018.68128001
24-02-2021 17:00, EG48, 89.89101, 1617.74094, 1319108.57229
24-02-2021 18:00, EG48, 89.87582, 1707.61676, 1319198.44811
24-02-2021 19:00, EG48, 89.86598, 1797.48274, 1319288.31409
24-02-2021 20:00, EG48, 89.85558, 1887.33832, 1319378.16967
24-02-2021 21:00, EG48, 89.8482, 1977.18652, 1319468.01787
24-02-2021 22:00, EG48, 89.8392, 2067.02572, 1319557.85707
24-02-2021 23:00, EG48, 89.83582, 2156.86154, 1319647.69289
24-02-2021 00:00, EG49, 65.06483, 65.06483, 1227655.11411
24-02-2021 01:00, EG49, 65.0693, 130.13413, 1227720.18341
24-02-2021 02:00, EG49, 65.06835, 195.20248, 1227785.25176
24-02-2021 03:00, EG49, 65.07212, 260.2746, 1227850.32388
24-02-2021 04:00, EG49, 65.07561, 325.35021, 1227915.39949
24-02-2021 05:00, EG49, 65.07306, 390.42327, 1227980.47255
24-02-2021 06:00, EG49, 65.06779, 455.49106, 1228045.54034
24-02-2021 07:00, EG49, 65.05702, 520.54808, 1228110.59736
24-02-2021 08:00, EG49, 65.05223, 585.60031, 1228175.64959
24-02-2021 09:00, EG49, 65.04124, 650.64155, 1228240.69083
24-02-2021 10:00, EG49, 65.03417, 715.67572, 1228305.725
24-02-2021 11:00, EG49, 65.03168, 780.7074, 1228370.75668
24-02-2021 12:00, EG49, 65.02934, 845.73674, 1228435.78602
24-02-2021 13:00, EG49, 65.03357, 910.77031, 1228500.81959
24-02-2021 14:00, EG49, 65.04094, 975.81125, 1228565.86053
24-02-2021 15:00, EG49, 65.03809, 1040.84934, 1228630.89862
24-02-2021 16:00, EG49, 65.0322, 1105.88154, 1228695.93082
24-02-2021 17:00, EG49, 65.0299, 1170.91144, 1228760.96072
24-02-2021 18:00, EG49, 65.02586, 1235.9373, 1228825.98658
24-02-2021 19:00, EG49, 65.02119, 1300.95849, 1228891.00777
24-02-2021 20:00, EG49, 65.0098, 1365.96829, 1228956.01757
24-02-2021 21:00, EG49, 65.00356, 1430.97185, 1229021.02113
24-02-2021 22:00, EG49, 65.00037, 1495.97222, 1229086.0215
24-02-2021 23:00, EG49, 64.98417, 1560.95639, 1229151.00567
24-02-2021 00:00, EG59, 132.6959, 132.6959, 1945447.5619
24-02-2021 01:00, EG59, 132.7013, 265.3972, 1945580.2632
24-02-2021 02:00, EG59, 132.7106, 398.1078, 1945712.9738
24-02-2021 03:00, EG59, 132.7173, 530.8251, 1945845.6911
24-02-2021 04:00, EG59, 132.7217, 663.5468, 1945978.4128
24-02-2021 05:00, EG59, 132.727, 796.2738, 1946111.1398
24-02-2021 06:00, EG59, 132.7251, 928.9989, 1946243.8649
24-02-2021 07:00, EG59, 132.7271, 1061.726, 1946376.592
24-02-2021 08:00, EG59, 132.7313, 1194.4573, 1946509.3233
24-02-2021 09:00, EG59, 132.7348, 1327.1921, 1946642.0581
24-02-2021 10:00, EG59, 132.7369, 1459.929, 1946774.795
24-02-2021 11:00, EG59, 132.7413, 1592.6703, 1946907.5363
24-02-2021 12:00, EG59, 132.7464, 1725.4167, 1947040.2827
24-02-2021 13:00, EG59, 132.7529, 1858.1696, 1947173.0356
24-02-2021 14:00, EG59, 132.7608, 1990.9304, 1947305.7964
24-02-2021 15:00, EG59, 132.765, 2123.6954, 1947438.5614
24-02-2021 16:00, EG59, 132.7705, 2256.4659, 1947571.3319
24-02-2021 17:00, EG59, 132.7682, 2389.2341, 1947704.1001
24-02-2021 18:00, EG59, 132.7691, 2522.0032, 1947836.8692
24-02-2021 19:00, EG59, 132.767, 2654.7702, 1947969.6362
24-02-2021 20:00, EG59, 132.7649, 2787.5351, 1948102.4011
24-02-2021 21:00, EG59, 132.7644, 2920.2995, 1948235.1655
24-02-2021 22:00, EG59, 132.764, 3053.0635, 1948367.9295
24-02-2021 23:00, EG59, 132.7699, 3185.8334, 1948500.6994
24-02-2021 00:00, EG60, 65.54195, 65.54195, 5664148.04741002
24-02-2021 01:00, EG60, 65.53908, 131.08103, 5664213.58649002
24-02-2021 02:00, EG60, 65.53645, 196.61748, 5664279.12294002
24-02-2021 03:00, EG60, 65.53371, 262.15119, 5664344.65665002
24-02-2021 04:00, EG60, 65.52594, 327.67713, 5664410.18259002
24-02-2021 05:00, EG60, 65.51823, 393.19536, 5664475.70082002
24-02-2021 06:00, EG60, 65.50882, 458.70418, 5664541.20964002
24-02-2021 07:00, EG60, 65.49915, 524.20333, 5664606.70879002
24-02-2021 08:00, EG60, 65.49629, 589.69962, 5664672.20508002
24-02-2021 09:00, EG60, 65.4902, 655.18982, 5664737.69528002
24-02-2021 10:00, EG60, 65.50799, 720.69781, 5664803.20327002
24-02-2021 11:00, EG60, 65.50991, 786.20772, 5664868.71318002
24-02-2021 12:00, EG60, 65.50764, 851.71536, 5664934.22082002
24-02-2021 13:00, EG60, 65.5078, 917.22316, 5664999.72862002
24-02-2021 14:00, EG60, 65.50685, 982.73001, 5665065.23547002
24-02-2021 15:00, EG60, 65.50424, 1048.23425, 5665130.73971002
24-02-2021 16:00, EG60, 65.50046, 1113.73471, 5665196.24017002
24-02-2021 17:00, EG60, 65.49563, 1179.23034, 5665261.73580002
24-02-2021 18:00, EG60, 65.48662, 1244.71696, 5665327.22242002
24-02-2021 19:00, EG60, 65.47653, 1310.19349, 5665392.69895002
24-02-2021 20:00, EG60, 65.46712, 1375.66061, 5665458.16607002
24-02-2021 21:00, EG60, 65.46205, 1441.12266, 5665523.62812002
24-02-2021 22:00, EG60, 65.45058, 1506.57324, 5665589.07870002
24-02-2021 23:00, EG60, 65.44164, 1572.01488, 5665654.52034002
24-02-2021 00:00, NC83 Kolichestvo [liters/30min], 0, 0, 433596.114291153
24-02-2021 00:30, NC83 Kolichestvo [liters/30min], 0, 0, 433596.114291153
24-02-2021 01:00, NC83 Kolichestvo [liters/30min], 0, 0, 433596.114291153
24-02-2021 01:30, NC83 Kolichestvo [liters/30min], 0, 0, 433596.114291153
24-02-2021 02:00, NC83 Kolichestvo [liters/30min], 0, 0, 433596.114291153
24-02-2021 02:30, NC83 Kolichestvo [liters/30min], 0, 0, 433596.114291153
24-02-2021 03:00, NC83 Kolichestvo [liters/30min], 0, 0, 433596.114291153
24-02-2021 03:30, NC83 Kolichestvo [liters/30min], 0, 0, 433596.114291153
24-02-2021 04:00, NC83 Kolichestvo [liters/30min], 0, 0, 433596.114291153
24-02-2021 04:30, NC83 Kolichestvo [liters/30min], 0, 0, 433596.114291153
24-02-2021 05:00, NC83 Kolichestvo [liters/30min], 0, 0, 433596.114291153
24-02-2021 05:30, NC83 Kolichestvo [liters/30min], 0, 0, 433596.114291153
24-02-2021 06:00, NC83 Kolichestvo [liters/30min], 0, 0, 433596.114291153
24-02-2021 06:30, NC83 Kolichestvo [liters/30min], 0, 0, 433596.114291153
24-02-2021 07:00, NC83 Kolichestvo [liters/30min], 0, 0, 433596.114291153
24-02-2021 07:30, NC83 Kolichestvo [liters/30min], 0, 0, 433596.114291153
24-02-2021 08:00, NC83 Kolichestvo [liters/30min], 0, 0, 433596.114291153
24-02-2021 08:30, NC83 Kolichestvo [liters/30min], 0, 0, 433596.114291153
24-02-2021 09:00, NC83 Kolichestvo [liters/30min], 0, 0, 433596.114291153
24-02-2021 09:30, NC83 Kolichestvo [liters/30min], 0, 0, 433596.114291153
24-02-2021 10:00, NC83 Kolichestvo [liters/30min], 0, 0, 433596.114291153
24-02-2021 10:30, NC83 Kolichestvo [liters/30min], 0, 0, 433596.114291153
24-02-2021 11:00, NC83 Kolichestvo [liters/30min], 0, 0, 433596.114291153
24-02-2021 11:30, NC83 Kolichestvo [liters/30min], 0, 0, 433596.114291153
24-02-2021 12:00, NC83 Kolichestvo [liters/30min], 15.65251, 15.65251, 433611.766801153
24-02-2021 12:30, NC83 Kolichestvo [liters/30min], 0, 15.65251, 433611.766801153
24-02-2021 13:00, NC83 Kolichestvo [liters/30min], 0, 15.65251, 433611.766801153
24-02-2021 13:30, NC83 Kolichestvo [liters/30min], 0, 15.65251, 433611.766801153
24-02-2021 14:00, NC83 Kolichestvo [liters/30min], 0, 15.65251, 433611.766801153
24-02-2021 14:30, NC83 Kolichestvo [liters/30min], 0, 15.65251, 433611.766801153
24-02-2021 15:00, NC83 Kolichestvo [liters/30min], 15.38086, 31.03337, 433627.147661153
24-02-2021 15:30, NC83 Kolichestvo [liters/30min], 0, 31.03337, 433627.147661153
24-02-2021 16:00, NC83 Kolichestvo [liters/30min], 0, 31.03337, 433627.147661153
24-02-2021 16:30, NC83 Kolichestvo [liters/30min], 0, 31.03337, 433627.147661153
24-02-2021 17:00, NC83 Kolichestvo [liters/30min], 0, 31.03337, 433627.147661153
24-02-2021 17:30, NC83 Kolichestvo [liters/30min], 0, 31.03337, 433627.147661153
24-02-2021 18:00, NC83 Kolichestvo [liters/30min], 0, 31.03337, 433627.147661153
24-02-2021 18:30, NC83 Kolichestvo [liters/30min], 0, 31.03337, 433627.147661153
24-02-2021 19:00, NC83 Kolichestvo [liters/30min], 0, 31.03337, 433627.147661153
24-02-2021 19:30, NC83 Kolichestvo [liters/30min], 0, 31.03337, 433627.147661153
24-02-2021 20:00, NC83 Kolichestvo [liters/30min], 0, 31.03337, 433627.147661153
24-02-2021 20:30, NC83 Kolichestvo [liters/30min], 0, 31.03337, 433627.147661153
24-02-2021 21:00, NC83 Kolichestvo [liters/30min], 0, 31.03337, 433627.147661153
24-02-2021 21:30, NC83 Kolichestvo [liters/30min], 0, 31.03337, 433627.147661153
24-02-2021 22:00, NC83 Kolichestvo [liters/30min], 0, 31.03337, 433627.147661153
24-02-2021 22:30, NC83 Kolichestvo [liters/30min], 0, 31.03337, 433627.147661153
24-02-2021 23:00, NC83 Kolichestvo [liters/30min], 0, 31.03337, 433627.147661153
24-02-2021 00:00, NC84 Kolichestvo [liters/30min], 36.41839, 36.41839, 252918.358992958
24-02-2021 00:30, NC84 Kolichestvo [liters/30min], 36.16819, 72.58658, 252954.527182958
24-02-2021 01:00, NC84 Kolichestvo [liters/30min], 36.86385, 109.45043, 252991.391032958
24-02-2021 01:30, NC84 Kolichestvo [liters/30min], 37.14237, 146.5928, 253028.533402958
24-02-2021 02:00, NC84 Kolichestvo [liters/30min], 37.72945, 184.32225, 253066.262852958
24-02-2021 02:30, NC84 Kolichestvo [liters/30min], 34.0353, 218.35755, 253100.298152958
24-02-2021 03:00, NC84 Kolichestvo [liters/30min], 36.16133, 254.51888, 253136.459482958
24-02-2021 03:30, NC84 Kolichestvo [liters/30min], 36.32054, 290.83942, 253172.780022958
24-02-2021 04:00, NC84 Kolichestvo [liters/30min], 34.97343, 325.81285, 253207.753452958
24-02-2021 04:30, NC84 Kolichestvo [liters/30min], 37.63504, 363.44789, 253245.388492958
24-02-2021 05:00, NC84 Kolichestvo [liters/30min], 35.87852, 399.32641, 253281.267012958
24-02-2021 05:30, NC84 Kolichestvo [liters/30min], 29.19016, 428.51657, 253310.457172958
24-02-2021 06:00, NC84 Kolichestvo [liters/30min], 32.77531, 461.29188, 253343.232482958
24-02-2021 06:30, NC84 Kolichestvo [liters/30min], 34.14774, 495.43962, 253377.380222958
24-02-2021 07:00, NC84 Kolichestvo [liters/30min], 30.6819, 526.12152, 253408.062122958
24-02-2021 07:30, NC84 Kolichestvo [liters/30min], 32.87315, 558.99467, 253440.935272958
24-02-2021 08:00, NC84 Kolichestvo [liters/30min], 32.25002, 591.24469, 253473.185292958
24-02-2021 08:30, NC84 Kolichestvo [liters/30min], 31.35567, 622.60036, 253504.540962958
24-02-2021 09:00, NC84 Kolichestvo [liters/30min], 31.56552, 654.16588, 253536.106482958
24-02-2021 09:30, NC84 Kolichestvo [liters/30min], 29.02708, 683.19296, 253565.133562958
24-02-2021 10:00, NC84 Kolichestvo [liters/30min], 31.95691, 715.14987, 253597.090472958
24-02-2021 10:30, NC84 Kolichestvo [liters/30min], 30.43213, 745.582, 253627.522602958
24-02-2021 11:00, NC84 Kolichestvo [liters/30min], 26.79248, 772.37448, 253654.315082958
24-02-2021 11:30, NC84 Kolichestvo [liters/30min], 26.8002, 799.17468, 253681.115282958
24-02-2021 12:00, NC84 Kolichestvo [liters/30min], 24.79005, 823.96473, 253705.905332958
24-02-2021 12:30, NC84 Kolichestvo [liters/30min], 22.79835, 846.76308, 253728.703682958
24-02-2021 13:00, NC84 Kolichestvo [liters/30min], 24.90592, 871.669, 253753.609602958
24-02-2021 13:30, NC84 Kolichestvo [liters/30min], 26.0612, 897.7302, 253779.670802958
24-02-2021 14:00, NC84 Kolichestvo [liters/30min], 27.49157, 925.22177, 253807.162372958
24-02-2021 14:30, NC84 Kolichestvo [liters/30min], 26.47405, 951.69582, 253833.636422958
24-02-2021 15:00, NC84 Kolichestvo [liters/30min], 26.78905, 978.48487, 253860.425472958
24-02-2021 15:30, NC84 Kolichestvo [liters/30min], 24.73555, 1003.22042, 253885.161022958
24-02-2021 16:00, NC84 Kolichestvo [liters/30min], 25.43464, 1028.65506, 253910.595662958
24-02-2021 16:30, NC84 Kolichestvo [liters/30min], 25.70629, 1054.36135, 253936.301952958
24-02-2021 17:00, NC84 Kolichestvo [liters/30min], 20.65473, 1075.01608, 253956.956682958
24-02-2021 17:30, NC84 Kolichestvo [liters/30min], 23.83389, 1098.84997, 253980.790572958
24-02-2021 18:00, NC84 Kolichestvo [liters/30min], 21.94734, 1120.79731, 254002.737912958
24-02-2021 18:30, NC84 Kolichestvo [liters/30min], 20.12215, 1140.91946, 254022.860062958
24-02-2021 19:00, NC84 Kolichestvo [liters/30min], 21.28816, 1162.20762, 254044.148222958
24-02-2021 19:30, NC84 Kolichestvo [liters/30min], 18.63728, 1180.8449, 254062.785502958
24-02-2021 20:00, NC84 Kolichestvo [liters/30min], 20.05348, 1200.89838, 254082.838982958
24-02-2021 20:30, NC84 Kolichestvo [liters/30min], 18.3948, 1219.29318, 254101.233782958
24-02-2021 21:00, NC84 Kolichestvo [liters/30min], 17.19232, 1236.4855, 254118.426102958
24-02-2021 21:30, NC84 Kolichestvo [liters/30min], 17.61632, 1254.10182, 254136.042422958
24-02-2021 22:00, NC84 Kolichestvo [liters/30min], 16.56961, 1270.67143, 254152.612032958
24-02-2021 22:30, NC84 Kolichestvo [liters/30min], 16.99705, 1287.66848, 254169.609082958
24-02-2021 23:00, NC84 Kolichestvo [liters/30min], 17.57298, 1305.24146, 254187.182062958
24-02-2021 00:00, EG47 LOT, 127.0262, 127.0262, 1266357.62867
24-02-2021 01:00, EG47 LOT, 126.9853, 254.0115, 1266484.61397
24-02-2021 02:00, EG47 LOT, 126.9954, 381.0069, 1266611.60937
24-02-2021 03:00, EG47 LOT, 126.9962, 508.0031, 1266738.60557
24-02-2021 04:00, EG47 LOT, 127.0079, 635.011, 1266865.61347
24-02-2021 05:00, EG47 LOT, 127.0235, 762.0345, 1266992.63697
24-02-2021 06:00, EG47 LOT, 127.003, 889.0375, 1267119.63997
24-02-2021 07:00, EG47 LOT, 126.9745, 1016.012, 1267246.61447
24-02-2021 08:00, EG47 LOT, 126.9818, 1142.9938, 1267373.59627
24-02-2021 09:00, EG47 LOT, 126.9568, 1269.9506, 1267500.55307
24-02-2021 10:00, EG47 LOT, 126.9673, 1396.9179, 1267627.52037
24-02-2021 11:00, EG47 LOT, 126.9691, 1523.887, 1267754.48947
24-02-2021 12:00, EG47 LOT, 126.9835, 1650.8705, 1267881.47297
24-02-2021 13:00, EG47 LOT, 126.9822, 1777.8527, 1268008.45517
24-02-2021 14:00, EG47 LOT, 127.0035, 1904.8562, 1268135.45867
24-02-2021 15:00, EG47 LOT, 126.9853, 2031.8415, 1268262.44397
24-02-2021 16:00, EG47 LOT, 126.9708, 2158.8123, 1268389.41477
24-02-2021 17:00, EG47 LOT, 127.0067, 2285.819, 1268516.42147
24-02-2021 18:00, EG47 LOT, 127.003, 2412.822, 1268643.42447
24-02-2021 19:00, EG47 LOT, 127.0032, 2539.8252, 1268770.42767
24-02-2021 20:00, EG47 LOT, 126.979, 2666.8042, 1268897.40667
24-02-2021 21:00, EG47 LOT, 126.963, 2793.7672, 1269024.36967
24-02-2021 22:00, EG47 LOT, 126.9817, 2920.7489, 1269151.35137
24-02-2021 23:00, EG47 LOT, 126.9814, 3047.7303, 1269278.33277
24-02-2021 00:00, EG50 LOT, 67.48898, 67.48898, 762490.57138
24-02-2021 01:00, EG50 LOT, 67.4932, 134.98218, 762558.06458
24-02-2021 02:00, EG50 LOT, 67.51, 202.49218, 762625.57458
24-02-2021 03:00, EG50 LOT, 67.50234, 269.99452, 762693.07692
24-02-2021 04:00, EG50 LOT, 67.51479, 337.50931, 762760.59171
24-02-2021 05:00, EG50 LOT, 67.51894, 405.02825, 762828.11065
24-02-2021 06:00, EG50 LOT, 67.52027, 472.54852, 762895.63092
24-02-2021 07:00, EG50 LOT, 67.52217, 540.07069, 762963.15309
24-02-2021 08:00, EG50 LOT, 67.50529, 607.57598, 763030.65838
24-02-2021 09:00, EG50 LOT, 67.44547, 675.02145, 763098.10385
24-02-2021 10:00, EG50 LOT, 67.40265, 742.4241, 763165.5065
24-02-2021 11:00, EG50 LOT, 67.44216, 809.86626, 763232.94866
24-02-2021 12:00, EG50 LOT, 67.48203, 877.34829, 763300.43069
24-02-2021 13:00, EG50 LOT, 67.51008, 944.85837, 763367.94077
24-02-2021 14:00, EG50 LOT, 67.52274, 1012.38111, 763435.46351
24-02-2021 15:00, EG50 LOT, 67.53905, 1079.92016, 763503.00256
24-02-2021 16:00, EG50 LOT, 67.55121, 1147.47137, 763570.55377
24-02-2021 17:00, EG50 LOT, 67.5576, 1215.02897, 763638.11137
24-02-2021 18:00, EG50 LOT, 67.56773, 1282.5967, 763705.6791
24-02-2021 19:00, EG50 LOT, 67.58235, 1350.17905, 763773.26145
24-02-2021 20:00, EG50 LOT, 67.59438, 1417.77343, 763840.85583
24-02-2021 21:00, EG50 LOT, 67.61427, 1485.3877, 763908.4701
24-02-2021 22:00, EG50 LOT, 67.63937, 1553.02707, 763976.10947
24-02-2021 23:00, EG50 LOT, 67.63473, 1620.6618, 764043.7442
24-02-2021 00:00, EG58 LOT, 59.32078, 59.32078, 778643.198800001
24-02-2021 01:00, EG58 LOT, 59.31241, 118.63319, 778702.511210001
24-02-2021 02:00, EG58 LOT, 59.30743, 177.94062, 778761.818640001
24-02-2021 03:00, EG58 LOT, 59.29729, 237.23791, 778821.115930001
24-02-2021 04:00, EG58 LOT, 59.29632, 296.53423, 778880.412250001
24-02-2021 05:00, EG58 LOT, 59.29385, 355.82808, 778939.706100001
24-02-2021 06:00, EG58 LOT, 59.29484, 415.12292, 778999.000940001
24-02-2021 07:00, EG58 LOT, 59.30025, 474.42317, 779058.301190001
24-02-2021 08:00, EG58 LOT, 59.30637, 533.72954, 779117.607560001
24-02-2021 09:00, EG58 LOT, 59.31094, 593.04048, 779176.918500001
24-02-2021 10:00, EG58 LOT, 59.30904, 652.34952, 779236.227540001
24-02-2021 11:00, EG58 LOT, 59.30791, 711.65743, 779295.535450001
24-02-2021 12:00, EG58 LOT, 59.30553, 770.96296, 779354.840980001
24-02-2021 13:00, EG58 LOT, 59.30123, 830.26419, 779414.142210001
24-02-2021 14:00, EG58 LOT, 59.29217, 889.55636, 779473.434380001
24-02-2021 15:00, EG58 LOT, 59.28781, 948.84417, 779532.722190001
24-02-2021 16:00, EG58 LOT, 59.28268, 1008.12685, 779592.004870001
24-02-2021 17:00, EG58 LOT, 59.28752, 1067.41437, 779651.292390001
24-02-2021 18:00, EG58 LOT, 59.29491, 1126.70928, 779710.587300001
24-02-2021 19:00, EG58 LOT, 59.29864, 1186.00792, 779769.885940001
24-02-2021 20:00, EG58 LOT, 59.30686, 1245.31478, 779829.192800001
24-02-2021 21:00, EG58 LOT, 59.30932, 1304.6241, 779888.502120001
24-02-2021 22:00, EG58 LOT, 59.31726, 1363.94136, 779947.819380001
24-02-2021 23:00, EG58 LOT, 59.31389, 1423.25525, 780007.133270001
24-02-2021 00:00, SK33 Kolichestvo [liters/30min], 389.5215, 389.5215, 10839314.5618854
24-02-2021 00:30, SK33 Kolichestvo [liters/30min], 385.3545, 774.876, 10839699.9163854
24-02-2021 01:00, SK33 Kolichestvo [liters/30min], 384.2867, 1159.1627, 10840084.2030854
24-02-2021 01:30, SK33 Kolichestvo [liters/30min], 389.8151, 1548.9778, 10840474.0181854
24-02-2021 02:00, SK33 Kolichestvo [liters/30min], 387.2591, 1936.2369, 10840861.2772854
24-02-2021 02:30, SK33 Kolichestvo [liters/30min], 390.6077, 2326.8446, 10841251.8849854
24-02-2021 03:00, SK33 Kolichestvo [liters/30min], 393.5367, 2720.3813, 10841645.4216854
24-02-2021 03:30, SK33 Kolichestvo [liters/30min], 384.4966, 3104.8779, 10842029.9182854
24-02-2021 04:00, SK33 Kolichestvo [liters/30min], 387.2518, 3492.1297, 10842417.1700854
24-02-2021 04:30, SK33 Kolichestvo [liters/30min], 388.4534, 3880.5831, 10842805.6234854
24-02-2021 05:00, SK33 Kolichestvo [liters/30min], 383.7035, 4264.2866, 10843189.3269854
24-02-2021 05:30, SK33 Kolichestvo [liters/30min], 382.1431, 4646.4297, 10843571.4700854
24-02-2021 06:00, SK33 Kolichestvo [liters/30min], 385.2751, 5031.7048, 10843956.7451854
24-02-2021 06:30, SK33 Kolichestvo [liters/30min], 384.7103, 5416.4151, 10844341.4554854
24-02-2021 07:00, SK33 Kolichestvo [liters/30min], 385.242, 5801.6571, 10844726.6974854
24-02-2021 07:30, SK33 Kolichestvo [liters/30min], 377.4765, 6179.1336, 10845104.1739854
24-02-2021 08:00, SK33 Kolichestvo [liters/30min], 376.5066, 6555.6402, 10845480.6805854
24-02-2021 08:30, SK33 Kolichestvo [liters/30min], 382.9508, 6938.591, 10845863.6313854
24-02-2021 09:00, SK33 Kolichestvo [liters/30min], 0.4506111, 6939.0416111, 10845864.0819965
24-02-2021 09:30, SK33 Kolichestvo [liters/30min], 1.014948, 6940.0565591, 10845865.0969445
24-02-2021 10:00, SK33 Kolichestvo [liters/30min], 0.6892204, 6940.7457795, 10845865.7861649
24-02-2021 10:30, SK33 Kolichestvo [liters/30min], 0.5806446, 6941.3264241, 10845866.3668095
24-02-2021 11:00, SK33 Kolichestvo [liters/30min], 0.6385803, 6941.9650044, 10845867.0053898
24-02-2021 11:30, SK33 Kolichestvo [liters/30min], 456.8823, 7398.8473044, 10846323.8876898
24-02-2021 12:00, SK33 Kolichestvo [liters/30min], 430.0375, 7828.8848044, 10846753.9251898
24-02-2021 12:30, SK33 Kolichestvo [liters/30min], 419.1181, 8248.0029044, 10847173.0432898
24-02-2021 13:00, SK33 Kolichestvo [liters/30min], 405.9109, 8653.9138044, 10847578.9541898
24-02-2021 13:30, SK33 Kolichestvo [liters/30min], 404.4192, 9058.3330044, 10847983.3733898
24-02-2021 14:00, SK33 Kolichestvo [liters/30min], 398.5836, 9456.9166044, 10848381.9569898
24-02-2021 14:30, SK33 Kolichestvo [liters/30min], 396.4472, 9853.3638044, 10848778.4041898
24-02-2021 15:00, SK33 Kolichestvo [liters/30min], 394.8727, 10248.2365044, 10849173.2768898
24-02-2021 15:30, SK33 Kolichestvo [liters/30min], 386.2308, 10634.4673044, 10849559.5076898
24-02-2021 16:00, SK33 Kolichestvo [liters/30min], 388.0298, 11022.4971044, 10849947.5374898
24-02-2021 16:30, SK33 Kolichestvo [liters/30min], 385.6948, 11408.1919044, 10850333.2322898
24-02-2021 17:00, SK33 Kolichestvo [liters/30min], 387.4758, 11795.6677044, 10850720.7080898
24-02-2021 17:30, SK33 Kolichestvo [liters/30min], 388.4753, 12184.1430044, 10851109.1833898
24-02-2021 18:00, SK33 Kolichestvo [liters/30min], 388.9675, 12573.1105044, 10851498.1508898
24-02-2021 18:30, SK33 Kolichestvo [liters/30min], 385.0974, 12958.2079044, 10851883.2482898
24-02-2021 19:00, SK33 Kolichestvo [liters/30min], 382.9649, 13341.1728044, 10852266.2131898
24-02-2021 19:30, SK33 Kolichestvo [liters/30min], 379.8261, 13720.9989044, 10852646.0392898
24-02-2021 20:00, SK33 Kolichestvo [liters/30min], 377.18, 14098.1789044, 10853023.2192898
24-02-2021 20:30, SK33 Kolichestvo [liters/30min], 378.6459, 14476.8248044, 10853401.8651898
24-02-2021 21:00, SK33 Kolichestvo [liters/30min], 378.4434, 14855.2682044, 10853780.3085898
24-02-2021 21:30, SK33 Kolichestvo [liters/30min], 375.9127, 15231.1809044, 10854156.2212898
24-02-2021 22:00, SK33 Kolichestvo [liters/30min], 377.5743, 15608.7552044, 10854533.7955898
24-02-2021 22:30, SK33 Kolichestvo [liters/30min], 378.3421, 15987.0973044, 10854912.1376898
24-02-2021 23:00, SK33 Kolichestvo [liters/30min], 374.6492, 16361.7465044, 10855286.7868898
24-02-2021 00:00, SK33 LOT, 137.248, 137.248, 3192650.94346404
24-02-2021 00:30, SK33 LOT, 137.2047, 274.4527, 3192788.14816404
24-02-2021 01:00, SK33 LOT, 136.9081, 411.3608, 3192925.05626404
24-02-2021 01:30, SK33 LOT, 136.8661, 548.2269, 3193061.92236404
24-02-2021 02:00, SK33 LOT, 136.7002, 684.9271, 3193198.62256404
24-02-2021 02:30, SK33 LOT, 136.5175, 821.4446, 3193335.14006404
24-02-2021 03:00, SK33 LOT, 136.527, 957.9716, 3193471.66706404
24-02-2021 03:30, SK33 LOT, 136.3145, 1094.2861, 3193607.98156404
24-02-2021 04:00, SK33 LOT, 136.2998, 1230.5859, 3193744.28136404
24-02-2021 04:30, SK33 LOT, 136.1256, 1366.7115, 3193880.40696404
24-02-2021 05:00, SK33 LOT, 135.8896, 1502.6011, 3194016.29656404
24-02-2021 05:30, SK33 LOT, 135.6569, 1638.258, 3194151.95346404
24-02-2021 06:00, SK33 LOT, 135.5051, 1773.7631, 3194287.45856404
24-02-2021 06:30, SK33 LOT, 135.4533, 1909.2164, 3194422.91186404
24-02-2021 07:00, SK33 LOT, 135.4211, 2044.6375, 3194558.33296404
24-02-2021 07:30, SK33 LOT, 135.1987, 2179.8362, 3194693.53166404
24-02-2021 08:00, SK33 LOT, 134.8768, 2314.713, 3194828.40846404
24-02-2021 08:30, SK33 LOT, 134.642, 2449.355, 3194963.05046404
24-02-2021 09:00, SK33 LOT, 116.8755, 2566.2305, 3195079.92596404
24-02-2021 09:30, SK33 LOT, 106.5089, 2672.7394, 3195186.43486404
24-02-2021 10:00, SK33 LOT, 101.3637, 2774.1031, 3195287.79856404
24-02-2021 10:30, SK33 LOT, 96.85589, 2870.95899, 3195384.65445404
24-02-2021 11:00, SK33 LOT, 92.65672, 2963.61571, 3195477.31117404
24-02-2021 11:30, SK33 LOT, 112.06, 3075.67571, 3195589.37117404
24-02-2021 12:00, SK33 LOT, 116.0532, 3191.72891, 3195705.42437404
24-02-2021 12:30, SK33 LOT, 119.2167, 3310.94561, 3195824.64107404
24-02-2021 13:00, SK33 LOT, 121.4448, 3432.39041, 3195946.08587404
24-02-2021 13:30, SK33 LOT, 123.0488, 3555.43921, 3196069.13467404
24-02-2021 14:00, SK33 LOT, 124.2171, 3679.65631, 3196193.35177404
24-02-2021 14:30, SK33 LOT, 125.2629, 3804.91921, 3196318.61467404
24-02-2021 15:00, SK33 LOT, 126.0822, 3931.00141, 3196444.69687404
24-02-2021 15:30, SK33 LOT, 126.6448, 4057.64621, 3196571.34167404
24-02-2021 16:00, SK33 LOT, 127.0538, 4184.70001, 3196698.39547404
24-02-2021 16:30, SK33 LOT, 127.3502, 4312.05021, 3196825.74567404
24-02-2021 17:00, SK33 LOT, 127.6944, 4439.74461, 3196953.44007404
24-02-2021 17:30, SK33 LOT, 127.9018, 4567.64641, 3197081.34187404
24-02-2021 18:00, SK33 LOT, 128.21, 4695.85641, 3197209.55187404
24-02-2021 18:30, SK33 LOT, 128.4692, 4824.32561, 3197338.02107404
24-02-2021 19:00, SK33 LOT, 128.5675, 4952.89311, 3197466.58857404
24-02-2021 19:30, SK33 LOT, 128.5547, 5081.44781, 3197595.14327404
24-02-2021 20:00, SK33 LOT, 128.6795, 5210.12731, 3197723.82277404
24-02-2021 20:30, SK33 LOT, 128.6429, 5338.77021, 3197852.46567404
24-02-2021 21:00, SK33 LOT, 128.6869, 5467.45711, 3197981.15257404
24-02-2021 21:30, SK33 LOT, 128.5949, 5596.05201, 3198109.74747404
24-02-2021 22:00, SK33 LOT, 128.6099, 5724.66191, 3198238.35737404
24-02-2021 22:30, SK33 LOT, 128.516, 5853.17791, 3198366.87337404
24-02-2021 23:00, SK33 LOT, 128.6375, 5981.81541, 3198495.51087404
24-02-2021 00:00, EG-61, 141.561, 141.561, 62966.748
24-02-2021 02:00, EG-61, 141.599, 283.16, 63108.347
24-02-2021 04:00, EG-61, 141.621, 424.781, 63249.968
24-02-2021 06:00, EG-61, 141.654, 566.435, 63391.622
24-02-2021 08:00, EG-61, 141.655, 708.09, 63533.277
24-02-2021 10:00, EG-61, 141.63, 849.72, 63674.907
24-02-2021 12:00, EG-61, 141.627, 991.347, 63816.534
24-02-2021 14:00, EG-61, 141.674, 1133.021, 63958.208
24-02-2021 16:00, EG-61, 141.752, 1274.773, 64099.96
24-02-2021 18:00, EG-61, 141.713, 1416.486, 64241.673
24-02-2021 20:00, EG-61, 141.757, 1558.243, 64383.43
24-02-2021 22:00, EG-61, 141.763, 1700.006, 64525.193
24-02-2021 00:00, EG-67, 63.356, 63.356, 44469.055
24-02-2021 02:00, EG-67, 63.305, 126.661, 44532.36
24-02-2021 04:00, EG-67, 63.281, 189.942, 44595.641
24-02-2021 06:00, EG-67, 63.241, 253.183, 44658.882
24-02-2021 08:00, EG-67, 63.22, 316.403, 44722.102
24-02-2021 10:00, EG-67, 63.174, 379.577, 44785.276
24-02-2021 12:00, EG-67, 63.134, 442.711, 44848.41
24-02-2021 14:00, EG-67, 63.094, 505.805, 44911.504
24-02-2021 16:00, EG-67, 63.08, 568.885, 44974.584
24-02-2021 18:00, EG-67, 63.041, 631.926, 45037.625
24-02-2021 20:00, EG-67, 63.012, 694.938, 45100.637
24-02-2021 22:00, EG-67, 62.978, 757.916, 45163.615
24-02-2021 00:00, SK 40 LOT, 125.349, 125.349, 1310502.196
24-02-2021 01:00, SK 40 LOT, 125.387, 250.736, 1310627.583
24-02-2021 02:00, SK 40 LOT, 125.349, 376.085, 1310752.932
24-02-2021 03:00, SK 40 LOT, 125.396, 501.481, 1310878.328
24-02-2021 04:00, SK 40 LOT, 125.408, 626.889, 1311003.736
24-02-2021 05:00, SK 40 LOT, 125.419, 752.308, 1311129.155
24-02-2021 06:00, SK 40 LOT, 125.451, 877.759, 1311254.606
24-02-2021 07:00, SK 40 LOT, 125.439, 1003.198, 1311380.045
24-02-2021 08:00, SK 40 LOT, 119.535, 1122.733, 1311499.58
24-02-2021 09:00, SK 40 LOT, 125.232, 1247.965, 1311624.812
24-02-2021 10:00, SK 40 LOT, 125.322, 1373.287, 1311750.134
24-02-2021 11:00, SK 40 LOT, 125.356, 1498.643, 1311875.49
24-02-2021 12:00, SK 40 LOT, 125.428, 1624.071, 1312000.918
24-02-2021 13:00, SK 40 LOT, 125.441, 1749.512, 1312126.359
24-02-2021 14:00, SK 40 LOT, 125.483, 1874.995, 1312251.842
24-02-2021 15:00, SK 40 LOT, 125.53, 2000.525, 1312377.372
24-02-2021 16:00, SK 40 LOT, 125.538, 2126.063, 1312502.91
24-02-2021 17:00, SK 40 LOT, 125.556, 2251.619, 1312628.466
24-02-2021 18:00, SK 40 LOT, 125.612, 2377.231, 1312754.078
24-02-2021 19:00, SK 40 LOT, 125.612, 2502.843, 1312879.69
24-02-2021 20:00, SK 40 LOT, 125.661, 2628.504, 1313005.351
24-02-2021 21:00, SK 40 LOT, 125.629, 2754.133, 1313130.98
24-02-2021 22:00, SK 40 LOT, 125.674, 2879.807, 1313256.654
24-02-2021 23:00, SK 40 LOT, 125.656, 3005.463, 1313382.31
24-02-2021 00:00, EG-68, 37.56, 37.56, 17697.883
24-02-2021 02:00, EG-68, 37.528, 75.088, 17735.411
24-02-2021 04:00, EG-68, 37.49, 112.578, 17772.901
24-02-2021 06:00, EG-68, 37.485, 150.063, 17810.386
24-02-2021 08:00, EG-68, 37.491, 187.554, 17847.877
24-02-2021 10:00, EG-68, 37.501, 225.055, 17885.378
24-02-2021 12:00, EG-68, 37.51, 262.565, 17922.888
24-02-2021 14:00, EG-68, 37.492, 300.057, 17960.38
24-02-2021 16:00, EG-68, 37.481, 337.538, 17997.861
24-02-2021 18:00, EG-68, 37.499, 375.037, 18035.36
24-02-2021 20:00, EG-68, 37.5, 412.537, 18072.86
24-02-2021 22:00, EG-68, 37.51, 450.047, 18110.37
24-02-2021 00:00, SK 39 LOT, 137.501, 137.501, 71799.3329999999
24-02-2021 01:00, SK 39 LOT, 137.194, 274.695, 71936.5269999999
24-02-2021 02:00, SK 39 LOT, 137.851, 412.546, 72074.3779999999
24-02-2021 03:00, SK 39 LOT, 138.291, 550.837, 72212.6689999998
24-02-2021 04:00, SK 39 LOT, 138.377, 689.214, 72351.0459999998
24-02-2021 05:00, SK 39 LOT, 138.551, 827.765, 72489.5969999998
24-02-2021 06:00, SK 39 LOT, 138.68, 966.445, 72628.2769999998
24-02-2021 07:00, SK 39 LOT, 139.289, 1105.734, 72767.5659999998
24-02-2021 08:00, SK 39 LOT, 138.936, 1244.67, 72906.5019999998
24-02-2021 09:00, SK 39 LOT, 104.922, 1349.592, 73011.4239999999
24-02-2021 10:00, SK 39 LOT, 51.79, 1401.382, 73063.2139999998
24-02-2021 11:00, SK 39 LOT, 47.132, 1448.514, 73110.3459999998
24-02-2021 12:00, SK 39 LOT, 45.601, 1494.115, 73155.9469999998
24-02-2021 13:00, SK 39 LOT, 45.877, 1539.992, 73201.8239999998
24-02-2021 14:00, SK 39 LOT, 46.313, 1586.305, 73248.1369999998
24-02-2021 15:00, SK 39 LOT, 46.667, 1632.972, 73294.8039999998
24-02-2021 16:00, SK 39 LOT, 48.753, 1681.725, 73343.5569999998
24-02-2021 17:00, SK 39 LOT, 50.171, 1731.896, 73393.7279999998
24-02-2021 18:00, SK 39 LOT, 51.473, 1783.369, 73445.2009999998
24-02-2021 19:00, SK 39 LOT, 53.887, 1837.256, 73499.0879999998
24-02-2021 20:00, SK 39 LOT, 54.082, 1891.338, 73553.1699999998
24-02-2021 21:00, SK 39 LOT, 53.996, 1945.334, 73607.1659999998
24-02-2021 22:00, SK 39 LOT, 53.871, 1999.205, 73661.0369999998
24-02-2021 23:00, SK 39 LOT, 53.745, 2052.95, 73714.7819999998
24-02-2021 00:00, SK 38 LOT, 81.435, 81.435, 50042.572
24-02-2021 01:00, SK 38 LOT, 81.422, 162.857, 50123.994
24-02-2021 02:00, SK 38 LOT, 81.411, 244.268, 50205.405
24-02-2021 03:00, SK 38 LOT, 81.491, 325.759, 50286.896
24-02-2021 04:00, SK 38 LOT, 81.489, 407.248, 50368.385
24-02-2021 05:00, SK 38 LOT, 81.621, 488.869, 50450.006
24-02-2021 06:00, SK 38 LOT, 81.817, 570.686, 50531.823
24-02-2021 07:00, SK 38 LOT, 81.827, 652.513, 50613.65
24-02-2021 08:00, SK 38 LOT, 12.737, 665.25, 50626.387
24-02-2021 09:00, SK 38 LOT, 4.027, 669.277, 50630.414
24-02-2021 10:00, SK 38 LOT, 50.313, 719.59, 50680.727
24-02-2021 11:00, SK 38 LOT, 69.871, 789.461, 50750.598
24-02-2021 12:00, SK 38 LOT, 73.696, 863.157, 50824.294
24-02-2021 13:00, SK 38 LOT, 75.291, 938.448, 50899.585
24-02-2021 14:00, SK 38 LOT, 76.276, 1014.724, 50975.861
24-02-2021 15:00, SK 38 LOT, 77.11, 1091.834, 51052.971
24-02-2021 16:00, SK 38 LOT, 77.664, 1169.498, 51130.635
24-02-2021 17:00, SK 38 LOT, 78.088, 1247.586, 51208.723
24-02-2021 18:00, SK 38 LOT, 78.698, 1326.284, 51287.421
24-02-2021 19:00, SK 38 LOT, 79.033, 1405.317, 51366.454
24-02-2021 20:00, SK 38 LOT, 78.906, 1484.223, 51445.36
24-02-2021 21:00, SK 38 LOT, 79.217, 1563.44, 51524.577
24-02-2021 22:00, SK 38 LOT, 79.461, 1642.901, 51604.038
24-02-2021 23:00, SK 38 LOT, 79.434, 1722.335, 51683.472
